model,model_name,sku,status,brand,category,article_number,article_name,ean,qty,price,size,color,name_en,short_desc_en,full_description_en,image
B2B-APRN,B2B Apron with pocket Ramsey,B2B-APRNBL,1,Back To Basics,,B2B-APRNBL,B2B Apron with pocket Ramsey,"6,10E+12",1,"1,2",one size,black,Apron with pocket Ramsey black one size,Apron with pocket Ramsey black one size,"Deze halterschort is duurzaam geproduceerd en ontwikkeld voor de horeca-sector en de hobby-kok. Zware kwaliteit.<br/><br/>- Dubbel gestikte naden en 60°C wasbaar.<br/>- Verstelbare gesp in de nek voor meer comfort. Rugsluiting d.m.v. een lint.<br/>- Grote, dubbele zak vooraan.<br/>- Duurzaam 225-grams halterschort, vervaardigd uit 35% voorgekrompen katoen en 65% gerecycled polyester. <br/>- Geschikt voor zowel thuis als in de horeca.<br/>- Beschikbaar in één maat (LxB 90x75cm). <br/>- Dit artikel heeft een merklabel.",https://tghimages.nl/B2B_APRN_BLACK_FRONT.JPG
B2B-APRN,B2B Apron with pocket Ramsey,B2B-APRNGR,1,Back To Basics,,B2B-APRNGR,B2B Apron with pocket Ramsey,"6,10E+12",1,"1,3",one size,grey,Apron with pocket Ramsey grey one size,Apron with pocket Ramsey grey one size,"Deze halterschort is duurzaam geproduceerd en ontwikkeld voor de horeca-sector en de hobby-kok. Zware kwaliteit.<br/><br/>- Dubbel gestikte naden en 60°C wasbaar.<br/>- Verstelbare gesp in de nek voor meer comfort. Rugsluiting d.m.v. een lint.<br/>- Grote, dubbele zak vooraan.<br/>- Duurzaam 225-grams halterschort, vervaardigd uit 35% voorgekrompen katoen en 65% gerecycled polyester. <br/>- Geschikt voor zowel thuis als in de horeca.<br/>- Beschikbaar in één maat (LxB 90x75cm). <br/>- Dit artikel heeft een merklabel.",https://tghimages.nl/B2B_APRN_GREY_FRONT.JPG
B2B-APRN,B2B Apron with pocket Ramsey,B2B-APRNNA,1,Back To Basics,,B2B-APRNNA,B2B Apron with pocket Ramsey,"6,10E+12",1,"1,4",one size,navy,Apron with pocket Ramsey navy one size,Apron with pocket Ramsey navy one size,"Deze halterschort is duurzaam geproduceerd en ontwikkeld voor de horeca-sector en de hobby-kok. Zware kwaliteit.<br/><br/>- Dubbel gestikte naden en 60°C wasbaar.<br/>- Verstelbare gesp in de nek voor meer comfort. Rugsluiting d.m.v. een lint.<br/>- Grote, dubbele zak vooraan.<br/>- Duurzaam 225-grams halterschort, vervaardigd uit 35% voorgekrompen katoen en 65% gerecycled polyester. <br/>- Geschikt voor zowel thuis als in de horeca.<br/>- Beschikbaar in één maat (LxB 90x75cm). <br/>- Dit artikel heeft een merklabel.",https://tghimages.nl/B2B_APRN_NAVY_FRONT.JPG
B2B-BEA,B2B Beanie Sammy,B2B-BEABL,1,Back To Basics,,B2B-BEABL,B2B Beanie Sammy,"6,10E+12",1,"1,5",one size,black,Beanie Sammy black one size,Beanie Sammy black one size,"Deze dubbellaagse beanie met omslag is gemaakt van hoogwaardig acryl voor ultiem comfort en warmte. De dubbele laag biedt extra isolatie, terwijl de omslag een klassieke en veelzijdige stijl toevoegt. Perfect voor koude dagen, deze beanie combineert functionaliteit met een tijdloos design.<br/><br/>- Gemaakt van stevig, maar zacht aanvoelend acryl.<br/>- 2 Lagen van 325gr/m² voor extra isolatie.<br/>- Te dragen op de werkvloer of in je vrije tijd.<br/>- Beschikbaar in één maat (one size). <br/>- Dit artikel heeft een merklabel.",https://tghimages.nl/B2B_BEA_BLACK_FRONT.JPG
B2B-BEA,B2B Beanie Sammy,B2B-BEAGR,1,Back To Basics,,B2B-BEAGR,B2B Beanie Sammy,"6,10E+12",1,"1,6",one size,grey,Beanie Sammy grey one size,Beanie Sammy grey one size,"Deze dubbellaagse beanie met omslag is gemaakt van hoogwaardig acryl voor ultiem comfort en warmte. De dubbele laag biedt extra isolatie, terwijl de omslag een klassieke en veelzijdige stijl toevoegt. Perfect voor koude dagen, deze beanie combineert functionaliteit met een tijdloos design.<br/><br/>- Gemaakt van stevig, maar zacht aanvoelend acryl.<br/>- 2 Lagen van 325gr/m² voor extra isolatie.<br/>- Te dragen op de werkvloer of in je vrije tijd.<br/>- Beschikbaar in één maat (one size). <br/>- Dit artikel heeft een merklabel.",https://tghimages.nl/B2B_BEA_GREY_FRONT.JPG
B2B-BEA,B2B Beanie Sammy,B2B-BEANA,1,Back To Basics,,B2B-BEANA,B2B Beanie Sammy,"6,10E+12",1,"1,7",one size,navy,Beanie Sammy navy one size,Beanie Sammy navy one size,"Deze dubbellaagse beanie met omslag is gemaakt van hoogwaardig acryl voor ultiem comfort en warmte. De dubbele laag biedt extra isolatie, terwijl de omslag een klassieke en veelzijdige stijl toevoegt. Perfect voor koude dagen, deze beanie combineert functionaliteit met een tijdloos design.<br/><br/>- Gemaakt van stevig, maar zacht aanvoelend acryl.<br/>- 2 Lagen van 325gr/m² voor extra isolatie.<br/>- Te dragen op de werkvloer of in je vrije tijd.<br/>- Beschikbaar in één maat (one size). <br/>- Dit artikel heeft een merklabel.",https://tghimages.nl/B2B_BEA_NAVY_FRONT.JPG
B2B-BEA,B2B Beanie Sammy,B2B-BEARB,1,Back To Basics,,B2B-BEARB,B2B Beanie Sammy,"6,10E+12",1,"1,8",one size,royal blue,Beanie Sammy royal blue one size,Beanie Sammy royal blue one size,"Deze dubbellaagse beanie met omslag is gemaakt van hoogwaardig acryl voor ultiem comfort en warmte. De dubbele laag biedt extra isolatie, terwijl de omslag een klassieke en veelzijdige stijl toevoegt. Perfect voor koude dagen, deze beanie combineert functionaliteit met een tijdloos design.<br/><br/>- Gemaakt van stevig, maar zacht aanvoelend acryl.<br/>- 2 Lagen van 325gr/m² voor extra isolatie.<br/>- Te dragen op de werkvloer of in je vrije tijd.<br/>- Beschikbaar in één maat (one size). <br/>- Dit artikel heeft een merklabel.",https://tghimages.nl/B2B_BEA_ROYAL_BLUE_FRONT.JPG
B2B-BEA,B2B Beanie Sammy,B2B-BEARE,1,Back To Basics,,B2B-BEARE,B2B Beanie Sammy,"6,10E+12",1,"1,9",one size,red,Beanie Sammy red one size,Beanie Sammy red one size,"Deze dubbellaagse beanie met omslag is gemaakt van hoogwaardig acryl voor ultiem comfort en warmte. De dubbele laag biedt extra isolatie, terwijl de omslag een klassieke en veelzijdige stijl toevoegt. Perfect voor koude dagen, deze beanie combineert functionaliteit met een tijdloos design.<br/><br/>- Gemaakt van stevig, maar zacht aanvoelend acryl.<br/>- 2 Lagen van 325gr/m² voor extra isolatie.<br/>- Te dragen op de werkvloer of in je vrije tijd.<br/>- Beschikbaar in één maat (one size). <br/>- Dit artikel heeft een merklabel.",https://tghimages.nl/B2B_BEA_RED_FRONT.JPG
B2B-BHBSW,B2B Basics Hooded band sweater Timmy,B2B-BHBSWBL00,1,Back To Basics,,B2B-BHBSWBL00,B2B Basics Hooded band sweater Timmy,"6,10E+12",1,2,XS,black,Basic hooded band sweater Timmy black XS,Basic hooded band sweater Timmy black XS,"Deze comfortabele hoody combineert warmte en stijl in één. De binnenzijde is gevoerd met zachte, geborstelde fleece voor extra draagcomfort en een aangenaam warm gevoel. Dankzij de ribboorden sluit de pasvorm perfect aan. Geschikt voor dagelijks gebruik, maar ook ideaal als relatiegeschenk of als werkkleding. <br/>- Voorzien van dubbel gestikte naden, stevige nektape en wasbaar op 40°C. <br/>- Geborstelde fleece aan de binnenkant, set-in mouwen, brede ribgebreide boorden en een comfortabele capuchon met trekkoorden. <br/>- Gemaakt van duurzaam 260 grams materiaal: 50% katoen en 50% polyester. <br/>- Geleverd met hangtag en polybags inclusief barcode. <br/>- Toepasbaar als promotie-, werk- en casual vrijetijdskleding. <br/>- Beschikbaar in de maten XS t/m 7XL. <br/><br/>Ook mogelijk in uw gewenste PMS-kleur aan dezelfde prijs, minimaal 300 stuks door de maten heen.",https://tghimages.nl/B2B_BHBSW_BLACK_FRONT.JPG
B2B-BHBSW,B2B Basics Hooded band sweater Timmy,B2B-BHBSWBL01,1,Back To Basics,,B2B-BHBSWBL01,B2B Basics Hooded band sweater Timmy,"6,10E+12",1,"2,1",S,black,Basic hooded band sweater Timmy black S,Basic hooded band sweater Timmy black S,"Deze comfortabele hoody combineert warmte en stijl in één. De binnenzijde is gevoerd met zachte, geborstelde fleece voor extra draagcomfort en een aangenaam warm gevoel. Dankzij de ribboorden sluit de pasvorm perfect aan. Geschikt voor dagelijks gebruik, maar ook ideaal als relatiegeschenk of als werkkleding. <br/>- Voorzien van dubbel gestikte naden, stevige nektape en wasbaar op 40°C. <br/>- Geborstelde fleece aan de binnenkant, set-in mouwen, brede ribgebreide boorden en een comfortabele capuchon met trekkoorden. <br/>- Gemaakt van duurzaam 260 grams materiaal: 50% katoen en 50% polyester. <br/>- Geleverd met hangtag en polybags inclusief barcode. <br/>- Toepasbaar als promotie-, werk- en casual vrijetijdskleding. <br/>- Beschikbaar in de maten XS t/m 7XL. <br/><br/>Ook mogelijk in uw gewenste PMS-kleur aan dezelfde prijs, minimaal 300 stuks door de maten heen.",https://tghimages.nl/B2B_BHBSW_BLACK_FRONT.JPG
B2B-BHBSW,B2B Basics Hooded band sweater Timmy,B2B-BHBSWBL02,1,Back To Basics,,B2B-BHBSWBL02,B2B Basics Hooded band sweater Timmy,"6,10E+12",1,"2,2",M,black,Basic hooded band sweater Timmy black M,Basic hooded band sweater Timmy black M,"Deze comfortabele hoody combineert warmte en stijl in één. De binnenzijde is gevoerd met zachte, geborstelde fleece voor extra draagcomfort en een aangenaam warm gevoel. Dankzij de ribboorden sluit de pasvorm perfect aan. Geschikt voor dagelijks gebruik, maar ook ideaal als relatiegeschenk of als werkkleding. <br/>- Voorzien van dubbel gestikte naden, stevige nektape en wasbaar op 40°C. <br/>- Geborstelde fleece aan de binnenkant, set-in mouwen, brede ribgebreide boorden en een comfortabele capuchon met trekkoorden. <br/>- Gemaakt van duurzaam 260 grams materiaal: 50% katoen en 50% polyester. <br/>- Geleverd met hangtag en polybags inclusief barcode. <br/>- Toepasbaar als promotie-, werk- en casual vrijetijdskleding. <br/>- Beschikbaar in de maten XS t/m 7XL. <br/><br/>Ook mogelijk in uw gewenste PMS-kleur aan dezelfde prijs, minimaal 300 stuks door de maten heen.",https://tghimages.nl/B2B_BHBSW_BLACK_FRONT.JPG
B2B-BHBSW,B2B Basics Hooded band sweater Timmy,B2B-BHBSWBL03,1,Back To Basics,,B2B-BHBSWBL03,B2B Basics Hooded band sweater Timmy,"6,10E+12",1,"2,3",L,black,Basic hooded band sweater Timmy black L,Basic hooded band sweater Timmy black L,"Deze comfortabele hoody combineert warmte en stijl in één. De binnenzijde is gevoerd met zachte, geborstelde fleece voor extra draagcomfort en een aangenaam warm gevoel. Dankzij de ribboorden sluit de pasvorm perfect aan. Geschikt voor dagelijks gebruik, maar ook ideaal als relatiegeschenk of als werkkleding. <br/>- Voorzien van dubbel gestikte naden, stevige nektape en wasbaar op 40°C. <br/>- Geborstelde fleece aan de binnenkant, set-in mouwen, brede ribgebreide boorden en een comfortabele capuchon met trekkoorden. <br/>- Gemaakt van duurzaam 260 grams materiaal: 50% katoen en 50% polyester. <br/>- Geleverd met hangtag en polybags inclusief barcode. <br/>- Toepasbaar als promotie-, werk- en casual vrijetijdskleding. <br/>- Beschikbaar in de maten XS t/m 7XL. <br/><br/>Ook mogelijk in uw gewenste PMS-kleur aan dezelfde prijs, minimaal 300 stuks door de maten heen.",https://tghimages.nl/B2B_BHBSW_BLACK_FRONT.JPG
B2B-BHBSW,B2B Basics Hooded band sweater Timmy,B2B-BHBSWBL04,1,Back To Basics,,B2B-BHBSWBL04,B2B Basics Hooded band sweater Timmy,"6,10E+12",1,"2,4",XL,black,Basic hooded band sweater Timmy black XL,Basic hooded band sweater Timmy black XL,"Deze comfortabele hoody combineert warmte en stijl in één. De binnenzijde is gevoerd met zachte, geborstelde fleece voor extra draagcomfort en een aangenaam warm gevoel. Dankzij de ribboorden sluit de pasvorm perfect aan. Geschikt voor dagelijks gebruik, maar ook ideaal als relatiegeschenk of als werkkleding. <br/>- Voorzien van dubbel gestikte naden, stevige nektape en wasbaar op 40°C. <br/>- Geborstelde fleece aan de binnenkant, set-in mouwen, brede ribgebreide boorden en een comfortabele capuchon met trekkoorden. <br/>- Gemaakt van duurzaam 260 grams materiaal: 50% katoen en 50% polyester. <br/>- Geleverd met hangtag en polybags inclusief barcode. <br/>- Toepasbaar als promotie-, werk- en casual vrijetijdskleding. <br/>- Beschikbaar in de maten XS t/m 7XL. <br/><br/>Ook mogelijk in uw gewenste PMS-kleur aan dezelfde prijs, minimaal 300 stuks door de maten heen.",https://tghimages.nl/B2B_BHBSW_BLACK_FRONT.JPG
B2B-BHBSW,B2B Basics Hooded band sweater Timmy,B2B-BHBSWBL05,1,Back To Basics,,B2B-BHBSWBL05,B2B Basics Hooded band sweater Timmy,"6,10E+12",1,"2,5",XXL,black,Basic hooded band sweater Timmy black XXL,Basic hooded band sweater Timmy black XXL,"Deze comfortabele hoody combineert warmte en stijl in één. De binnenzijde is gevoerd met zachte, geborstelde fleece voor extra draagcomfort en een aangenaam warm gevoel. Dankzij de ribboorden sluit de pasvorm perfect aan. Geschikt voor dagelijks gebruik, maar ook ideaal als relatiegeschenk of als werkkleding. <br/>- Voorzien van dubbel gestikte naden, stevige nektape en wasbaar op 40°C. <br/>- Geborstelde fleece aan de binnenkant, set-in mouwen, brede ribgebreide boorden en een comfortabele capuchon met trekkoorden. <br/>- Gemaakt van duurzaam 260 grams materiaal: 50% katoen en 50% polyester. <br/>- Geleverd met hangtag en polybags inclusief barcode. <br/>- Toepasbaar als promotie-, werk- en casual vrijetijdskleding. <br/>- Beschikbaar in de maten XS t/m 7XL. <br/><br/>Ook mogelijk in uw gewenste PMS-kleur aan dezelfde prijs, minimaal 300 stuks door de maten heen.",https://tghimages.nl/B2B_BHBSW_BLACK_FRONT.JPG
B2B-BHBSW,B2B Basics Hooded band sweater Timmy,B2B-BHBSWBL06,1,Back To Basics,,B2B-BHBSWBL06,B2B Basics Hooded band sweater Timmy,"6,10E+12",1,"2,6",3XL,black,Basic hooded band sweater Timmy black 3XL,Basic hooded band sweater Timmy black 3XL,"Deze comfortabele hoody combineert warmte en stijl in één. De binnenzijde is gevoerd met zachte, geborstelde fleece voor extra draagcomfort en een aangenaam warm gevoel. Dankzij de ribboorden sluit de pasvorm perfect aan. Geschikt voor dagelijks gebruik, maar ook ideaal als relatiegeschenk of als werkkleding. <br/>- Voorzien van dubbel gestikte naden, stevige nektape en wasbaar op 40°C. <br/>- Geborstelde fleece aan de binnenkant, set-in mouwen, brede ribgebreide boorden en een comfortabele capuchon met trekkoorden. <br/>- Gemaakt van duurzaam 260 grams materiaal: 50% katoen en 50% polyester. <br/>- Geleverd met hangtag en polybags inclusief barcode. <br/>- Toepasbaar als promotie-, werk- en casual vrijetijdskleding. <br/>- Beschikbaar in de maten XS t/m 7XL. <br/><br/>Ook mogelijk in uw gewenste PMS-kleur aan dezelfde prijs, minimaal 300 stuks door de maten heen.",https://tghimages.nl/B2B_BHBSW_BLACK_FRONT.JPG
B2B-BHBSW,B2B Basics Hooded band sweater Timmy,B2B-BHBSWBL07,1,Back To Basics,,B2B-BHBSWBL07,B2B Basics Hooded band sweater Timmy,"6,10E+12",1,"2,7",4XL,black,Basic hooded band sweater Timmy black 4XL,Basic hooded band sweater Timmy black 4XL,"Deze comfortabele hoody combineert warmte en stijl in één. De binnenzijde is gevoerd met zachte, geborstelde fleece voor extra draagcomfort en een aangenaam warm gevoel. Dankzij de ribboorden sluit de pasvorm perfect aan. Geschikt voor dagelijks gebruik, maar ook ideaal als relatiegeschenk of als werkkleding. <br/>- Voorzien van dubbel gestikte naden, stevige nektape en wasbaar op 40°C. <br/>- Geborstelde fleece aan de binnenkant, set-in mouwen, brede ribgebreide boorden en een comfortabele capuchon met trekkoorden. <br/>- Gemaakt van duurzaam 260 grams materiaal: 50% katoen en 50% polyester. <br/>- Geleverd met hangtag en polybags inclusief barcode. <br/>- Toepasbaar als promotie-, werk- en casual vrijetijdskleding. <br/>- Beschikbaar in de maten XS t/m 7XL. <br/><br/>Ook mogelijk in uw gewenste PMS-kleur aan dezelfde prijs, minimaal 300 stuks door de maten heen.",https://tghimages.nl/B2B_BHBSW_BLACK_FRONT.JPG
B2B-BHBSW,B2B Basics Hooded band sweater Timmy,B2B-BHBSWBL08,1,Back To Basics,,B2B-BHBSWBL08,B2B Basics Hooded band sweater Timmy,"6,10E+12",1,"2,8",5XL,black,Basic hooded band sweater Timmy black 5XL,Basic hooded band sweater Timmy black 5XL,"Deze comfortabele hoody combineert warmte en stijl in één. De binnenzijde is gevoerd met zachte, geborstelde fleece voor extra draagcomfort en een aangenaam warm gevoel. Dankzij de ribboorden sluit de pasvorm perfect aan. Geschikt voor dagelijks gebruik, maar ook ideaal als relatiegeschenk of als werkkleding. <br/>- Voorzien van dubbel gestikte naden, stevige nektape en wasbaar op 40°C. <br/>- Geborstelde fleece aan de binnenkant, set-in mouwen, brede ribgebreide boorden en een comfortabele capuchon met trekkoorden. <br/>- Gemaakt van duurzaam 260 grams materiaal: 50% katoen en 50% polyester. <br/>- Geleverd met hangtag en polybags inclusief barcode. <br/>- Toepasbaar als promotie-, werk- en casual vrijetijdskleding. <br/>- Beschikbaar in de maten XS t/m 7XL. <br/><br/>Ook mogelijk in uw gewenste PMS-kleur aan dezelfde prijs, minimaal 300 stuks door de maten heen.",https://tghimages.nl/B2B_BHBSW_BLACK_FRONT.JPG
B2B-BHBSW,B2B Basics Hooded band sweater Timmy,B2B-BHBSWBL09,1,Back To Basics,,B2B-BHBSWBL09,B2B Basics Hooded band sweater Timmy,"6,10E+12",1,"2,9",6XL,black,Basic hooded band sweater Timmy black 6XL,Basic hooded band sweater Timmy black 6XL,"Deze comfortabele hoody combineert warmte en stijl in één. De binnenzijde is gevoerd met zachte, geborstelde fleece voor extra draagcomfort en een aangenaam warm gevoel. Dankzij de ribboorden sluit de pasvorm perfect aan. Geschikt voor dagelijks gebruik, maar ook ideaal als relatiegeschenk of als werkkleding. <br/>- Voorzien van dubbel gestikte naden, stevige nektape en wasbaar op 40°C. <br/>- Geborstelde fleece aan de binnenkant, set-in mouwen, brede ribgebreide boorden en een comfortabele capuchon met trekkoorden. <br/>- Gemaakt van duurzaam 260 grams materiaal: 50% katoen en 50% polyester. <br/>- Geleverd met hangtag en polybags inclusief barcode. <br/>- Toepasbaar als promotie-, werk- en casual vrijetijdskleding. <br/>- Beschikbaar in de maten XS t/m 7XL. <br/><br/>Ook mogelijk in uw gewenste PMS-kleur aan dezelfde prijs, minimaal 300 stuks door de maten heen.",https://tghimages.nl/B2B_BHBSW_BLACK_FRONT.JPG
B2B-BHBSW,B2B Basics Hooded band sweater Timmy,B2B-BHBSWBL10,1,Back To Basics,,B2B-BHBSWBL10,B2B Basics Hooded band sweater Timmy,"6,10E+12",1,3,7XL,black,Basic hooded band sweater Timmy black 7XL,Basic hooded band sweater Timmy black 7XL,"Deze comfortabele hoody combineert warmte en stijl in één. De binnenzijde is gevoerd met zachte, geborstelde fleece voor extra draagcomfort en een aangenaam warm gevoel. Dankzij de ribboorden sluit de pasvorm perfect aan. Geschikt voor dagelijks gebruik, maar ook ideaal als relatiegeschenk of als werkkleding. <br/>- Voorzien van dubbel gestikte naden, stevige nektape en wasbaar op 40°C. <br/>- Geborstelde fleece aan de binnenkant, set-in mouwen, brede ribgebreide boorden en een comfortabele capuchon met trekkoorden. <br/>- Gemaakt van duurzaam 260 grams materiaal: 50% katoen en 50% polyester. <br/>- Geleverd met hangtag en polybags inclusief barcode. <br/>- Toepasbaar als promotie-, werk- en casual vrijetijdskleding. <br/>- Beschikbaar in de maten XS t/m 7XL. <br/><br/>Ook mogelijk in uw gewenste PMS-kleur aan dezelfde prijs, minimaal 300 stuks door de maten heen.",https://tghimages.nl/B2B_BHBSW_BLACK_FRONT.JPG
B2B-BHBSW,B2B Basics Hooded band sweater Timmy,B2B-BHBSWNA00,1,Back To Basics,,B2B-BHBSWNA00,B2B Basics Hooded band sweater Timmy,"6,10E+12",1,"3,1",XS,navy,Basic hooded band sweater Timmy navy XS,Basic hooded band sweater Timmy navy XS,"Deze comfortabele hoody combineert warmte en stijl in één. De binnenzijde is gevoerd met zachte, geborstelde fleece voor extra draagcomfort en een aangenaam warm gevoel. Dankzij de ribboorden sluit de pasvorm perfect aan. Geschikt voor dagelijks gebruik, maar ook ideaal als relatiegeschenk of als werkkleding. <br/>- Voorzien van dubbel gestikte naden, stevige nektape en wasbaar op 40°C. <br/>- Geborstelde fleece aan de binnenkant, set-in mouwen, brede ribgebreide boorden en een comfortabele capuchon met trekkoorden. <br/>- Gemaakt van duurzaam 260 grams materiaal: 50% katoen en 50% polyester. <br/>- Geleverd met hangtag en polybags inclusief barcode. <br/>- Toepasbaar als promotie-, werk- en casual vrijetijdskleding. <br/>- Beschikbaar in de maten XS t/m 7XL. <br/><br/>Ook mogelijk in uw gewenste PMS-kleur aan dezelfde prijs, minimaal 300 stuks door de maten heen.",https://tghimages.nl/B2B_BHBSW_NAVY_FRONT.JPG
B2B-BHBSW,B2B Basics Hooded band sweater Timmy,B2B-BHBSWNA01,1,Back To Basics,,B2B-BHBSWNA01,B2B Basics Hooded band sweater Timmy,"6,10E+12",1,"3,2",S,navy,Basic hooded band sweater Timmy navy S,Basic hooded band sweater Timmy navy S,"Deze comfortabele hoody combineert warmte en stijl in één. De binnenzijde is gevoerd met zachte, geborstelde fleece voor extra draagcomfort en een aangenaam warm gevoel. Dankzij de ribboorden sluit de pasvorm perfect aan. Geschikt voor dagelijks gebruik, maar ook ideaal als relatiegeschenk of als werkkleding. <br/>- Voorzien van dubbel gestikte naden, stevige nektape en wasbaar op 40°C. <br/>- Geborstelde fleece aan de binnenkant, set-in mouwen, brede ribgebreide boorden en een comfortabele capuchon met trekkoorden. <br/>- Gemaakt van duurzaam 260 grams materiaal: 50% katoen en 50% polyester. <br/>- Geleverd met hangtag en polybags inclusief barcode. <br/>- Toepasbaar als promotie-, werk- en casual vrijetijdskleding. <br/>- Beschikbaar in de maten XS t/m 7XL. <br/><br/>Ook mogelijk in uw gewenste PMS-kleur aan dezelfde prijs, minimaal 300 stuks door de maten heen.",https://tghimages.nl/B2B_BHBSW_NAVY_FRONT.JPG
B2B-BHBSW,B2B Basics Hooded band sweater Timmy,B2B-BHBSWNA02,1,Back To Basics,,B2B-BHBSWNA02,B2B Basics Hooded band sweater Timmy,"6,10E+12",1,"3,3",M,navy,Basic hooded band sweater Timmy navy M,Basic hooded band sweater Timmy navy M,"Deze comfortabele hoody combineert warmte en stijl in één. De binnenzijde is gevoerd met zachte, geborstelde fleece voor extra draagcomfort en een aangenaam warm gevoel. Dankzij de ribboorden sluit de pasvorm perfect aan. Geschikt voor dagelijks gebruik, maar ook ideaal als relatiegeschenk of als werkkleding. <br/>- Voorzien van dubbel gestikte naden, stevige nektape en wasbaar op 40°C. <br/>- Geborstelde fleece aan de binnenkant, set-in mouwen, brede ribgebreide boorden en een comfortabele capuchon met trekkoorden. <br/>- Gemaakt van duurzaam 260 grams materiaal: 50% katoen en 50% polyester. <br/>- Geleverd met hangtag en polybags inclusief barcode. <br/>- Toepasbaar als promotie-, werk- en casual vrijetijdskleding. <br/>- Beschikbaar in de maten XS t/m 7XL. <br/><br/>Ook mogelijk in uw gewenste PMS-kleur aan dezelfde prijs, minimaal 300 stuks door de maten heen.",https://tghimages.nl/B2B_BHBSW_NAVY_FRONT.JPG
B2B-BHBSW,B2B Basics Hooded band sweater Timmy,B2B-BHBSWNA03,1,Back To Basics,,B2B-BHBSWNA03,B2B Basics Hooded band sweater Timmy,"6,10E+12",1,"3,4",L,navy,Basic hooded band sweater Timmy navy L,Basic hooded band sweater Timmy navy L,"Deze comfortabele hoody combineert warmte en stijl in één. De binnenzijde is gevoerd met zachte, geborstelde fleece voor extra draagcomfort en een aangenaam warm gevoel. Dankzij de ribboorden sluit de pasvorm perfect aan. Geschikt voor dagelijks gebruik, maar ook ideaal als relatiegeschenk of als werkkleding. <br/>- Voorzien van dubbel gestikte naden, stevige nektape en wasbaar op 40°C. <br/>- Geborstelde fleece aan de binnenkant, set-in mouwen, brede ribgebreide boorden en een comfortabele capuchon met trekkoorden. <br/>- Gemaakt van duurzaam 260 grams materiaal: 50% katoen en 50% polyester. <br/>- Geleverd met hangtag en polybags inclusief barcode. <br/>- Toepasbaar als promotie-, werk- en casual vrijetijdskleding. <br/>- Beschikbaar in de maten XS t/m 7XL. <br/><br/>Ook mogelijk in uw gewenste PMS-kleur aan dezelfde prijs, minimaal 300 stuks door de maten heen.",https://tghimages.nl/B2B_BHBSW_NAVY_FRONT.JPG
B2B-BHBSW,B2B Basics Hooded band sweater Timmy,B2B-BHBSWNA04,1,Back To Basics,,B2B-BHBSWNA04,B2B Basics Hooded band sweater Timmy,"6,10E+12",1,"3,5",XL,navy,Basic hooded band sweater Timmy navy XL,Basic hooded band sweater Timmy navy XL,"Deze comfortabele hoody combineert warmte en stijl in één. De binnenzijde is gevoerd met zachte, geborstelde fleece voor extra draagcomfort en een aangenaam warm gevoel. Dankzij de ribboorden sluit de pasvorm perfect aan. Geschikt voor dagelijks gebruik, maar ook ideaal als relatiegeschenk of als werkkleding. <br/>- Voorzien van dubbel gestikte naden, stevige nektape en wasbaar op 40°C. <br/>- Geborstelde fleece aan de binnenkant, set-in mouwen, brede ribgebreide boorden en een comfortabele capuchon met trekkoorden. <br/>- Gemaakt van duurzaam 260 grams materiaal: 50% katoen en 50% polyester. <br/>- Geleverd met hangtag en polybags inclusief barcode. <br/>- Toepasbaar als promotie-, werk- en casual vrijetijdskleding. <br/>- Beschikbaar in de maten XS t/m 7XL. <br/><br/>Ook mogelijk in uw gewenste PMS-kleur aan dezelfde prijs, minimaal 300 stuks door de maten heen.",https://tghimages.nl/B2B_BHBSW_NAVY_FRONT.JPG
B2B-BHBSW,B2B Basics Hooded band sweater Timmy,B2B-BHBSWNA05,1,Back To Basics,,B2B-BHBSWNA05,B2B Basics Hooded band sweater Timmy,"6,10E+12",1,"3,6",XXL,navy,Basic hooded band sweater Timmy navy XXL,Basic hooded band sweater Timmy navy XXL,"Deze comfortabele hoody combineert warmte en stijl in één. De binnenzijde is gevoerd met zachte, geborstelde fleece voor extra draagcomfort en een aangenaam warm gevoel. Dankzij de ribboorden sluit de pasvorm perfect aan. Geschikt voor dagelijks gebruik, maar ook ideaal als relatiegeschenk of als werkkleding. <br/>- Voorzien van dubbel gestikte naden, stevige nektape en wasbaar op 40°C. <br/>- Geborstelde fleece aan de binnenkant, set-in mouwen, brede ribgebreide boorden en een comfortabele capuchon met trekkoorden. <br/>- Gemaakt van duurzaam 260 grams materiaal: 50% katoen en 50% polyester. <br/>- Geleverd met hangtag en polybags inclusief barcode. <br/>- Toepasbaar als promotie-, werk- en casual vrijetijdskleding. <br/>- Beschikbaar in de maten XS t/m 7XL. <br/><br/>Ook mogelijk in uw gewenste PMS-kleur aan dezelfde prijs, minimaal 300 stuks door de maten heen.",https://tghimages.nl/B2B_BHBSW_NAVY_FRONT.JPG
B2B-BHBSW,B2B Basics Hooded band sweater Timmy,B2B-BHBSWNA06,1,Back To Basics,,B2B-BHBSWNA06,B2B Basics Hooded band sweater Timmy,"6,10E+12",1,"3,7",3XL,navy,Basic hooded band sweater Timmy navy 3XL,Basic hooded band sweater Timmy navy 3XL,"Deze comfortabele hoody combineert warmte en stijl in één. De binnenzijde is gevoerd met zachte, geborstelde fleece voor extra draagcomfort en een aangenaam warm gevoel. Dankzij de ribboorden sluit de pasvorm perfect aan. Geschikt voor dagelijks gebruik, maar ook ideaal als relatiegeschenk of als werkkleding. <br/>- Voorzien van dubbel gestikte naden, stevige nektape en wasbaar op 40°C. <br/>- Geborstelde fleece aan de binnenkant, set-in mouwen, brede ribgebreide boorden en een comfortabele capuchon met trekkoorden. <br/>- Gemaakt van duurzaam 260 grams materiaal: 50% katoen en 50% polyester. <br/>- Geleverd met hangtag en polybags inclusief barcode. <br/>- Toepasbaar als promotie-, werk- en casual vrijetijdskleding. <br/>- Beschikbaar in de maten XS t/m 7XL. <br/><br/>Ook mogelijk in uw gewenste PMS-kleur aan dezelfde prijs, minimaal 300 stuks door de maten heen.",https://tghimages.nl/B2B_BHBSW_NAVY_FRONT.JPG
B2B-BHBSW,B2B Basics Hooded band sweater Timmy,B2B-BHBSWNA07,1,Back To Basics,,B2B-BHBSWNA07,B2B Basics Hooded band sweater Timmy,"6,10E+12",1,"3,8",4XL,navy,Basic hooded band sweater Timmy navy 4XL,Basic hooded band sweater Timmy navy 4XL,"Deze comfortabele hoody combineert warmte en stijl in één. De binnenzijde is gevoerd met zachte, geborstelde fleece voor extra draagcomfort en een aangenaam warm gevoel. Dankzij de ribboorden sluit de pasvorm perfect aan. Geschikt voor dagelijks gebruik, maar ook ideaal als relatiegeschenk of als werkkleding. <br/>- Voorzien van dubbel gestikte naden, stevige nektape en wasbaar op 40°C. <br/>- Geborstelde fleece aan de binnenkant, set-in mouwen, brede ribgebreide boorden en een comfortabele capuchon met trekkoorden. <br/>- Gemaakt van duurzaam 260 grams materiaal: 50% katoen en 50% polyester. <br/>- Geleverd met hangtag en polybags inclusief barcode. <br/>- Toepasbaar als promotie-, werk- en casual vrijetijdskleding. <br/>- Beschikbaar in de maten XS t/m 7XL. <br/><br/>Ook mogelijk in uw gewenste PMS-kleur aan dezelfde prijs, minimaal 300 stuks door de maten heen.",https://tghimages.nl/B2B_BHBSW_NAVY_FRONT.JPG
B2B-BHBSW,B2B Basics Hooded band sweater Timmy,B2B-BHBSWNA08,1,Back To Basics,,B2B-BHBSWNA08,B2B Basics Hooded band sweater Timmy,"6,10E+12",1,"3,9",5XL,navy,Basic hooded band sweater Timmy navy 5XL,Basic hooded band sweater Timmy navy 5XL,"Deze comfortabele hoody combineert warmte en stijl in één. De binnenzijde is gevoerd met zachte, geborstelde fleece voor extra draagcomfort en een aangenaam warm gevoel. Dankzij de ribboorden sluit de pasvorm perfect aan. Geschikt voor dagelijks gebruik, maar ook ideaal als relatiegeschenk of als werkkleding. <br/>- Voorzien van dubbel gestikte naden, stevige nektape en wasbaar op 40°C. <br/>- Geborstelde fleece aan de binnenkant, set-in mouwen, brede ribgebreide boorden en een comfortabele capuchon met trekkoorden. <br/>- Gemaakt van duurzaam 260 grams materiaal: 50% katoen en 50% polyester. <br/>- Geleverd met hangtag en polybags inclusief barcode. <br/>- Toepasbaar als promotie-, werk- en casual vrijetijdskleding. <br/>- Beschikbaar in de maten XS t/m 7XL. <br/><br/>Ook mogelijk in uw gewenste PMS-kleur aan dezelfde prijs, minimaal 300 stuks door de maten heen.",https://tghimages.nl/B2B_BHBSW_NAVY_FRONT.JPG
B2B-BHBSW,B2B Basics Hooded band sweater Timmy,B2B-BHBSWNA09,1,Back To Basics,,B2B-BHBSWNA09,B2B Basics Hooded band sweater Timmy,"6,10E+12",1,4,6XL,navy,Basic hooded band sweater Timmy navy 6XL,Basic hooded band sweater Timmy navy 6XL,"Deze comfortabele hoody combineert warmte en stijl in één. De binnenzijde is gevoerd met zachte, geborstelde fleece voor extra draagcomfort en een aangenaam warm gevoel. Dankzij de ribboorden sluit de pasvorm perfect aan. Geschikt voor dagelijks gebruik, maar ook ideaal als relatiegeschenk of als werkkleding. <br/>- Voorzien van dubbel gestikte naden, stevige nektape en wasbaar op 40°C. <br/>- Geborstelde fleece aan de binnenkant, set-in mouwen, brede ribgebreide boorden en een comfortabele capuchon met trekkoorden. <br/>- Gemaakt van duurzaam 260 grams materiaal: 50% katoen en 50% polyester. <br/>- Geleverd met hangtag en polybags inclusief barcode. <br/>- Toepasbaar als promotie-, werk- en casual vrijetijdskleding. <br/>- Beschikbaar in de maten XS t/m 7XL. <br/><br/>Ook mogelijk in uw gewenste PMS-kleur aan dezelfde prijs, minimaal 300 stuks door de maten heen.",https://tghimages.nl/B2B_BHBSW_NAVY_FRONT.JPG
B2B-BHBSW,B2B Basics Hooded band sweater Timmy,B2B-BHBSWNA10,1,Back To Basics,,B2B-BHBSWNA10,B2B Basics Hooded band sweater Timmy,"6,10E+12",1,"4,1",7XL,navy,Basic hooded band sweater Timmy navy 7XL,Basic hooded band sweater Timmy navy 7XL,"Deze comfortabele hoody combineert warmte en stijl in één. De binnenzijde is gevoerd met zachte, geborstelde fleece voor extra draagcomfort en een aangenaam warm gevoel. Dankzij de ribboorden sluit de pasvorm perfect aan. Geschikt voor dagelijks gebruik, maar ook ideaal als relatiegeschenk of als werkkleding. <br/>- Voorzien van dubbel gestikte naden, stevige nektape en wasbaar op 40°C. <br/>- Geborstelde fleece aan de binnenkant, set-in mouwen, brede ribgebreide boorden en een comfortabele capuchon met trekkoorden. <br/>- Gemaakt van duurzaam 260 grams materiaal: 50% katoen en 50% polyester. <br/>- Geleverd met hangtag en polybags inclusief barcode. <br/>- Toepasbaar als promotie-, werk- en casual vrijetijdskleding. <br/>- Beschikbaar in de maten XS t/m 7XL. <br/><br/>Ook mogelijk in uw gewenste PMS-kleur aan dezelfde prijs, minimaal 300 stuks door de maten heen.",https://tghimages.nl/B2B_BHBSW_NAVY_FRONT.JPG
B2B-BPS170,B2B Basic Poloshirt Tony,B2B-BPS170BL00,1,Back To Basics,,B2B-BPS170BL00,B2B Basic Poloshirt Tony,"6,10E+12",1,"4,2",XS,black,Basic poloshirt Tony black XS,Basic poloshirt Tony black XS,"Dit poloshirt is gemaakt van 50% katoen en 50% polyester voor optimaal comfort en behoud van kleur. Perfect als instapmodel zonder halve maan of zijsplitten.<br/><br/>- Dubbel gestikte naden, nektape ter versteviging en 40°C wasbaar.<br/>- Set-in mouwen, zijnaden, ribkraag.<br/>- 3-Knoops kraag, ton-sur-ton knopen.<br/>- Mouwen zonder boord. <br/>- 170-Grams poloshirt, vervaardigd uit 50% voorgekrompen katoen en 50% polyester. <br/>- Hangtag en polybags met barcode.<br/>- Geschikt voor promo-, werk- & casual vrijetijdskleding.<br/>- Beschikbaar van maat XS t/m 7XL.<br/><br/>Ook mogelijk in uw gewenste PMS-kleur aan dezelfde prijs, minimaal 300 stuks door de maten heen.",https://tghimages.nl/B2B_BPS170_BLACK_FRONT.JPG
B2B-BPS170,B2B Basic Poloshirt Tony,B2B-BPS170BL01,1,Back To Basics,,B2B-BPS170BL01,B2B Basic Poloshirt Tony,"6,10E+12",1,"4,3",S,black,Basic poloshirt Tony black S,Basic poloshirt Tony black S,"Dit poloshirt is gemaakt van 50% katoen en 50% polyester voor optimaal comfort en behoud van kleur. Perfect als instapmodel zonder halve maan of zijsplitten.<br/><br/>- Dubbel gestikte naden, nektape ter versteviging en 40°C wasbaar.<br/>- Set-in mouwen, zijnaden, ribkraag.<br/>- 3-Knoops kraag, ton-sur-ton knopen.<br/>- Mouwen zonder boord. <br/>- 170-Grams poloshirt, vervaardigd uit 50% voorgekrompen katoen en 50% polyester. <br/>- Hangtag en polybags met barcode.<br/>- Geschikt voor promo-, werk- & casual vrijetijdskleding.<br/>- Beschikbaar van maat XS t/m 7XL.<br/><br/>Ook mogelijk in uw gewenste PMS-kleur aan dezelfde prijs, minimaal 300 stuks door de maten heen.",https://tghimages.nl/B2B_BPS170_BLACK_FRONT.JPG
B2B-BPS170,B2B Basic Poloshirt Tony,B2B-BPS170BL02,1,Back To Basics,,B2B-BPS170BL02,B2B Basic Poloshirt Tony,"6,10E+12",1,"4,4",M,black,Basic poloshirt Tony black M,Basic poloshirt Tony black M,"Dit poloshirt is gemaakt van 50% katoen en 50% polyester voor optimaal comfort en behoud van kleur. Perfect als instapmodel zonder halve maan of zijsplitten.<br/><br/>- Dubbel gestikte naden, nektape ter versteviging en 40°C wasbaar.<br/>- Set-in mouwen, zijnaden, ribkraag.<br/>- 3-Knoops kraag, ton-sur-ton knopen.<br/>- Mouwen zonder boord. <br/>- 170-Grams poloshirt, vervaardigd uit 50% voorgekrompen katoen en 50% polyester. <br/>- Hangtag en polybags met barcode.<br/>- Geschikt voor promo-, werk- & casual vrijetijdskleding.<br/>- Beschikbaar van maat XS t/m 7XL.<br/><br/>Ook mogelijk in uw gewenste PMS-kleur aan dezelfde prijs, minimaal 300 stuks door de maten heen.",https://tghimages.nl/B2B_BPS170_BLACK_FRONT.JPG
B2B-BPS170,B2B Basic Poloshirt Tony,B2B-BPS170BL03,1,Back To Basics,,B2B-BPS170BL03,B2B Basic Poloshirt Tony,"6,10E+12",1,"4,5",L,black,Basic poloshirt Tony black L,Basic poloshirt Tony black L,"Dit poloshirt is gemaakt van 50% katoen en 50% polyester voor optimaal comfort en behoud van kleur. Perfect als instapmodel zonder halve maan of zijsplitten.<br/><br/>- Dubbel gestikte naden, nektape ter versteviging en 40°C wasbaar.<br/>- Set-in mouwen, zijnaden, ribkraag.<br/>- 3-Knoops kraag, ton-sur-ton knopen.<br/>- Mouwen zonder boord. <br/>- 170-Grams poloshirt, vervaardigd uit 50% voorgekrompen katoen en 50% polyester. <br/>- Hangtag en polybags met barcode.<br/>- Geschikt voor promo-, werk- & casual vrijetijdskleding.<br/>- Beschikbaar van maat XS t/m 7XL.<br/><br/>Ook mogelijk in uw gewenste PMS-kleur aan dezelfde prijs, minimaal 300 stuks door de maten heen.",https://tghimages.nl/B2B_BPS170_BLACK_FRONT.JPG
B2B-BPS170,B2B Basic Poloshirt Tony,B2B-BPS170BL04,1,Back To Basics,,B2B-BPS170BL04,B2B Basic Poloshirt Tony,"6,10E+12",1,"4,6",XL,black,Basic poloshirt Tony black XL,Basic poloshirt Tony black XL,"Dit poloshirt is gemaakt van 50% katoen en 50% polyester voor optimaal comfort en behoud van kleur. Perfect als instapmodel zonder halve maan of zijsplitten.<br/><br/>- Dubbel gestikte naden, nektape ter versteviging en 40°C wasbaar.<br/>- Set-in mouwen, zijnaden, ribkraag.<br/>- 3-Knoops kraag, ton-sur-ton knopen.<br/>- Mouwen zonder boord. <br/>- 170-Grams poloshirt, vervaardigd uit 50% voorgekrompen katoen en 50% polyester. <br/>- Hangtag en polybags met barcode.<br/>- Geschikt voor promo-, werk- & casual vrijetijdskleding.<br/>- Beschikbaar van maat XS t/m 7XL.<br/><br/>Ook mogelijk in uw gewenste PMS-kleur aan dezelfde prijs, minimaal 300 stuks door de maten heen.",https://tghimages.nl/B2B_BPS170_BLACK_FRONT.JPG
B2B-BPS170,B2B Basic Poloshirt Tony,B2B-BPS170BL05,1,Back To Basics,,B2B-BPS170BL05,B2B Basic Poloshirt Tony,"6,10E+12",1,"4,7",XXL,black,Basic poloshirt Tony black XXL,Basic poloshirt Tony black XXL,"Dit poloshirt is gemaakt van 50% katoen en 50% polyester voor optimaal comfort en behoud van kleur. Perfect als instapmodel zonder halve maan of zijsplitten.<br/><br/>- Dubbel gestikte naden, nektape ter versteviging en 40°C wasbaar.<br/>- Set-in mouwen, zijnaden, ribkraag.<br/>- 3-Knoops kraag, ton-sur-ton knopen.<br/>- Mouwen zonder boord. <br/>- 170-Grams poloshirt, vervaardigd uit 50% voorgekrompen katoen en 50% polyester. <br/>- Hangtag en polybags met barcode.<br/>- Geschikt voor promo-, werk- & casual vrijetijdskleding.<br/>- Beschikbaar van maat XS t/m 7XL.<br/><br/>Ook mogelijk in uw gewenste PMS-kleur aan dezelfde prijs, minimaal 300 stuks door de maten heen.",https://tghimages.nl/B2B_BPS170_BLACK_FRONT.JPG
B2B-BPS170,B2B Basic Poloshirt Tony,B2B-BPS170BL06,1,Back To Basics,,B2B-BPS170BL06,B2B Basic Poloshirt Tony,"6,10E+12",1,"4,8",3XL,black,Basic poloshirt Tony black 3XL,Basic poloshirt Tony black 3XL,"Dit poloshirt is gemaakt van 50% katoen en 50% polyester voor optimaal comfort en behoud van kleur. Perfect als instapmodel zonder halve maan of zijsplitten.<br/><br/>- Dubbel gestikte naden, nektape ter versteviging en 40°C wasbaar.<br/>- Set-in mouwen, zijnaden, ribkraag.<br/>- 3-Knoops kraag, ton-sur-ton knopen.<br/>- Mouwen zonder boord. <br/>- 170-Grams poloshirt, vervaardigd uit 50% voorgekrompen katoen en 50% polyester. <br/>- Hangtag en polybags met barcode.<br/>- Geschikt voor promo-, werk- & casual vrijetijdskleding.<br/>- Beschikbaar van maat XS t/m 7XL.<br/><br/>Ook mogelijk in uw gewenste PMS-kleur aan dezelfde prijs, minimaal 300 stuks door de maten heen.",https://tghimages.nl/B2B_BPS170_BLACK_FRONT.JPG
B2B-BPS170,B2B Basic Poloshirt Tony,B2B-BPS170BL07,1,Back To Basics,,B2B-BPS170BL07,B2B Basic Poloshirt Tony,"6,10E+12",1,"4,9",4XL,black,Basic poloshirt Tony black 4XL,Basic poloshirt Tony black 4XL,"Dit poloshirt is gemaakt van 50% katoen en 50% polyester voor optimaal comfort en behoud van kleur. Perfect als instapmodel zonder halve maan of zijsplitten.<br/><br/>- Dubbel gestikte naden, nektape ter versteviging en 40°C wasbaar.<br/>- Set-in mouwen, zijnaden, ribkraag.<br/>- 3-Knoops kraag, ton-sur-ton knopen.<br/>- Mouwen zonder boord. <br/>- 170-Grams poloshirt, vervaardigd uit 50% voorgekrompen katoen en 50% polyester. <br/>- Hangtag en polybags met barcode.<br/>- Geschikt voor promo-, werk- & casual vrijetijdskleding.<br/>- Beschikbaar van maat XS t/m 7XL.<br/><br/>Ook mogelijk in uw gewenste PMS-kleur aan dezelfde prijs, minimaal 300 stuks door de maten heen.",https://tghimages.nl/B2B_BPS170_BLACK_FRONT.JPG
B2B-BPS170,B2B Basic Poloshirt Tony,B2B-BPS170BL08,1,Back To Basics,,B2B-BPS170BL08,B2B Basic Poloshirt Tony,"6,10E+12",1,5,5XL,black,Basic poloshirt Tony black 5XL,Basic poloshirt Tony black 5XL,"Dit poloshirt is gemaakt van 50% katoen en 50% polyester voor optimaal comfort en behoud van kleur. Perfect als instapmodel zonder halve maan of zijsplitten.<br/><br/>- Dubbel gestikte naden, nektape ter versteviging en 40°C wasbaar.<br/>- Set-in mouwen, zijnaden, ribkraag.<br/>- 3-Knoops kraag, ton-sur-ton knopen.<br/>- Mouwen zonder boord. <br/>- 170-Grams poloshirt, vervaardigd uit 50% voorgekrompen katoen en 50% polyester. <br/>- Hangtag en polybags met barcode.<br/>- Geschikt voor promo-, werk- & casual vrijetijdskleding.<br/>- Beschikbaar van maat XS t/m 7XL.<br/><br/>Ook mogelijk in uw gewenste PMS-kleur aan dezelfde prijs, minimaal 300 stuks door de maten heen.",https://tghimages.nl/B2B_BPS170_BLACK_FRONT.JPG
B2B-BPS170,B2B Basic Poloshirt Tony,B2B-BPS170BL09,1,Back To Basics,,B2B-BPS170BL09,B2B Basic Poloshirt Tony,"6,10E+12",1,"5,1",6XL,black,Basic poloshirt Tony black 6XL,Basic poloshirt Tony black 6XL,"Dit poloshirt is gemaakt van 50% katoen en 50% polyester voor optimaal comfort en behoud van kleur. Perfect als instapmodel zonder halve maan of zijsplitten.<br/><br/>- Dubbel gestikte naden, nektape ter versteviging en 40°C wasbaar.<br/>- Set-in mouwen, zijnaden, ribkraag.<br/>- 3-Knoops kraag, ton-sur-ton knopen.<br/>- Mouwen zonder boord. <br/>- 170-Grams poloshirt, vervaardigd uit 50% voorgekrompen katoen en 50% polyester. <br/>- Hangtag en polybags met barcode.<br/>- Geschikt voor promo-, werk- & casual vrijetijdskleding.<br/>- Beschikbaar van maat XS t/m 7XL.<br/><br/>Ook mogelijk in uw gewenste PMS-kleur aan dezelfde prijs, minimaal 300 stuks door de maten heen.",https://tghimages.nl/B2B_BPS170_BLACK_FRONT.JPG
B2B-BPS170,B2B Basic Poloshirt Tony,B2B-BPS170BL10,1,Back To Basics,,B2B-BPS170BL10,B2B Basic Poloshirt Tony,"6,10E+12",1,"5,2",7XL,black,Basic poloshirt Tony black 7XL,Basic poloshirt Tony black 7XL,"Dit poloshirt is gemaakt van 50% katoen en 50% polyester voor optimaal comfort en behoud van kleur. Perfect als instapmodel zonder halve maan of zijsplitten.<br/><br/>- Dubbel gestikte naden, nektape ter versteviging en 40°C wasbaar.<br/>- Set-in mouwen, zijnaden, ribkraag.<br/>- 3-Knoops kraag, ton-sur-ton knopen.<br/>- Mouwen zonder boord. <br/>- 170-Grams poloshirt, vervaardigd uit 50% voorgekrompen katoen en 50% polyester. <br/>- Hangtag en polybags met barcode.<br/>- Geschikt voor promo-, werk- & casual vrijetijdskleding.<br/>- Beschikbaar van maat XS t/m 7XL.<br/><br/>Ook mogelijk in uw gewenste PMS-kleur aan dezelfde prijs, minimaal 300 stuks door de maten heen.",https://tghimages.nl/B2B_BPS170_BLACK_FRONT.JPG
B2B-BPS170,B2B Basic Poloshirt Tony,B2B-BPS170NA00,1,Back To Basics,,B2B-BPS170NA00,B2B Basic Poloshirt Tony,"6,10E+12",1,"5,3",XS,navy,Basic poloshirt Tony navy XS,Basic poloshirt Tony navy XS,"Dit poloshirt is gemaakt van 50% katoen en 50% polyester voor optimaal comfort en behoud van kleur. Perfect als instapmodel zonder halve maan of zijsplitten.<br/><br/>- Dubbel gestikte naden, nektape ter versteviging en 40°C wasbaar.<br/>- Set-in mouwen, zijnaden, ribkraag.<br/>- 3-Knoops kraag, ton-sur-ton knopen.<br/>- Mouwen zonder boord. <br/>- 170-Grams poloshirt, vervaardigd uit 50% voorgekrompen katoen en 50% polyester. <br/>- Hangtag en polybags met barcode.<br/>- Geschikt voor promo-, werk- & casual vrijetijdskleding.<br/>- Beschikbaar van maat XS t/m 7XL.<br/><br/>Ook mogelijk in uw gewenste PMS-kleur aan dezelfde prijs, minimaal 300 stuks door de maten heen.",https://tghimages.nl/B2B_BPS170_NAVY_FRONT.JPG
B2B-BPS170,B2B Basic Poloshirt Tony,B2B-BPS170NA01,1,Back To Basics,,B2B-BPS170NA01,B2B Basic Poloshirt Tony,"6,10E+12",1,"5,4",S,navy,Basic poloshirt Tony navy S,Basic poloshirt Tony navy S,"Dit poloshirt is gemaakt van 50% katoen en 50% polyester voor optimaal comfort en behoud van kleur. Perfect als instapmodel zonder halve maan of zijsplitten.<br/><br/>- Dubbel gestikte naden, nektape ter versteviging en 40°C wasbaar.<br/>- Set-in mouwen, zijnaden, ribkraag.<br/>- 3-Knoops kraag, ton-sur-ton knopen.<br/>- Mouwen zonder boord. <br/>- 170-Grams poloshirt, vervaardigd uit 50% voorgekrompen katoen en 50% polyester. <br/>- Hangtag en polybags met barcode.<br/>- Geschikt voor promo-, werk- & casual vrijetijdskleding.<br/>- Beschikbaar van maat XS t/m 7XL.<br/><br/>Ook mogelijk in uw gewenste PMS-kleur aan dezelfde prijs, minimaal 300 stuks door de maten heen.",https://tghimages.nl/B2B_BPS170_NAVY_FRONT.JPG
B2B-BPS170,B2B Basic Poloshirt Tony,B2B-BPS170NA02,1,Back To Basics,,B2B-BPS170NA02,B2B Basic Poloshirt Tony,"6,10E+12",1,"5,5",M,navy,Basic poloshirt Tony navy M,Basic poloshirt Tony navy M,"Dit poloshirt is gemaakt van 50% katoen en 50% polyester voor optimaal comfort en behoud van kleur. Perfect als instapmodel zonder halve maan of zijsplitten.<br/><br/>- Dubbel gestikte naden, nektape ter versteviging en 40°C wasbaar.<br/>- Set-in mouwen, zijnaden, ribkraag.<br/>- 3-Knoops kraag, ton-sur-ton knopen.<br/>- Mouwen zonder boord. <br/>- 170-Grams poloshirt, vervaardigd uit 50% voorgekrompen katoen en 50% polyester. <br/>- Hangtag en polybags met barcode.<br/>- Geschikt voor promo-, werk- & casual vrijetijdskleding.<br/>- Beschikbaar van maat XS t/m 7XL.<br/><br/>Ook mogelijk in uw gewenste PMS-kleur aan dezelfde prijs, minimaal 300 stuks door de maten heen.",https://tghimages.nl/B2B_BPS170_NAVY_FRONT.JPG
B2B-BPS170,B2B Basic Poloshirt Tony,B2B-BPS170NA03,1,Back To Basics,,B2B-BPS170NA03,B2B Basic Poloshirt Tony,"6,10E+12",1,"5,6",L,navy,Basic poloshirt Tony navy L,Basic poloshirt Tony navy L,"Dit poloshirt is gemaakt van 50% katoen en 50% polyester voor optimaal comfort en behoud van kleur. Perfect als instapmodel zonder halve maan of zijsplitten.<br/><br/>- Dubbel gestikte naden, nektape ter versteviging en 40°C wasbaar.<br/>- Set-in mouwen, zijnaden, ribkraag.<br/>- 3-Knoops kraag, ton-sur-ton knopen.<br/>- Mouwen zonder boord. <br/>- 170-Grams poloshirt, vervaardigd uit 50% voorgekrompen katoen en 50% polyester. <br/>- Hangtag en polybags met barcode.<br/>- Geschikt voor promo-, werk- & casual vrijetijdskleding.<br/>- Beschikbaar van maat XS t/m 7XL.<br/><br/>Ook mogelijk in uw gewenste PMS-kleur aan dezelfde prijs, minimaal 300 stuks door de maten heen.",https://tghimages.nl/B2B_BPS170_NAVY_FRONT.JPG
B2B-BPS170,B2B Basic Poloshirt Tony,B2B-BPS170NA04,1,Back To Basics,,B2B-BPS170NA04,B2B Basic Poloshirt Tony,"6,10E+12",1,"5,7",XL,navy,Basic poloshirt Tony navy XL,Basic poloshirt Tony navy XL,"Dit poloshirt is gemaakt van 50% katoen en 50% polyester voor optimaal comfort en behoud van kleur. Perfect als instapmodel zonder halve maan of zijsplitten.<br/><br/>- Dubbel gestikte naden, nektape ter versteviging en 40°C wasbaar.<br/>- Set-in mouwen, zijnaden, ribkraag.<br/>- 3-Knoops kraag, ton-sur-ton knopen.<br/>- Mouwen zonder boord. <br/>- 170-Grams poloshirt, vervaardigd uit 50% voorgekrompen katoen en 50% polyester. <br/>- Hangtag en polybags met barcode.<br/>- Geschikt voor promo-, werk- & casual vrijetijdskleding.<br/>- Beschikbaar van maat XS t/m 7XL.<br/><br/>Ook mogelijk in uw gewenste PMS-kleur aan dezelfde prijs, minimaal 300 stuks door de maten heen.",https://tghimages.nl/B2B_BPS170_NAVY_FRONT.JPG
B2B-BPS170,B2B Basic Poloshirt Tony,B2B-BPS170NA05,1,Back To Basics,,B2B-BPS170NA05,B2B Basic Poloshirt Tony,"6,10E+12",1,"5,8",XXL,navy,Basic poloshirt Tony navy XXL,Basic poloshirt Tony navy XXL,"Dit poloshirt is gemaakt van 50% katoen en 50% polyester voor optimaal comfort en behoud van kleur. Perfect als instapmodel zonder halve maan of zijsplitten.<br/><br/>- Dubbel gestikte naden, nektape ter versteviging en 40°C wasbaar.<br/>- Set-in mouwen, zijnaden, ribkraag.<br/>- 3-Knoops kraag, ton-sur-ton knopen.<br/>- Mouwen zonder boord. <br/>- 170-Grams poloshirt, vervaardigd uit 50% voorgekrompen katoen en 50% polyester. <br/>- Hangtag en polybags met barcode.<br/>- Geschikt voor promo-, werk- & casual vrijetijdskleding.<br/>- Beschikbaar van maat XS t/m 7XL.<br/><br/>Ook mogelijk in uw gewenste PMS-kleur aan dezelfde prijs, minimaal 300 stuks door de maten heen.",https://tghimages.nl/B2B_BPS170_NAVY_FRONT.JPG
B2B-BPS170,B2B Basic Poloshirt Tony,B2B-BPS170NA06,1,Back To Basics,,B2B-BPS170NA06,B2B Basic Poloshirt Tony,"6,10E+12",1,"5,9",3XL,navy,Basic poloshirt Tony navy 3XL,Basic poloshirt Tony navy 3XL,"Dit poloshirt is gemaakt van 50% katoen en 50% polyester voor optimaal comfort en behoud van kleur. Perfect als instapmodel zonder halve maan of zijsplitten.<br/><br/>- Dubbel gestikte naden, nektape ter versteviging en 40°C wasbaar.<br/>- Set-in mouwen, zijnaden, ribkraag.<br/>- 3-Knoops kraag, ton-sur-ton knopen.<br/>- Mouwen zonder boord. <br/>- 170-Grams poloshirt, vervaardigd uit 50% voorgekrompen katoen en 50% polyester. <br/>- Hangtag en polybags met barcode.<br/>- Geschikt voor promo-, werk- & casual vrijetijdskleding.<br/>- Beschikbaar van maat XS t/m 7XL.<br/><br/>Ook mogelijk in uw gewenste PMS-kleur aan dezelfde prijs, minimaal 300 stuks door de maten heen.",https://tghimages.nl/B2B_BPS170_NAVY_FRONT.JPG
B2B-BPS170,B2B Basic Poloshirt Tony,B2B-BPS170NA07,1,Back To Basics,,B2B-BPS170NA07,B2B Basic Poloshirt Tony,"6,10E+12",1,6,4XL,navy,Basic poloshirt Tony navy 4XL,Basic poloshirt Tony navy 4XL,"Dit poloshirt is gemaakt van 50% katoen en 50% polyester voor optimaal comfort en behoud van kleur. Perfect als instapmodel zonder halve maan of zijsplitten.<br/><br/>- Dubbel gestikte naden, nektape ter versteviging en 40°C wasbaar.<br/>- Set-in mouwen, zijnaden, ribkraag.<br/>- 3-Knoops kraag, ton-sur-ton knopen.<br/>- Mouwen zonder boord. <br/>- 170-Grams poloshirt, vervaardigd uit 50% voorgekrompen katoen en 50% polyester. <br/>- Hangtag en polybags met barcode.<br/>- Geschikt voor promo-, werk- & casual vrijetijdskleding.<br/>- Beschikbaar van maat XS t/m 7XL.<br/><br/>Ook mogelijk in uw gewenste PMS-kleur aan dezelfde prijs, minimaal 300 stuks door de maten heen.",https://tghimages.nl/B2B_BPS170_NAVY_FRONT.JPG
B2B-BPS170,B2B Basic Poloshirt Tony,B2B-BPS170NA08,1,Back To Basics,,B2B-BPS170NA08,B2B Basic Poloshirt Tony,"6,10E+12",1,"6,1",5XL,navy,Basic poloshirt Tony navy 5XL,Basic poloshirt Tony navy 5XL,"Dit poloshirt is gemaakt van 50% katoen en 50% polyester voor optimaal comfort en behoud van kleur. Perfect als instapmodel zonder halve maan of zijsplitten.<br/><br/>- Dubbel gestikte naden, nektape ter versteviging en 40°C wasbaar.<br/>- Set-in mouwen, zijnaden, ribkraag.<br/>- 3-Knoops kraag, ton-sur-ton knopen.<br/>- Mouwen zonder boord. <br/>- 170-Grams poloshirt, vervaardigd uit 50% voorgekrompen katoen en 50% polyester. <br/>- Hangtag en polybags met barcode.<br/>- Geschikt voor promo-, werk- & casual vrijetijdskleding.<br/>- Beschikbaar van maat XS t/m 7XL.<br/><br/>Ook mogelijk in uw gewenste PMS-kleur aan dezelfde prijs, minimaal 300 stuks door de maten heen.",https://tghimages.nl/B2B_BPS170_NAVY_FRONT.JPG
B2B-BPS170,B2B Basic Poloshirt Tony,B2B-BPS170NA09,1,Back To Basics,,B2B-BPS170NA09,B2B Basic Poloshirt Tony,"6,10E+12",1,"6,2",6XL,navy,Basic poloshirt Tony navy 6XL,Basic poloshirt Tony navy 6XL,"Dit poloshirt is gemaakt van 50% katoen en 50% polyester voor optimaal comfort en behoud van kleur. Perfect als instapmodel zonder halve maan of zijsplitten.<br/><br/>- Dubbel gestikte naden, nektape ter versteviging en 40°C wasbaar.<br/>- Set-in mouwen, zijnaden, ribkraag.<br/>- 3-Knoops kraag, ton-sur-ton knopen.<br/>- Mouwen zonder boord. <br/>- 170-Grams poloshirt, vervaardigd uit 50% voorgekrompen katoen en 50% polyester. <br/>- Hangtag en polybags met barcode.<br/>- Geschikt voor promo-, werk- & casual vrijetijdskleding.<br/>- Beschikbaar van maat XS t/m 7XL.<br/><br/>Ook mogelijk in uw gewenste PMS-kleur aan dezelfde prijs, minimaal 300 stuks door de maten heen.",https://tghimages.nl/B2B_BPS170_NAVY_FRONT.JPG
B2B-BPS170,B2B Basic Poloshirt Tony,B2B-BPS170NA10,1,Back To Basics,,B2B-BPS170NA10,B2B Basic Poloshirt Tony,"6,10E+12",1,"6,3",7XL,navy,Basic poloshirt Tony navy 7XL,Basic poloshirt Tony navy 7XL,"Dit poloshirt is gemaakt van 50% katoen en 50% polyester voor optimaal comfort en behoud van kleur. Perfect als instapmodel zonder halve maan of zijsplitten.<br/><br/>- Dubbel gestikte naden, nektape ter versteviging en 40°C wasbaar.<br/>- Set-in mouwen, zijnaden, ribkraag.<br/>- 3-Knoops kraag, ton-sur-ton knopen.<br/>- Mouwen zonder boord. <br/>- 170-Grams poloshirt, vervaardigd uit 50% voorgekrompen katoen en 50% polyester. <br/>- Hangtag en polybags met barcode.<br/>- Geschikt voor promo-, werk- & casual vrijetijdskleding.<br/>- Beschikbaar van maat XS t/m 7XL.<br/><br/>Ook mogelijk in uw gewenste PMS-kleur aan dezelfde prijs, minimaal 300 stuks door de maten heen.",https://tghimages.nl/B2B_BPS170_NAVY_FRONT.JPG
B2B-BRNSW,B2B Basic Round neck sweater Tommy,B2B-BRNSWBL00,1,Back To Basics,,B2B-BRNSWBL00,B2B Basic Round neck sweater Tommy,"6,10E+12",1,"6,4",XS,black,Basic round neck sweater Tommy black XS,Basic round neck sweater Tommy black XS,"Deze ronde hals sweater combineert comfort en stijl. De binnenkant is voorzien van geborstelde fleece voor extra warmte en een heerlijk zacht gevoel. Ribboorden zorgen voor een perfecte pasvorm. Ideaal voor zowel alledaagse activiteiten, als relatiegeschenk of als werkkleding.<br/><br/>- Dubbel gestikte naden, nektape ter versteviging en 40°C wasbaar.<br/>- Geborstelde fleece aan de binnenkant voor meer draagcomfort, set-in mouwen, brede ribgebreide boorden. Ribkraag.<br/>- Duurzame 260-grams ronde hals sweater, vervaardigd uit 50% katoen en 50% polyester. <br/>- Hangtag en polybags met barcode.<br/>- Geschikt voor promotie- werk- & casual vrijetijdskleding.<br/>- Beschikbaar van maat XS t/m 7XL.<br/><br/>Ook mogelijk in uw gewenste PMS-kleur aan dezelfde prijs, minimaal 300 stuks door de maten heen.",https://tghimages.nl/B2B_BRNSW_BLACK_FRONT.JPG
B2B-BRNSW,B2B Basic Round neck sweater Tommy,B2B-BRNSWBL01,1,Back To Basics,,B2B-BRNSWBL01,B2B Basic Round neck sweater Tommy,"6,10E+12",1,"6,5",S,black,Basic round neck sweater Tommy black S,Basic round neck sweater Tommy black S,"Deze ronde hals sweater combineert comfort en stijl. De binnenkant is voorzien van geborstelde fleece voor extra warmte en een heerlijk zacht gevoel. Ribboorden zorgen voor een perfecte pasvorm. Ideaal voor zowel alledaagse activiteiten, als relatiegeschenk of als werkkleding.<br/><br/>- Dubbel gestikte naden, nektape ter versteviging en 40°C wasbaar.<br/>- Geborstelde fleece aan de binnenkant voor meer draagcomfort, set-in mouwen, brede ribgebreide boorden. Ribkraag.<br/>- Duurzame 260-grams ronde hals sweater, vervaardigd uit 50% katoen en 50% polyester. <br/>- Hangtag en polybags met barcode.<br/>- Geschikt voor promotie- werk- & casual vrijetijdskleding.<br/>- Beschikbaar van maat XS t/m 7XL.<br/><br/>Ook mogelijk in uw gewenste PMS-kleur aan dezelfde prijs, minimaal 300 stuks door de maten heen.",https://tghimages.nl/B2B_BRNSW_BLACK_FRONT.JPG
B2B-BRNSW,B2B Basic Round neck sweater Tommy,B2B-BRNSWBL02,1,Back To Basics,,B2B-BRNSWBL02,B2B Basic Round neck sweater Tommy,"6,10E+12",1,"6,6",M,black,Basic round neck sweater Tommy black M,Basic round neck sweater Tommy black M,"Deze ronde hals sweater combineert comfort en stijl. De binnenkant is voorzien van geborstelde fleece voor extra warmte en een heerlijk zacht gevoel. Ribboorden zorgen voor een perfecte pasvorm. Ideaal voor zowel alledaagse activiteiten, als relatiegeschenk of als werkkleding.<br/><br/>- Dubbel gestikte naden, nektape ter versteviging en 40°C wasbaar.<br/>- Geborstelde fleece aan de binnenkant voor meer draagcomfort, set-in mouwen, brede ribgebreide boorden. Ribkraag.<br/>- Duurzame 260-grams ronde hals sweater, vervaardigd uit 50% katoen en 50% polyester. <br/>- Hangtag en polybags met barcode.<br/>- Geschikt voor promotie- werk- & casual vrijetijdskleding.<br/>- Beschikbaar van maat XS t/m 7XL.<br/><br/>Ook mogelijk in uw gewenste PMS-kleur aan dezelfde prijs, minimaal 300 stuks door de maten heen.",https://tghimages.nl/B2B_BRNSW_BLACK_FRONT.JPG
B2B-BRNSW,B2B Basic Round neck sweater Tommy,B2B-BRNSWBL03,1,Back To Basics,,B2B-BRNSWBL03,B2B Basic Round neck sweater Tommy,"6,10E+12",1,"6,7",L,black,Basic round neck sweater Tommy black L,Basic round neck sweater Tommy black L,"Deze ronde hals sweater combineert comfort en stijl. De binnenkant is voorzien van geborstelde fleece voor extra warmte en een heerlijk zacht gevoel. Ribboorden zorgen voor een perfecte pasvorm. Ideaal voor zowel alledaagse activiteiten, als relatiegeschenk of als werkkleding.<br/><br/>- Dubbel gestikte naden, nektape ter versteviging en 40°C wasbaar.<br/>- Geborstelde fleece aan de binnenkant voor meer draagcomfort, set-in mouwen, brede ribgebreide boorden. Ribkraag.<br/>- Duurzame 260-grams ronde hals sweater, vervaardigd uit 50% katoen en 50% polyester. <br/>- Hangtag en polybags met barcode.<br/>- Geschikt voor promotie- werk- & casual vrijetijdskleding.<br/>- Beschikbaar van maat XS t/m 7XL.<br/><br/>Ook mogelijk in uw gewenste PMS-kleur aan dezelfde prijs, minimaal 300 stuks door de maten heen.",https://tghimages.nl/B2B_BRNSW_BLACK_FRONT.JPG
B2B-BRNSW,B2B Basic Round neck sweater Tommy,B2B-BRNSWBL04,1,Back To Basics,,B2B-BRNSWBL04,B2B Basic Round neck sweater Tommy,"6,10E+12",1,"6,8",XL,black,Basic round neck sweater Tommy black XL,Basic round neck sweater Tommy black XL,"Deze ronde hals sweater combineert comfort en stijl. De binnenkant is voorzien van geborstelde fleece voor extra warmte en een heerlijk zacht gevoel. Ribboorden zorgen voor een perfecte pasvorm. Ideaal voor zowel alledaagse activiteiten, als relatiegeschenk of als werkkleding.<br/><br/>- Dubbel gestikte naden, nektape ter versteviging en 40°C wasbaar.<br/>- Geborstelde fleece aan de binnenkant voor meer draagcomfort, set-in mouwen, brede ribgebreide boorden. Ribkraag.<br/>- Duurzame 260-grams ronde hals sweater, vervaardigd uit 50% katoen en 50% polyester. <br/>- Hangtag en polybags met barcode.<br/>- Geschikt voor promotie- werk- & casual vrijetijdskleding.<br/>- Beschikbaar van maat XS t/m 7XL.<br/><br/>Ook mogelijk in uw gewenste PMS-kleur aan dezelfde prijs, minimaal 300 stuks door de maten heen.",https://tghimages.nl/B2B_BRNSW_BLACK_FRONT.JPG
B2B-BRNSW,B2B Basic Round neck sweater Tommy,B2B-BRNSWBL05,1,Back To Basics,,B2B-BRNSWBL05,B2B Basic Round neck sweater Tommy,"6,10E+12",1,"6,9",XXL,black,Basic round neck sweater Tommy black XXL,Basic round neck sweater Tommy black XXL,"Deze ronde hals sweater combineert comfort en stijl. De binnenkant is voorzien van geborstelde fleece voor extra warmte en een heerlijk zacht gevoel. Ribboorden zorgen voor een perfecte pasvorm. Ideaal voor zowel alledaagse activiteiten, als relatiegeschenk of als werkkleding.<br/><br/>- Dubbel gestikte naden, nektape ter versteviging en 40°C wasbaar.<br/>- Geborstelde fleece aan de binnenkant voor meer draagcomfort, set-in mouwen, brede ribgebreide boorden. Ribkraag.<br/>- Duurzame 260-grams ronde hals sweater, vervaardigd uit 50% katoen en 50% polyester. <br/>- Hangtag en polybags met barcode.<br/>- Geschikt voor promotie- werk- & casual vrijetijdskleding.<br/>- Beschikbaar van maat XS t/m 7XL.<br/><br/>Ook mogelijk in uw gewenste PMS-kleur aan dezelfde prijs, minimaal 300 stuks door de maten heen.",https://tghimages.nl/B2B_BRNSW_BLACK_FRONT.JPG
B2B-BRNSW,B2B Basic Round neck sweater Tommy,B2B-BRNSWBL06,1,Back To Basics,,B2B-BRNSWBL06,B2B Basic Round neck sweater Tommy,"6,10E+12",1,7,3XL,black,Basic round neck sweater Tommy black 3XL,Basic round neck sweater Tommy black 3XL,"Deze ronde hals sweater combineert comfort en stijl. De binnenkant is voorzien van geborstelde fleece voor extra warmte en een heerlijk zacht gevoel. Ribboorden zorgen voor een perfecte pasvorm. Ideaal voor zowel alledaagse activiteiten, als relatiegeschenk of als werkkleding.<br/><br/>- Dubbel gestikte naden, nektape ter versteviging en 40°C wasbaar.<br/>- Geborstelde fleece aan de binnenkant voor meer draagcomfort, set-in mouwen, brede ribgebreide boorden. Ribkraag.<br/>- Duurzame 260-grams ronde hals sweater, vervaardigd uit 50% katoen en 50% polyester. <br/>- Hangtag en polybags met barcode.<br/>- Geschikt voor promotie- werk- & casual vrijetijdskleding.<br/>- Beschikbaar van maat XS t/m 7XL.<br/><br/>Ook mogelijk in uw gewenste PMS-kleur aan dezelfde prijs, minimaal 300 stuks door de maten heen.",https://tghimages.nl/B2B_BRNSW_BLACK_FRONT.JPG
B2B-BRNSW,B2B Basic Round neck sweater Tommy,B2B-BRNSWBL07,1,Back To Basics,,B2B-BRNSWBL07,B2B Basic Round neck sweater Tommy,"6,10E+12",1,"7,1",4XL,black,Basic round neck sweater Tommy black 4XL,Basic round neck sweater Tommy black 4XL,"Deze ronde hals sweater combineert comfort en stijl. De binnenkant is voorzien van geborstelde fleece voor extra warmte en een heerlijk zacht gevoel. Ribboorden zorgen voor een perfecte pasvorm. Ideaal voor zowel alledaagse activiteiten, als relatiegeschenk of als werkkleding.<br/><br/>- Dubbel gestikte naden, nektape ter versteviging en 40°C wasbaar.<br/>- Geborstelde fleece aan de binnenkant voor meer draagcomfort, set-in mouwen, brede ribgebreide boorden. Ribkraag.<br/>- Duurzame 260-grams ronde hals sweater, vervaardigd uit 50% katoen en 50% polyester. <br/>- Hangtag en polybags met barcode.<br/>- Geschikt voor promotie- werk- & casual vrijetijdskleding.<br/>- Beschikbaar van maat XS t/m 7XL.<br/><br/>Ook mogelijk in uw gewenste PMS-kleur aan dezelfde prijs, minimaal 300 stuks door de maten heen.",https://tghimages.nl/B2B_BRNSW_BLACK_FRONT.JPG
B2B-BRNSW,B2B Basic Round neck sweater Tommy,B2B-BRNSWBL08,1,Back To Basics,,B2B-BRNSWBL08,B2B Basic Round neck sweater Tommy,"6,10E+12",1,"7,2",5XL,black,Basic round neck sweater Tommy black 5XL,Basic round neck sweater Tommy black 5XL,"Deze ronde hals sweater combineert comfort en stijl. De binnenkant is voorzien van geborstelde fleece voor extra warmte en een heerlijk zacht gevoel. Ribboorden zorgen voor een perfecte pasvorm. Ideaal voor zowel alledaagse activiteiten, als relatiegeschenk of als werkkleding.<br/><br/>- Dubbel gestikte naden, nektape ter versteviging en 40°C wasbaar.<br/>- Geborstelde fleece aan de binnenkant voor meer draagcomfort, set-in mouwen, brede ribgebreide boorden. Ribkraag.<br/>- Duurzame 260-grams ronde hals sweater, vervaardigd uit 50% katoen en 50% polyester. <br/>- Hangtag en polybags met barcode.<br/>- Geschikt voor promotie- werk- & casual vrijetijdskleding.<br/>- Beschikbaar van maat XS t/m 7XL.<br/><br/>Ook mogelijk in uw gewenste PMS-kleur aan dezelfde prijs, minimaal 300 stuks door de maten heen.",https://tghimages.nl/B2B_BRNSW_BLACK_FRONT.JPG
B2B-BRNSW,B2B Basic Round neck sweater Tommy,B2B-BRNSWBL09,1,Back To Basics,,B2B-BRNSWBL09,B2B Basic Round neck sweater Tommy,"6,10E+12",1,"7,3",6XL,black,Basic round neck sweater Tommy black 6XL,Basic round neck sweater Tommy black 6XL,"Deze ronde hals sweater combineert comfort en stijl. De binnenkant is voorzien van geborstelde fleece voor extra warmte en een heerlijk zacht gevoel. Ribboorden zorgen voor een perfecte pasvorm. Ideaal voor zowel alledaagse activiteiten, als relatiegeschenk of als werkkleding.<br/><br/>- Dubbel gestikte naden, nektape ter versteviging en 40°C wasbaar.<br/>- Geborstelde fleece aan de binnenkant voor meer draagcomfort, set-in mouwen, brede ribgebreide boorden. Ribkraag.<br/>- Duurzame 260-grams ronde hals sweater, vervaardigd uit 50% katoen en 50% polyester. <br/>- Hangtag en polybags met barcode.<br/>- Geschikt voor promotie- werk- & casual vrijetijdskleding.<br/>- Beschikbaar van maat XS t/m 7XL.<br/><br/>Ook mogelijk in uw gewenste PMS-kleur aan dezelfde prijs, minimaal 300 stuks door de maten heen.",https://tghimages.nl/B2B_BRNSW_BLACK_FRONT.JPG
B2B-BRNSW,B2B Basic Round neck sweater Tommy,B2B-BRNSWBL10,1,Back To Basics,,B2B-BRNSWBL10,B2B Basic Round neck sweater Tommy,"6,10E+12",1,"7,4",7XL,black,Basic round neck sweater Tommy black 7XL,Basic round neck sweater Tommy black 7XL,"Deze ronde hals sweater combineert comfort en stijl. De binnenkant is voorzien van geborstelde fleece voor extra warmte en een heerlijk zacht gevoel. Ribboorden zorgen voor een perfecte pasvorm. Ideaal voor zowel alledaagse activiteiten, als relatiegeschenk of als werkkleding.<br/><br/>- Dubbel gestikte naden, nektape ter versteviging en 40°C wasbaar.<br/>- Geborstelde fleece aan de binnenkant voor meer draagcomfort, set-in mouwen, brede ribgebreide boorden. Ribkraag.<br/>- Duurzame 260-grams ronde hals sweater, vervaardigd uit 50% katoen en 50% polyester. <br/>- Hangtag en polybags met barcode.<br/>- Geschikt voor promotie- werk- & casual vrijetijdskleding.<br/>- Beschikbaar van maat XS t/m 7XL.<br/><br/>Ook mogelijk in uw gewenste PMS-kleur aan dezelfde prijs, minimaal 300 stuks door de maten heen.",https://tghimages.nl/B2B_BRNSW_BLACK_FRONT.JPG
B2B-BRNSW,B2B Basic Round neck sweater Tommy,B2B-BRNSWNA00,1,Back To Basics,,B2B-BRNSWNA00,B2B Basic Round neck sweater Tommy,"6,10E+12",1,"7,5",XS,navy,Basic round neck sweater Tommy navy XS,Basic round neck sweater Tommy navy XS,"Deze ronde hals sweater combineert comfort en stijl. De binnenkant is voorzien van geborstelde fleece voor extra warmte en een heerlijk zacht gevoel. Ribboorden zorgen voor een perfecte pasvorm. Ideaal voor zowel alledaagse activiteiten, als relatiegeschenk of als werkkleding.<br/><br/>- Dubbel gestikte naden, nektape ter versteviging en 40°C wasbaar.<br/>- Geborstelde fleece aan de binnenkant voor meer draagcomfort, set-in mouwen, brede ribgebreide boorden. Ribkraag.<br/>- Duurzame 260-grams ronde hals sweater, vervaardigd uit 50% katoen en 50% polyester. <br/>- Hangtag en polybags met barcode.<br/>- Geschikt voor promotie- werk- & casual vrijetijdskleding.<br/>- Beschikbaar van maat XS t/m 7XL.<br/><br/>Ook mogelijk in uw gewenste PMS-kleur aan dezelfde prijs, minimaal 300 stuks door de maten heen.",https://tghimages.nl/B2B_BRNSW_NAVY_FRONT.JPG
B2B-BRNSW,B2B Basic Round neck sweater Tommy,B2B-BRNSWNA01,1,Back To Basics,,B2B-BRNSWNA01,B2B Basic Round neck sweater Tommy,"6,10E+12",1,"7,6",S,navy,Basic round neck sweater Tommy navy S,Basic round neck sweater Tommy navy S,"Deze ronde hals sweater combineert comfort en stijl. De binnenkant is voorzien van geborstelde fleece voor extra warmte en een heerlijk zacht gevoel. Ribboorden zorgen voor een perfecte pasvorm. Ideaal voor zowel alledaagse activiteiten, als relatiegeschenk of als werkkleding.<br/><br/>- Dubbel gestikte naden, nektape ter versteviging en 40°C wasbaar.<br/>- Geborstelde fleece aan de binnenkant voor meer draagcomfort, set-in mouwen, brede ribgebreide boorden. Ribkraag.<br/>- Duurzame 260-grams ronde hals sweater, vervaardigd uit 50% katoen en 50% polyester. <br/>- Hangtag en polybags met barcode.<br/>- Geschikt voor promotie- werk- & casual vrijetijdskleding.<br/>- Beschikbaar van maat XS t/m 7XL.<br/><br/>Ook mogelijk in uw gewenste PMS-kleur aan dezelfde prijs, minimaal 300 stuks door de maten heen.",https://tghimages.nl/B2B_BRNSW_NAVY_FRONT.JPG
B2B-BRNSW,B2B Basic Round neck sweater Tommy,B2B-BRNSWNA02,1,Back To Basics,,B2B-BRNSWNA02,B2B Basic Round neck sweater Tommy,"6,10E+12",1,"7,7",M,navy,Basic round neck sweater Tommy navy M,Basic round neck sweater Tommy navy M,"Deze ronde hals sweater combineert comfort en stijl. De binnenkant is voorzien van geborstelde fleece voor extra warmte en een heerlijk zacht gevoel. Ribboorden zorgen voor een perfecte pasvorm. Ideaal voor zowel alledaagse activiteiten, als relatiegeschenk of als werkkleding.<br/><br/>- Dubbel gestikte naden, nektape ter versteviging en 40°C wasbaar.<br/>- Geborstelde fleece aan de binnenkant voor meer draagcomfort, set-in mouwen, brede ribgebreide boorden. Ribkraag.<br/>- Duurzame 260-grams ronde hals sweater, vervaardigd uit 50% katoen en 50% polyester. <br/>- Hangtag en polybags met barcode.<br/>- Geschikt voor promotie- werk- & casual vrijetijdskleding.<br/>- Beschikbaar van maat XS t/m 7XL.<br/><br/>Ook mogelijk in uw gewenste PMS-kleur aan dezelfde prijs, minimaal 300 stuks door de maten heen.",https://tghimages.nl/B2B_BRNSW_NAVY_FRONT.JPG
B2B-BRNSW,B2B Basic Round neck sweater Tommy,B2B-BRNSWNA03,1,Back To Basics,,B2B-BRNSWNA03,B2B Basic Round neck sweater Tommy,"6,10E+12",1,"7,8",L,navy,Basic round neck sweater Tommy navy L,Basic round neck sweater Tommy navy L,"Deze ronde hals sweater combineert comfort en stijl. De binnenkant is voorzien van geborstelde fleece voor extra warmte en een heerlijk zacht gevoel. Ribboorden zorgen voor een perfecte pasvorm. Ideaal voor zowel alledaagse activiteiten, als relatiegeschenk of als werkkleding.<br/><br/>- Dubbel gestikte naden, nektape ter versteviging en 40°C wasbaar.<br/>- Geborstelde fleece aan de binnenkant voor meer draagcomfort, set-in mouwen, brede ribgebreide boorden. Ribkraag.<br/>- Duurzame 260-grams ronde hals sweater, vervaardigd uit 50% katoen en 50% polyester. <br/>- Hangtag en polybags met barcode.<br/>- Geschikt voor promotie- werk- & casual vrijetijdskleding.<br/>- Beschikbaar van maat XS t/m 7XL.<br/><br/>Ook mogelijk in uw gewenste PMS-kleur aan dezelfde prijs, minimaal 300 stuks door de maten heen.",https://tghimages.nl/B2B_BRNSW_NAVY_FRONT.JPG
B2B-BRNSW,B2B Basic Round neck sweater Tommy,B2B-BRNSWNA04,1,Back To Basics,,B2B-BRNSWNA04,B2B Basic Round neck sweater Tommy,"6,10E+12",1,"7,9",XL,navy,Basic round neck sweater Tommy navy XL,Basic round neck sweater Tommy navy XL,"Deze ronde hals sweater combineert comfort en stijl. De binnenkant is voorzien van geborstelde fleece voor extra warmte en een heerlijk zacht gevoel. Ribboorden zorgen voor een perfecte pasvorm. Ideaal voor zowel alledaagse activiteiten, als relatiegeschenk of als werkkleding.<br/><br/>- Dubbel gestikte naden, nektape ter versteviging en 40°C wasbaar.<br/>- Geborstelde fleece aan de binnenkant voor meer draagcomfort, set-in mouwen, brede ribgebreide boorden. Ribkraag.<br/>- Duurzame 260-grams ronde hals sweater, vervaardigd uit 50% katoen en 50% polyester. <br/>- Hangtag en polybags met barcode.<br/>- Geschikt voor promotie- werk- & casual vrijetijdskleding.<br/>- Beschikbaar van maat XS t/m 7XL.<br/><br/>Ook mogelijk in uw gewenste PMS-kleur aan dezelfde prijs, minimaal 300 stuks door de maten heen.",https://tghimages.nl/B2B_BRNSW_NAVY_FRONT.JPG
B2B-BRNSW,B2B Basic Round neck sweater Tommy,B2B-BRNSWNA05,1,Back To Basics,,B2B-BRNSWNA05,B2B Basic Round neck sweater Tommy,"6,10E+12",1,8,XXL,navy,Basic round neck sweater Tommy navy XXL,Basic round neck sweater Tommy navy XXL,"Deze ronde hals sweater combineert comfort en stijl. De binnenkant is voorzien van geborstelde fleece voor extra warmte en een heerlijk zacht gevoel. Ribboorden zorgen voor een perfecte pasvorm. Ideaal voor zowel alledaagse activiteiten, als relatiegeschenk of als werkkleding.<br/><br/>- Dubbel gestikte naden, nektape ter versteviging en 40°C wasbaar.<br/>- Geborstelde fleece aan de binnenkant voor meer draagcomfort, set-in mouwen, brede ribgebreide boorden. Ribkraag.<br/>- Duurzame 260-grams ronde hals sweater, vervaardigd uit 50% katoen en 50% polyester. <br/>- Hangtag en polybags met barcode.<br/>- Geschikt voor promotie- werk- & casual vrijetijdskleding.<br/>- Beschikbaar van maat XS t/m 7XL.<br/><br/>Ook mogelijk in uw gewenste PMS-kleur aan dezelfde prijs, minimaal 300 stuks door de maten heen.",https://tghimages.nl/B2B_BRNSW_NAVY_FRONT.JPG
B2B-BRNSW,B2B Basic Round neck sweater Tommy,B2B-BRNSWNA06,1,Back To Basics,,B2B-BRNSWNA06,B2B Basic Round neck sweater Tommy,"6,10E+12",1,"8,1",3XL,navy,Basic round neck sweater Tommy navy 3XL,Basic round neck sweater Tommy navy 3XL,"Deze ronde hals sweater combineert comfort en stijl. De binnenkant is voorzien van geborstelde fleece voor extra warmte en een heerlijk zacht gevoel. Ribboorden zorgen voor een perfecte pasvorm. Ideaal voor zowel alledaagse activiteiten, als relatiegeschenk of als werkkleding.<br/><br/>- Dubbel gestikte naden, nektape ter versteviging en 40°C wasbaar.<br/>- Geborstelde fleece aan de binnenkant voor meer draagcomfort, set-in mouwen, brede ribgebreide boorden. Ribkraag.<br/>- Duurzame 260-grams ronde hals sweater, vervaardigd uit 50% katoen en 50% polyester. <br/>- Hangtag en polybags met barcode.<br/>- Geschikt voor promotie- werk- & casual vrijetijdskleding.<br/>- Beschikbaar van maat XS t/m 7XL.<br/><br/>Ook mogelijk in uw gewenste PMS-kleur aan dezelfde prijs, minimaal 300 stuks door de maten heen.",https://tghimages.nl/B2B_BRNSW_NAVY_FRONT.JPG
B2B-BRNSW,B2B Basic Round neck sweater Tommy,B2B-BRNSWNA07,1,Back To Basics,,B2B-BRNSWNA07,B2B Basic Round neck sweater Tommy,"6,10E+12",1,"8,2",4XL,navy,Basic round neck sweater Tommy navy 4XL,Basic round neck sweater Tommy navy 4XL,"Deze ronde hals sweater combineert comfort en stijl. De binnenkant is voorzien van geborstelde fleece voor extra warmte en een heerlijk zacht gevoel. Ribboorden zorgen voor een perfecte pasvorm. Ideaal voor zowel alledaagse activiteiten, als relatiegeschenk of als werkkleding.<br/><br/>- Dubbel gestikte naden, nektape ter versteviging en 40°C wasbaar.<br/>- Geborstelde fleece aan de binnenkant voor meer draagcomfort, set-in mouwen, brede ribgebreide boorden. Ribkraag.<br/>- Duurzame 260-grams ronde hals sweater, vervaardigd uit 50% katoen en 50% polyester. <br/>- Hangtag en polybags met barcode.<br/>- Geschikt voor promotie- werk- & casual vrijetijdskleding.<br/>- Beschikbaar van maat XS t/m 7XL.<br/><br/>Ook mogelijk in uw gewenste PMS-kleur aan dezelfde prijs, minimaal 300 stuks door de maten heen.",https://tghimages.nl/B2B_BRNSW_NAVY_FRONT.JPG
B2B-BRNSW,B2B Basic Round neck sweater Tommy,B2B-BRNSWNA08,1,Back To Basics,,B2B-BRNSWNA08,B2B Basic Round neck sweater Tommy,"6,10E+12",1,"8,3",5XL,navy,Basic round neck sweater Tommy navy 5XL,Basic round neck sweater Tommy navy 5XL,"Deze ronde hals sweater combineert comfort en stijl. De binnenkant is voorzien van geborstelde fleece voor extra warmte en een heerlijk zacht gevoel. Ribboorden zorgen voor een perfecte pasvorm. Ideaal voor zowel alledaagse activiteiten, als relatiegeschenk of als werkkleding.<br/><br/>- Dubbel gestikte naden, nektape ter versteviging en 40°C wasbaar.<br/>- Geborstelde fleece aan de binnenkant voor meer draagcomfort, set-in mouwen, brede ribgebreide boorden. Ribkraag.<br/>- Duurzame 260-grams ronde hals sweater, vervaardigd uit 50% katoen en 50% polyester. <br/>- Hangtag en polybags met barcode.<br/>- Geschikt voor promotie- werk- & casual vrijetijdskleding.<br/>- Beschikbaar van maat XS t/m 7XL.<br/><br/>Ook mogelijk in uw gewenste PMS-kleur aan dezelfde prijs, minimaal 300 stuks door de maten heen.",https://tghimages.nl/B2B_BRNSW_NAVY_FRONT.JPG
B2B-BRNSW,B2B Basic Round neck sweater Tommy,B2B-BRNSWNA09,1,Back To Basics,,B2B-BRNSWNA09,B2B Basic Round neck sweater Tommy,"6,10E+12",1,"8,4",6XL,navy,Basic round neck sweater Tommy navy 6XL,Basic round neck sweater Tommy navy 6XL,"Deze ronde hals sweater combineert comfort en stijl. De binnenkant is voorzien van geborstelde fleece voor extra warmte en een heerlijk zacht gevoel. Ribboorden zorgen voor een perfecte pasvorm. Ideaal voor zowel alledaagse activiteiten, als relatiegeschenk of als werkkleding.<br/><br/>- Dubbel gestikte naden, nektape ter versteviging en 40°C wasbaar.<br/>- Geborstelde fleece aan de binnenkant voor meer draagcomfort, set-in mouwen, brede ribgebreide boorden. Ribkraag.<br/>- Duurzame 260-grams ronde hals sweater, vervaardigd uit 50% katoen en 50% polyester. <br/>- Hangtag en polybags met barcode.<br/>- Geschikt voor promotie- werk- & casual vrijetijdskleding.<br/>- Beschikbaar van maat XS t/m 7XL.<br/><br/>Ook mogelijk in uw gewenste PMS-kleur aan dezelfde prijs, minimaal 300 stuks door de maten heen.",https://tghimages.nl/B2B_BRNSW_NAVY_FRONT.JPG
B2B-BRNSW,B2B Basic Round neck sweater Tommy,B2B-BRNSWNA10,1,Back To Basics,,B2B-BRNSWNA10,B2B Basic Round neck sweater Tommy,"6,10E+12",1,"8,5",7XL,navy,Basic round neck sweater Tommy navy 7XL,Basic round neck sweater Tommy navy 7XL,"Deze ronde hals sweater combineert comfort en stijl. De binnenkant is voorzien van geborstelde fleece voor extra warmte en een heerlijk zacht gevoel. Ribboorden zorgen voor een perfecte pasvorm. Ideaal voor zowel alledaagse activiteiten, als relatiegeschenk of als werkkleding.<br/><br/>- Dubbel gestikte naden, nektape ter versteviging en 40°C wasbaar.<br/>- Geborstelde fleece aan de binnenkant voor meer draagcomfort, set-in mouwen, brede ribgebreide boorden. Ribkraag.<br/>- Duurzame 260-grams ronde hals sweater, vervaardigd uit 50% katoen en 50% polyester. <br/>- Hangtag en polybags met barcode.<br/>- Geschikt voor promotie- werk- & casual vrijetijdskleding.<br/>- Beschikbaar van maat XS t/m 7XL.<br/><br/>Ook mogelijk in uw gewenste PMS-kleur aan dezelfde prijs, minimaal 300 stuks door de maten heen.",https://tghimages.nl/B2B_BRNSW_NAVY_FRONT.JPG
B2B-HBSW,B2B Hooded band sweater Oliver,B2B-HBSWAN00,1,Back To Basics,,B2B-HBSWAN00,B2B Hooded band sweater Oliver,"6,10E+12",1,"8,6",XS,anthracite,Hooded band sweater Oliver anthracite XS,Hooded band sweater Oliver anthracite XS,"Deze hooded sweater biedt zowel comfort als stijl. Hij is voorzien van metalen eyelets, stevige metalen uiteinden aan de trekkoorden, en een gevoerde capuchon voor extra warmte. Deze robuuste en moderne sweater is perfect voor dagelijks gebruik en werkgerelateerde activiteiten.<br/><br/>- Dubbel gestikte naden, gekleurde nektape ter versteviging en 60°C wasbaar.<br/>- Geborstelde fleece aan de binnenkant voor meer draagcomfort, set-in mouwen, brede ribgebreide boorden.<br/>- Gevoerde capuchon, koordjes afgewerkt met tubes.<br/>- Kangoeroezak op de voorzijde, V-stiksel op de borst.<br/>- Duurzame 280-grams hoodie, vervaardigd uit 70% voorgekrompen katoen en 30% gerecycled polyester. <br/>- Neutraal, enkel maatlabel aanwezig, dus uitermate geschikt voor rebranding. <br/>- Hangtag en polybags met barcode.<br/>- Geschikt voor werk- & casual vrijetijdskleding.<br/>- Beschikbaar van maat XS t/m 7XL.<br/><br/>Ook mogelijk in uw gewenste PMS-kleur aan dezelfde prijs, minimaal 300 stuks door de maten heen.",https://tghimages.nl/B2B_HBSW_ANTHRACITE_FRONT.JPG
B2B-HBSW,B2B Hooded band sweater Oliver,B2B-HBSWAN01,1,Back To Basics,,B2B-HBSWAN01,B2B Hooded band sweater Oliver,"6,10E+12",1,"8,7",S,anthracite,Hooded band sweater Oliver anthracite S,Hooded band sweater Oliver anthracite S,"Deze hooded sweater biedt zowel comfort als stijl. Hij is voorzien van metalen eyelets, stevige metalen uiteinden aan de trekkoorden, en een gevoerde capuchon voor extra warmte. Deze robuuste en moderne sweater is perfect voor dagelijks gebruik en werkgerelateerde activiteiten.<br/><br/>- Dubbel gestikte naden, gekleurde nektape ter versteviging en 60°C wasbaar.<br/>- Geborstelde fleece aan de binnenkant voor meer draagcomfort, set-in mouwen, brede ribgebreide boorden.<br/>- Gevoerde capuchon, koordjes afgewerkt met tubes.<br/>- Kangoeroezak op de voorzijde, V-stiksel op de borst.<br/>- Duurzame 280-grams hoodie, vervaardigd uit 70% voorgekrompen katoen en 30% gerecycled polyester. <br/>- Neutraal, enkel maatlabel aanwezig, dus uitermate geschikt voor rebranding. <br/>- Hangtag en polybags met barcode.<br/>- Geschikt voor werk- & casual vrijetijdskleding.<br/>- Beschikbaar van maat XS t/m 7XL.<br/><br/>Ook mogelijk in uw gewenste PMS-kleur aan dezelfde prijs, minimaal 300 stuks door de maten heen.",https://tghimages.nl/B2B_HBSW_ANTHRACITE_FRONT.JPG
B2B-HBSW,B2B Hooded band sweater Oliver,B2B-HBSWAN02,1,Back To Basics,,B2B-HBSWAN02,B2B Hooded band sweater Oliver,"6,10E+12",1,"8,8",M,anthracite,Hooded band sweater Oliver anthracite M,Hooded band sweater Oliver anthracite M,"Deze hooded sweater biedt zowel comfort als stijl. Hij is voorzien van metalen eyelets, stevige metalen uiteinden aan de trekkoorden, en een gevoerde capuchon voor extra warmte. Deze robuuste en moderne sweater is perfect voor dagelijks gebruik en werkgerelateerde activiteiten.<br/><br/>- Dubbel gestikte naden, gekleurde nektape ter versteviging en 60°C wasbaar.<br/>- Geborstelde fleece aan de binnenkant voor meer draagcomfort, set-in mouwen, brede ribgebreide boorden.<br/>- Gevoerde capuchon, koordjes afgewerkt met tubes.<br/>- Kangoeroezak op de voorzijde, V-stiksel op de borst.<br/>- Duurzame 280-grams hoodie, vervaardigd uit 70% voorgekrompen katoen en 30% gerecycled polyester. <br/>- Neutraal, enkel maatlabel aanwezig, dus uitermate geschikt voor rebranding. <br/>- Hangtag en polybags met barcode.<br/>- Geschikt voor werk- & casual vrijetijdskleding.<br/>- Beschikbaar van maat XS t/m 7XL.<br/><br/>Ook mogelijk in uw gewenste PMS-kleur aan dezelfde prijs, minimaal 300 stuks door de maten heen.",https://tghimages.nl/B2B_HBSW_ANTHRACITE_FRONT.JPG
B2B-HBSW,B2B Hooded band sweater Oliver,B2B-HBSWAN03,1,Back To Basics,,B2B-HBSWAN03,B2B Hooded band sweater Oliver,"6,10E+12",1,"8,9",L,anthracite,Hooded band sweater Oliver anthracite L,Hooded band sweater Oliver anthracite L,"Deze hooded sweater biedt zowel comfort als stijl. Hij is voorzien van metalen eyelets, stevige metalen uiteinden aan de trekkoorden, en een gevoerde capuchon voor extra warmte. Deze robuuste en moderne sweater is perfect voor dagelijks gebruik en werkgerelateerde activiteiten.<br/><br/>- Dubbel gestikte naden, gekleurde nektape ter versteviging en 60°C wasbaar.<br/>- Geborstelde fleece aan de binnenkant voor meer draagcomfort, set-in mouwen, brede ribgebreide boorden.<br/>- Gevoerde capuchon, koordjes afgewerkt met tubes.<br/>- Kangoeroezak op de voorzijde, V-stiksel op de borst.<br/>- Duurzame 280-grams hoodie, vervaardigd uit 70% voorgekrompen katoen en 30% gerecycled polyester. <br/>- Neutraal, enkel maatlabel aanwezig, dus uitermate geschikt voor rebranding. <br/>- Hangtag en polybags met barcode.<br/>- Geschikt voor werk- & casual vrijetijdskleding.<br/>- Beschikbaar van maat XS t/m 7XL.<br/><br/>Ook mogelijk in uw gewenste PMS-kleur aan dezelfde prijs, minimaal 300 stuks door de maten heen.",https://tghimages.nl/B2B_HBSW_ANTHRACITE_FRONT.JPG
B2B-HBSW,B2B Hooded band sweater Oliver,B2B-HBSWAN04,1,Back To Basics,,B2B-HBSWAN04,B2B Hooded band sweater Oliver,"6,10E+12",1,9,XL,anthracite,Hooded band sweater Oliver anthracite XL,Hooded band sweater Oliver anthracite XL,"Deze hooded sweater biedt zowel comfort als stijl. Hij is voorzien van metalen eyelets, stevige metalen uiteinden aan de trekkoorden, en een gevoerde capuchon voor extra warmte. Deze robuuste en moderne sweater is perfect voor dagelijks gebruik en werkgerelateerde activiteiten.<br/><br/>- Dubbel gestikte naden, gekleurde nektape ter versteviging en 60°C wasbaar.<br/>- Geborstelde fleece aan de binnenkant voor meer draagcomfort, set-in mouwen, brede ribgebreide boorden.<br/>- Gevoerde capuchon, koordjes afgewerkt met tubes.<br/>- Kangoeroezak op de voorzijde, V-stiksel op de borst.<br/>- Duurzame 280-grams hoodie, vervaardigd uit 70% voorgekrompen katoen en 30% gerecycled polyester. <br/>- Neutraal, enkel maatlabel aanwezig, dus uitermate geschikt voor rebranding. <br/>- Hangtag en polybags met barcode.<br/>- Geschikt voor werk- & casual vrijetijdskleding.<br/>- Beschikbaar van maat XS t/m 7XL.<br/><br/>Ook mogelijk in uw gewenste PMS-kleur aan dezelfde prijs, minimaal 300 stuks door de maten heen.",https://tghimages.nl/B2B_HBSW_ANTHRACITE_FRONT.JPG
B2B-HBSW,B2B Hooded band sweater Oliver,B2B-HBSWAN05,1,Back To Basics,,B2B-HBSWAN05,B2B Hooded band sweater Oliver,"6,10E+12",1,"9,1",XXL,anthracite,Hooded band sweater Oliver anthracite XXL,Hooded band sweater Oliver anthracite XXL,"Deze hooded sweater biedt zowel comfort als stijl. Hij is voorzien van metalen eyelets, stevige metalen uiteinden aan de trekkoorden, en een gevoerde capuchon voor extra warmte. Deze robuuste en moderne sweater is perfect voor dagelijks gebruik en werkgerelateerde activiteiten.<br/><br/>- Dubbel gestikte naden, gekleurde nektape ter versteviging en 60°C wasbaar.<br/>- Geborstelde fleece aan de binnenkant voor meer draagcomfort, set-in mouwen, brede ribgebreide boorden.<br/>- Gevoerde capuchon, koordjes afgewerkt met tubes.<br/>- Kangoeroezak op de voorzijde, V-stiksel op de borst.<br/>- Duurzame 280-grams hoodie, vervaardigd uit 70% voorgekrompen katoen en 30% gerecycled polyester. <br/>- Neutraal, enkel maatlabel aanwezig, dus uitermate geschikt voor rebranding. <br/>- Hangtag en polybags met barcode.<br/>- Geschikt voor werk- & casual vrijetijdskleding.<br/>- Beschikbaar van maat XS t/m 7XL.<br/><br/>Ook mogelijk in uw gewenste PMS-kleur aan dezelfde prijs, minimaal 300 stuks door de maten heen.",https://tghimages.nl/B2B_HBSW_ANTHRACITE_FRONT.JPG
B2B-HBSW,B2B Hooded band sweater Oliver,B2B-HBSWAN06,1,Back To Basics,,B2B-HBSWAN06,B2B Hooded band sweater Oliver,"6,10E+12",1,"9,2",3XL,anthracite,Hooded band sweater Oliver anthracite 3XL,Hooded band sweater Oliver anthracite 3XL,"Deze hooded sweater biedt zowel comfort als stijl. Hij is voorzien van metalen eyelets, stevige metalen uiteinden aan de trekkoorden, en een gevoerde capuchon voor extra warmte. Deze robuuste en moderne sweater is perfect voor dagelijks gebruik en werkgerelateerde activiteiten.<br/><br/>- Dubbel gestikte naden, gekleurde nektape ter versteviging en 60°C wasbaar.<br/>- Geborstelde fleece aan de binnenkant voor meer draagcomfort, set-in mouwen, brede ribgebreide boorden.<br/>- Gevoerde capuchon, koordjes afgewerkt met tubes.<br/>- Kangoeroezak op de voorzijde, V-stiksel op de borst.<br/>- Duurzame 280-grams hoodie, vervaardigd uit 70% voorgekrompen katoen en 30% gerecycled polyester. <br/>- Neutraal, enkel maatlabel aanwezig, dus uitermate geschikt voor rebranding. <br/>- Hangtag en polybags met barcode.<br/>- Geschikt voor werk- & casual vrijetijdskleding.<br/>- Beschikbaar van maat XS t/m 7XL.<br/><br/>Ook mogelijk in uw gewenste PMS-kleur aan dezelfde prijs, minimaal 300 stuks door de maten heen.",https://tghimages.nl/B2B_HBSW_ANTHRACITE_FRONT.JPG
B2B-HBSW,B2B Hooded band sweater Oliver,B2B-HBSWAN07,1,Back To Basics,,B2B-HBSWAN07,B2B Hooded band sweater Oliver,"6,10E+12",1,"9,3",4XL,anthracite,Hooded band sweater Oliver anthracite 4XL,Hooded band sweater Oliver anthracite 4XL,"Deze hooded sweater biedt zowel comfort als stijl. Hij is voorzien van metalen eyelets, stevige metalen uiteinden aan de trekkoorden, en een gevoerde capuchon voor extra warmte. Deze robuuste en moderne sweater is perfect voor dagelijks gebruik en werkgerelateerde activiteiten.<br/><br/>- Dubbel gestikte naden, gekleurde nektape ter versteviging en 60°C wasbaar.<br/>- Geborstelde fleece aan de binnenkant voor meer draagcomfort, set-in mouwen, brede ribgebreide boorden.<br/>- Gevoerde capuchon, koordjes afgewerkt met tubes.<br/>- Kangoeroezak op de voorzijde, V-stiksel op de borst.<br/>- Duurzame 280-grams hoodie, vervaardigd uit 70% voorgekrompen katoen en 30% gerecycled polyester. <br/>- Neutraal, enkel maatlabel aanwezig, dus uitermate geschikt voor rebranding. <br/>- Hangtag en polybags met barcode.<br/>- Geschikt voor werk- & casual vrijetijdskleding.<br/>- Beschikbaar van maat XS t/m 7XL.<br/><br/>Ook mogelijk in uw gewenste PMS-kleur aan dezelfde prijs, minimaal 300 stuks door de maten heen.",https://tghimages.nl/B2B_HBSW_ANTHRACITE_FRONT.JPG
B2B-HBSW,B2B Hooded band sweater Oliver,B2B-HBSWAN08,1,Back To Basics,,B2B-HBSWAN08,B2B Hooded band sweater Oliver,"6,10E+12",1,"9,4",5XL,anthracite,Hooded band sweater Oliver anthracite 5XL,Hooded band sweater Oliver anthracite 5XL,"Deze hooded sweater biedt zowel comfort als stijl. Hij is voorzien van metalen eyelets, stevige metalen uiteinden aan de trekkoorden, en een gevoerde capuchon voor extra warmte. Deze robuuste en moderne sweater is perfect voor dagelijks gebruik en werkgerelateerde activiteiten.<br/><br/>- Dubbel gestikte naden, gekleurde nektape ter versteviging en 60°C wasbaar.<br/>- Geborstelde fleece aan de binnenkant voor meer draagcomfort, set-in mouwen, brede ribgebreide boorden.<br/>- Gevoerde capuchon, koordjes afgewerkt met tubes.<br/>- Kangoeroezak op de voorzijde, V-stiksel op de borst.<br/>- Duurzame 280-grams hoodie, vervaardigd uit 70% voorgekrompen katoen en 30% gerecycled polyester. <br/>- Neutraal, enkel maatlabel aanwezig, dus uitermate geschikt voor rebranding. <br/>- Hangtag en polybags met barcode.<br/>- Geschikt voor werk- & casual vrijetijdskleding.<br/>- Beschikbaar van maat XS t/m 7XL.<br/><br/>Ook mogelijk in uw gewenste PMS-kleur aan dezelfde prijs, minimaal 300 stuks door de maten heen.",https://tghimages.nl/B2B_HBSW_ANTHRACITE_FRONT.JPG
B2B-HBSW,B2B Hooded band sweater Oliver,B2B-HBSWAN09,1,Back To Basics,,B2B-HBSWAN09,B2B Hooded band sweater Oliver,"6,10E+12",1,"9,5",6XL,anthracite,Hooded band sweater Oliver anthracite 6XL,Hooded band sweater Oliver anthracite 6XL,"Deze hooded sweater biedt zowel comfort als stijl. Hij is voorzien van metalen eyelets, stevige metalen uiteinden aan de trekkoorden, en een gevoerde capuchon voor extra warmte. Deze robuuste en moderne sweater is perfect voor dagelijks gebruik en werkgerelateerde activiteiten.<br/><br/>- Dubbel gestikte naden, gekleurde nektape ter versteviging en 60°C wasbaar.<br/>- Geborstelde fleece aan de binnenkant voor meer draagcomfort, set-in mouwen, brede ribgebreide boorden.<br/>- Gevoerde capuchon, koordjes afgewerkt met tubes.<br/>- Kangoeroezak op de voorzijde, V-stiksel op de borst.<br/>- Duurzame 280-grams hoodie, vervaardigd uit 70% voorgekrompen katoen en 30% gerecycled polyester. <br/>- Neutraal, enkel maatlabel aanwezig, dus uitermate geschikt voor rebranding. <br/>- Hangtag en polybags met barcode.<br/>- Geschikt voor werk- & casual vrijetijdskleding.<br/>- Beschikbaar van maat XS t/m 7XL.<br/><br/>Ook mogelijk in uw gewenste PMS-kleur aan dezelfde prijs, minimaal 300 stuks door de maten heen.",https://tghimages.nl/B2B_HBSW_ANTHRACITE_FRONT.JPG
B2B-HBSW,B2B Hooded band sweater Oliver,B2B-HBSWAN10,1,Back To Basics,,B2B-HBSWAN10,B2B Hooded band sweater Oliver,"6,10E+12",1,"9,6",7XL,anthracite,Hooded band sweater Oliver anthracite 7XL,Hooded band sweater Oliver anthracite 7XL,"Deze hooded sweater biedt zowel comfort als stijl. Hij is voorzien van metalen eyelets, stevige metalen uiteinden aan de trekkoorden, en een gevoerde capuchon voor extra warmte. Deze robuuste en moderne sweater is perfect voor dagelijks gebruik en werkgerelateerde activiteiten.<br/><br/>- Dubbel gestikte naden, gekleurde nektape ter versteviging en 60°C wasbaar.<br/>- Geborstelde fleece aan de binnenkant voor meer draagcomfort, set-in mouwen, brede ribgebreide boorden.<br/>- Gevoerde capuchon, koordjes afgewerkt met tubes.<br/>- Kangoeroezak op de voorzijde, V-stiksel op de borst.<br/>- Duurzame 280-grams hoodie, vervaardigd uit 70% voorgekrompen katoen en 30% gerecycled polyester. <br/>- Neutraal, enkel maatlabel aanwezig, dus uitermate geschikt voor rebranding. <br/>- Hangtag en polybags met barcode.<br/>- Geschikt voor werk- & casual vrijetijdskleding.<br/>- Beschikbaar van maat XS t/m 7XL.<br/><br/>Ook mogelijk in uw gewenste PMS-kleur aan dezelfde prijs, minimaal 300 stuks door de maten heen.",https://tghimages.nl/B2B_HBSW_ANTHRACITE_FRONT.JPG
B2B-HBSW,B2B Hooded band sweater Oliver,B2B-HBSWBL00,1,Back To Basics,,B2B-HBSWBL00,B2B Hooded band sweater Oliver,"6,10E+12",1,"9,7",XS,black,Hooded band sweater Oliver black XS,Hooded band sweater Oliver black XS,"Deze hooded sweater biedt zowel comfort als stijl. Hij is voorzien van metalen eyelets, stevige metalen uiteinden aan de trekkoorden, en een gevoerde capuchon voor extra warmte. Deze robuuste en moderne sweater is perfect voor dagelijks gebruik en werkgerelateerde activiteiten.<br/><br/>- Dubbel gestikte naden, gekleurde nektape ter versteviging en 60°C wasbaar.<br/>- Geborstelde fleece aan de binnenkant voor meer draagcomfort, set-in mouwen, brede ribgebreide boorden.<br/>- Gevoerde capuchon, koordjes afgewerkt met tubes.<br/>- Kangoeroezak op de voorzijde, V-stiksel op de borst.<br/>- Duurzame 280-grams hoodie, vervaardigd uit 70% voorgekrompen katoen en 30% gerecycled polyester. <br/>- Neutraal, enkel maatlabel aanwezig, dus uitermate geschikt voor rebranding. <br/>- Hangtag en polybags met barcode.<br/>- Geschikt voor werk- & casual vrijetijdskleding.<br/>- Beschikbaar van maat XS t/m 7XL.<br/><br/>Ook mogelijk in uw gewenste PMS-kleur aan dezelfde prijs, minimaal 300 stuks door de maten heen.",https://tghimages.nl/B2B_HBSW_BLACK_FRONT.JPG
B2B-HBSW,B2B Hooded band sweater Oliver,B2B-HBSWBL01,1,Back To Basics,,B2B-HBSWBL01,B2B Hooded band sweater Oliver,"6,10E+12",1,"9,8",S,black,Hooded band sweater Oliver black S,Hooded band sweater Oliver black S,"Deze hooded sweater biedt zowel comfort als stijl. Hij is voorzien van metalen eyelets, stevige metalen uiteinden aan de trekkoorden, en een gevoerde capuchon voor extra warmte. Deze robuuste en moderne sweater is perfect voor dagelijks gebruik en werkgerelateerde activiteiten.<br/><br/>- Dubbel gestikte naden, gekleurde nektape ter versteviging en 60°C wasbaar.<br/>- Geborstelde fleece aan de binnenkant voor meer draagcomfort, set-in mouwen, brede ribgebreide boorden.<br/>- Gevoerde capuchon, koordjes afgewerkt met tubes.<br/>- Kangoeroezak op de voorzijde, V-stiksel op de borst.<br/>- Duurzame 280-grams hoodie, vervaardigd uit 70% voorgekrompen katoen en 30% gerecycled polyester. <br/>- Neutraal, enkel maatlabel aanwezig, dus uitermate geschikt voor rebranding. <br/>- Hangtag en polybags met barcode.<br/>- Geschikt voor werk- & casual vrijetijdskleding.<br/>- Beschikbaar van maat XS t/m 7XL.<br/><br/>Ook mogelijk in uw gewenste PMS-kleur aan dezelfde prijs, minimaal 300 stuks door de maten heen.",https://tghimages.nl/B2B_HBSW_BLACK_FRONT.JPG
B2B-HBSW,B2B Hooded band sweater Oliver,B2B-HBSWBL02,1,Back To Basics,,B2B-HBSWBL02,B2B Hooded band sweater Oliver,"6,10E+12",1,"9,9",M,black,Hooded band sweater Oliver black M,Hooded band sweater Oliver black M,"Deze hooded sweater biedt zowel comfort als stijl. Hij is voorzien van metalen eyelets, stevige metalen uiteinden aan de trekkoorden, en een gevoerde capuchon voor extra warmte. Deze robuuste en moderne sweater is perfect voor dagelijks gebruik en werkgerelateerde activiteiten.<br/><br/>- Dubbel gestikte naden, gekleurde nektape ter versteviging en 60°C wasbaar.<br/>- Geborstelde fleece aan de binnenkant voor meer draagcomfort, set-in mouwen, brede ribgebreide boorden.<br/>- Gevoerde capuchon, koordjes afgewerkt met tubes.<br/>- Kangoeroezak op de voorzijde, V-stiksel op de borst.<br/>- Duurzame 280-grams hoodie, vervaardigd uit 70% voorgekrompen katoen en 30% gerecycled polyester. <br/>- Neutraal, enkel maatlabel aanwezig, dus uitermate geschikt voor rebranding. <br/>- Hangtag en polybags met barcode.<br/>- Geschikt voor werk- & casual vrijetijdskleding.<br/>- Beschikbaar van maat XS t/m 7XL.<br/><br/>Ook mogelijk in uw gewenste PMS-kleur aan dezelfde prijs, minimaal 300 stuks door de maten heen.",https://tghimages.nl/B2B_HBSW_BLACK_FRONT.JPG
B2B-HBSW,B2B Hooded band sweater Oliver,B2B-HBSWBL03,1,Back To Basics,,B2B-HBSWBL03,B2B Hooded band sweater Oliver,"6,10E+12",1,10,L,black,Hooded band sweater Oliver black L,Hooded band sweater Oliver black L,"Deze hooded sweater biedt zowel comfort als stijl. Hij is voorzien van metalen eyelets, stevige metalen uiteinden aan de trekkoorden, en een gevoerde capuchon voor extra warmte. Deze robuuste en moderne sweater is perfect voor dagelijks gebruik en werkgerelateerde activiteiten.<br/><br/>- Dubbel gestikte naden, gekleurde nektape ter versteviging en 60°C wasbaar.<br/>- Geborstelde fleece aan de binnenkant voor meer draagcomfort, set-in mouwen, brede ribgebreide boorden.<br/>- Gevoerde capuchon, koordjes afgewerkt met tubes.<br/>- Kangoeroezak op de voorzijde, V-stiksel op de borst.<br/>- Duurzame 280-grams hoodie, vervaardigd uit 70% voorgekrompen katoen en 30% gerecycled polyester. <br/>- Neutraal, enkel maatlabel aanwezig, dus uitermate geschikt voor rebranding. <br/>- Hangtag en polybags met barcode.<br/>- Geschikt voor werk- & casual vrijetijdskleding.<br/>- Beschikbaar van maat XS t/m 7XL.<br/><br/>Ook mogelijk in uw gewenste PMS-kleur aan dezelfde prijs, minimaal 300 stuks door de maten heen.",https://tghimages.nl/B2B_HBSW_BLACK_FRONT.JPG
B2B-HBSW,B2B Hooded band sweater Oliver,B2B-HBSWBL04,1,Back To Basics,,B2B-HBSWBL04,B2B Hooded band sweater Oliver,"6,10E+12",1,"10,1",XL,black,Hooded band sweater Oliver black XL,Hooded band sweater Oliver black XL,"Deze hooded sweater biedt zowel comfort als stijl. Hij is voorzien van metalen eyelets, stevige metalen uiteinden aan de trekkoorden, en een gevoerde capuchon voor extra warmte. Deze robuuste en moderne sweater is perfect voor dagelijks gebruik en werkgerelateerde activiteiten.<br/><br/>- Dubbel gestikte naden, gekleurde nektape ter versteviging en 60°C wasbaar.<br/>- Geborstelde fleece aan de binnenkant voor meer draagcomfort, set-in mouwen, brede ribgebreide boorden.<br/>- Gevoerde capuchon, koordjes afgewerkt met tubes.<br/>- Kangoeroezak op de voorzijde, V-stiksel op de borst.<br/>- Duurzame 280-grams hoodie, vervaardigd uit 70% voorgekrompen katoen en 30% gerecycled polyester. <br/>- Neutraal, enkel maatlabel aanwezig, dus uitermate geschikt voor rebranding. <br/>- Hangtag en polybags met barcode.<br/>- Geschikt voor werk- & casual vrijetijdskleding.<br/>- Beschikbaar van maat XS t/m 7XL.<br/><br/>Ook mogelijk in uw gewenste PMS-kleur aan dezelfde prijs, minimaal 300 stuks door de maten heen.",https://tghimages.nl/B2B_HBSW_BLACK_FRONT.JPG
B2B-HBSW,B2B Hooded band sweater Oliver,B2B-HBSWBL05,1,Back To Basics,,B2B-HBSWBL05,B2B Hooded band sweater Oliver,"6,10E+12",1,"10,2",XXL,black,Hooded band sweater Oliver black XXL,Hooded band sweater Oliver black XXL,"Deze hooded sweater biedt zowel comfort als stijl. Hij is voorzien van metalen eyelets, stevige metalen uiteinden aan de trekkoorden, en een gevoerde capuchon voor extra warmte. Deze robuuste en moderne sweater is perfect voor dagelijks gebruik en werkgerelateerde activiteiten.<br/><br/>- Dubbel gestikte naden, gekleurde nektape ter versteviging en 60°C wasbaar.<br/>- Geborstelde fleece aan de binnenkant voor meer draagcomfort, set-in mouwen, brede ribgebreide boorden.<br/>- Gevoerde capuchon, koordjes afgewerkt met tubes.<br/>- Kangoeroezak op de voorzijde, V-stiksel op de borst.<br/>- Duurzame 280-grams hoodie, vervaardigd uit 70% voorgekrompen katoen en 30% gerecycled polyester. <br/>- Neutraal, enkel maatlabel aanwezig, dus uitermate geschikt voor rebranding. <br/>- Hangtag en polybags met barcode.<br/>- Geschikt voor werk- & casual vrijetijdskleding.<br/>- Beschikbaar van maat XS t/m 7XL.<br/><br/>Ook mogelijk in uw gewenste PMS-kleur aan dezelfde prijs, minimaal 300 stuks door de maten heen.",https://tghimages.nl/B2B_HBSW_BLACK_FRONT.JPG
B2B-HBSW,B2B Hooded band sweater Oliver,B2B-HBSWBL06,1,Back To Basics,,B2B-HBSWBL06,B2B Hooded band sweater Oliver,"6,10E+12",1,"10,3",3XL,black,Hooded band sweater Oliver black 3XL,Hooded band sweater Oliver black 3XL,"Deze hooded sweater biedt zowel comfort als stijl. Hij is voorzien van metalen eyelets, stevige metalen uiteinden aan de trekkoorden, en een gevoerde capuchon voor extra warmte. Deze robuuste en moderne sweater is perfect voor dagelijks gebruik en werkgerelateerde activiteiten.<br/><br/>- Dubbel gestikte naden, gekleurde nektape ter versteviging en 60°C wasbaar.<br/>- Geborstelde fleece aan de binnenkant voor meer draagcomfort, set-in mouwen, brede ribgebreide boorden.<br/>- Gevoerde capuchon, koordjes afgewerkt met tubes.<br/>- Kangoeroezak op de voorzijde, V-stiksel op de borst.<br/>- Duurzame 280-grams hoodie, vervaardigd uit 70% voorgekrompen katoen en 30% gerecycled polyester. <br/>- Neutraal, enkel maatlabel aanwezig, dus uitermate geschikt voor rebranding. <br/>- Hangtag en polybags met barcode.<br/>- Geschikt voor werk- & casual vrijetijdskleding.<br/>- Beschikbaar van maat XS t/m 7XL.<br/><br/>Ook mogelijk in uw gewenste PMS-kleur aan dezelfde prijs, minimaal 300 stuks door de maten heen.",https://tghimages.nl/B2B_HBSW_BLACK_FRONT.JPG
B2B-HBSW,B2B Hooded band sweater Oliver,B2B-HBSWBL07,1,Back To Basics,,B2B-HBSWBL07,B2B Hooded band sweater Oliver,"6,10E+12",1,"10,4",4XL,black,Hooded band sweater Oliver black 4XL,Hooded band sweater Oliver black 4XL,"Deze hooded sweater biedt zowel comfort als stijl. Hij is voorzien van metalen eyelets, stevige metalen uiteinden aan de trekkoorden, en een gevoerde capuchon voor extra warmte. Deze robuuste en moderne sweater is perfect voor dagelijks gebruik en werkgerelateerde activiteiten.<br/><br/>- Dubbel gestikte naden, gekleurde nektape ter versteviging en 60°C wasbaar.<br/>- Geborstelde fleece aan de binnenkant voor meer draagcomfort, set-in mouwen, brede ribgebreide boorden.<br/>- Gevoerde capuchon, koordjes afgewerkt met tubes.<br/>- Kangoeroezak op de voorzijde, V-stiksel op de borst.<br/>- Duurzame 280-grams hoodie, vervaardigd uit 70% voorgekrompen katoen en 30% gerecycled polyester. <br/>- Neutraal, enkel maatlabel aanwezig, dus uitermate geschikt voor rebranding. <br/>- Hangtag en polybags met barcode.<br/>- Geschikt voor werk- & casual vrijetijdskleding.<br/>- Beschikbaar van maat XS t/m 7XL.<br/><br/>Ook mogelijk in uw gewenste PMS-kleur aan dezelfde prijs, minimaal 300 stuks door de maten heen.",https://tghimages.nl/B2B_HBSW_BLACK_FRONT.JPG
B2B-HBSW,B2B Hooded band sweater Oliver,B2B-HBSWBL08,1,Back To Basics,,B2B-HBSWBL08,B2B Hooded band sweater Oliver,"6,10E+12",1,"10,5",5XL,black,Hooded band sweater Oliver black 5XL,Hooded band sweater Oliver black 5XL,"Deze hooded sweater biedt zowel comfort als stijl. Hij is voorzien van metalen eyelets, stevige metalen uiteinden aan de trekkoorden, en een gevoerde capuchon voor extra warmte. Deze robuuste en moderne sweater is perfect voor dagelijks gebruik en werkgerelateerde activiteiten.<br/><br/>- Dubbel gestikte naden, gekleurde nektape ter versteviging en 60°C wasbaar.<br/>- Geborstelde fleece aan de binnenkant voor meer draagcomfort, set-in mouwen, brede ribgebreide boorden.<br/>- Gevoerde capuchon, koordjes afgewerkt met tubes.<br/>- Kangoeroezak op de voorzijde, V-stiksel op de borst.<br/>- Duurzame 280-grams hoodie, vervaardigd uit 70% voorgekrompen katoen en 30% gerecycled polyester. <br/>- Neutraal, enkel maatlabel aanwezig, dus uitermate geschikt voor rebranding. <br/>- Hangtag en polybags met barcode.<br/>- Geschikt voor werk- & casual vrijetijdskleding.<br/>- Beschikbaar van maat XS t/m 7XL.<br/><br/>Ook mogelijk in uw gewenste PMS-kleur aan dezelfde prijs, minimaal 300 stuks door de maten heen.",https://tghimages.nl/B2B_HBSW_BLACK_FRONT.JPG
B2B-HBSW,B2B Hooded band sweater Oliver,B2B-HBSWBL09,1,Back To Basics,,B2B-HBSWBL09,B2B Hooded band sweater Oliver,"6,10E+12",1,"10,6",6XL,black,Hooded band sweater Oliver black 6XL,Hooded band sweater Oliver black 6XL,"Deze hooded sweater biedt zowel comfort als stijl. Hij is voorzien van metalen eyelets, stevige metalen uiteinden aan de trekkoorden, en een gevoerde capuchon voor extra warmte. Deze robuuste en moderne sweater is perfect voor dagelijks gebruik en werkgerelateerde activiteiten.<br/><br/>- Dubbel gestikte naden, gekleurde nektape ter versteviging en 60°C wasbaar.<br/>- Geborstelde fleece aan de binnenkant voor meer draagcomfort, set-in mouwen, brede ribgebreide boorden.<br/>- Gevoerde capuchon, koordjes afgewerkt met tubes.<br/>- Kangoeroezak op de voorzijde, V-stiksel op de borst.<br/>- Duurzame 280-grams hoodie, vervaardigd uit 70% voorgekrompen katoen en 30% gerecycled polyester. <br/>- Neutraal, enkel maatlabel aanwezig, dus uitermate geschikt voor rebranding. <br/>- Hangtag en polybags met barcode.<br/>- Geschikt voor werk- & casual vrijetijdskleding.<br/>- Beschikbaar van maat XS t/m 7XL.<br/><br/>Ook mogelijk in uw gewenste PMS-kleur aan dezelfde prijs, minimaal 300 stuks door de maten heen.",https://tghimages.nl/B2B_HBSW_BLACK_FRONT.JPG
B2B-HBSW,B2B Hooded band sweater Oliver,B2B-HBSWBL10,1,Back To Basics,,B2B-HBSWBL10,B2B Hooded band sweater Oliver,"6,10E+12",1,"10,7",7XL,black,Hooded band sweater Oliver black 7XL,Hooded band sweater Oliver black 7XL,"Deze hooded sweater biedt zowel comfort als stijl. Hij is voorzien van metalen eyelets, stevige metalen uiteinden aan de trekkoorden, en een gevoerde capuchon voor extra warmte. Deze robuuste en moderne sweater is perfect voor dagelijks gebruik en werkgerelateerde activiteiten.<br/><br/>- Dubbel gestikte naden, gekleurde nektape ter versteviging en 60°C wasbaar.<br/>- Geborstelde fleece aan de binnenkant voor meer draagcomfort, set-in mouwen, brede ribgebreide boorden.<br/>- Gevoerde capuchon, koordjes afgewerkt met tubes.<br/>- Kangoeroezak op de voorzijde, V-stiksel op de borst.<br/>- Duurzame 280-grams hoodie, vervaardigd uit 70% voorgekrompen katoen en 30% gerecycled polyester. <br/>- Neutraal, enkel maatlabel aanwezig, dus uitermate geschikt voor rebranding. <br/>- Hangtag en polybags met barcode.<br/>- Geschikt voor werk- & casual vrijetijdskleding.<br/>- Beschikbaar van maat XS t/m 7XL.<br/><br/>Ook mogelijk in uw gewenste PMS-kleur aan dezelfde prijs, minimaal 300 stuks door de maten heen.",https://tghimages.nl/B2B_HBSW_BLACK_FRONT.JPG
B2B-HBSW,B2B Hooded band sweater Oliver,B2B-HBSWGR00,1,Back To Basics,,B2B-HBSWGR00,B2B Hooded band sweater Oliver,"6,10E+12",1,"10,8",XS,grey,Hooded band sweater Oliver grey XS,Hooded band sweater Oliver grey XS,"Deze hooded sweater biedt zowel comfort als stijl. Hij is voorzien van metalen eyelets, stevige metalen uiteinden aan de trekkoorden, en een gevoerde capuchon voor extra warmte. Deze robuuste en moderne sweater is perfect voor dagelijks gebruik en werkgerelateerde activiteiten.<br/><br/>- Dubbel gestikte naden, gekleurde nektape ter versteviging en 60°C wasbaar.<br/>- Geborstelde fleece aan de binnenkant voor meer draagcomfort, set-in mouwen, brede ribgebreide boorden.<br/>- Gevoerde capuchon, koordjes afgewerkt met tubes.<br/>- Kangoeroezak op de voorzijde, V-stiksel op de borst.<br/>- Duurzame 280-grams hoodie, vervaardigd uit 70% voorgekrompen katoen en 30% gerecycled polyester. <br/>- Neutraal, enkel maatlabel aanwezig, dus uitermate geschikt voor rebranding. <br/>- Hangtag en polybags met barcode.<br/>- Geschikt voor werk- & casual vrijetijdskleding.<br/>- Beschikbaar van maat XS t/m 7XL.<br/><br/>Ook mogelijk in uw gewenste PMS-kleur aan dezelfde prijs, minimaal 300 stuks door de maten heen.",https://tghimages.nl/B2B_HBSW_GREY_FRONT.JPG
B2B-HBSW,B2B Hooded band sweater Oliver,B2B-HBSWGR01,1,Back To Basics,,B2B-HBSWGR01,B2B Hooded band sweater Oliver,"6,10E+12",1,"10,9",S,grey,Hooded band sweater Oliver grey S,Hooded band sweater Oliver grey S,"Deze hooded sweater biedt zowel comfort als stijl. Hij is voorzien van metalen eyelets, stevige metalen uiteinden aan de trekkoorden, en een gevoerde capuchon voor extra warmte. Deze robuuste en moderne sweater is perfect voor dagelijks gebruik en werkgerelateerde activiteiten.<br/><br/>- Dubbel gestikte naden, gekleurde nektape ter versteviging en 60°C wasbaar.<br/>- Geborstelde fleece aan de binnenkant voor meer draagcomfort, set-in mouwen, brede ribgebreide boorden.<br/>- Gevoerde capuchon, koordjes afgewerkt met tubes.<br/>- Kangoeroezak op de voorzijde, V-stiksel op de borst.<br/>- Duurzame 280-grams hoodie, vervaardigd uit 70% voorgekrompen katoen en 30% gerecycled polyester. <br/>- Neutraal, enkel maatlabel aanwezig, dus uitermate geschikt voor rebranding. <br/>- Hangtag en polybags met barcode.<br/>- Geschikt voor werk- & casual vrijetijdskleding.<br/>- Beschikbaar van maat XS t/m 7XL.<br/><br/>Ook mogelijk in uw gewenste PMS-kleur aan dezelfde prijs, minimaal 300 stuks door de maten heen.",https://tghimages.nl/B2B_HBSW_GREY_FRONT.JPG
B2B-HBSW,B2B Hooded band sweater Oliver,B2B-HBSWGR02,1,Back To Basics,,B2B-HBSWGR02,B2B Hooded band sweater Oliver,"6,10E+12",1,11,M,grey,Hooded band sweater Oliver grey M,Hooded band sweater Oliver grey M,"Deze hooded sweater biedt zowel comfort als stijl. Hij is voorzien van metalen eyelets, stevige metalen uiteinden aan de trekkoorden, en een gevoerde capuchon voor extra warmte. Deze robuuste en moderne sweater is perfect voor dagelijks gebruik en werkgerelateerde activiteiten.<br/><br/>- Dubbel gestikte naden, gekleurde nektape ter versteviging en 60°C wasbaar.<br/>- Geborstelde fleece aan de binnenkant voor meer draagcomfort, set-in mouwen, brede ribgebreide boorden.<br/>- Gevoerde capuchon, koordjes afgewerkt met tubes.<br/>- Kangoeroezak op de voorzijde, V-stiksel op de borst.<br/>- Duurzame 280-grams hoodie, vervaardigd uit 70% voorgekrompen katoen en 30% gerecycled polyester. <br/>- Neutraal, enkel maatlabel aanwezig, dus uitermate geschikt voor rebranding. <br/>- Hangtag en polybags met barcode.<br/>- Geschikt voor werk- & casual vrijetijdskleding.<br/>- Beschikbaar van maat XS t/m 7XL.<br/><br/>Ook mogelijk in uw gewenste PMS-kleur aan dezelfde prijs, minimaal 300 stuks door de maten heen.",https://tghimages.nl/B2B_HBSW_GREY_FRONT.JPG
B2B-HBSW,B2B Hooded band sweater Oliver,B2B-HBSWGR03,1,Back To Basics,,B2B-HBSWGR03,B2B Hooded band sweater Oliver,"6,10E+12",1,"11,1",L,grey,Hooded band sweater Oliver grey L,Hooded band sweater Oliver grey L,"Deze hooded sweater biedt zowel comfort als stijl. Hij is voorzien van metalen eyelets, stevige metalen uiteinden aan de trekkoorden, en een gevoerde capuchon voor extra warmte. Deze robuuste en moderne sweater is perfect voor dagelijks gebruik en werkgerelateerde activiteiten.<br/><br/>- Dubbel gestikte naden, gekleurde nektape ter versteviging en 60°C wasbaar.<br/>- Geborstelde fleece aan de binnenkant voor meer draagcomfort, set-in mouwen, brede ribgebreide boorden.<br/>- Gevoerde capuchon, koordjes afgewerkt met tubes.<br/>- Kangoeroezak op de voorzijde, V-stiksel op de borst.<br/>- Duurzame 280-grams hoodie, vervaardigd uit 70% voorgekrompen katoen en 30% gerecycled polyester. <br/>- Neutraal, enkel maatlabel aanwezig, dus uitermate geschikt voor rebranding. <br/>- Hangtag en polybags met barcode.<br/>- Geschikt voor werk- & casual vrijetijdskleding.<br/>- Beschikbaar van maat XS t/m 7XL.<br/><br/>Ook mogelijk in uw gewenste PMS-kleur aan dezelfde prijs, minimaal 300 stuks door de maten heen.",https://tghimages.nl/B2B_HBSW_GREY_FRONT.JPG
B2B-HBSW,B2B Hooded band sweater Oliver,B2B-HBSWGR04,1,Back To Basics,,B2B-HBSWGR04,B2B Hooded band sweater Oliver,"6,10E+12",1,"11,2",XL,grey,Hooded band sweater Oliver grey XL,Hooded band sweater Oliver grey XL,"Deze hooded sweater biedt zowel comfort als stijl. Hij is voorzien van metalen eyelets, stevige metalen uiteinden aan de trekkoorden, en een gevoerde capuchon voor extra warmte. Deze robuuste en moderne sweater is perfect voor dagelijks gebruik en werkgerelateerde activiteiten.<br/><br/>- Dubbel gestikte naden, gekleurde nektape ter versteviging en 60°C wasbaar.<br/>- Geborstelde fleece aan de binnenkant voor meer draagcomfort, set-in mouwen, brede ribgebreide boorden.<br/>- Gevoerde capuchon, koordjes afgewerkt met tubes.<br/>- Kangoeroezak op de voorzijde, V-stiksel op de borst.<br/>- Duurzame 280-grams hoodie, vervaardigd uit 70% voorgekrompen katoen en 30% gerecycled polyester. <br/>- Neutraal, enkel maatlabel aanwezig, dus uitermate geschikt voor rebranding. <br/>- Hangtag en polybags met barcode.<br/>- Geschikt voor werk- & casual vrijetijdskleding.<br/>- Beschikbaar van maat XS t/m 7XL.<br/><br/>Ook mogelijk in uw gewenste PMS-kleur aan dezelfde prijs, minimaal 300 stuks door de maten heen.",https://tghimages.nl/B2B_HBSW_GREY_FRONT.JPG
B2B-HBSW,B2B Hooded band sweater Oliver,B2B-HBSWGR05,1,Back To Basics,,B2B-HBSWGR05,B2B Hooded band sweater Oliver,"6,10E+12",1,"11,3",XXL,grey,Hooded band sweater Oliver grey XXL,Hooded band sweater Oliver grey XXL,"Deze hooded sweater biedt zowel comfort als stijl. Hij is voorzien van metalen eyelets, stevige metalen uiteinden aan de trekkoorden, en een gevoerde capuchon voor extra warmte. Deze robuuste en moderne sweater is perfect voor dagelijks gebruik en werkgerelateerde activiteiten.<br/><br/>- Dubbel gestikte naden, gekleurde nektape ter versteviging en 60°C wasbaar.<br/>- Geborstelde fleece aan de binnenkant voor meer draagcomfort, set-in mouwen, brede ribgebreide boorden.<br/>- Gevoerde capuchon, koordjes afgewerkt met tubes.<br/>- Kangoeroezak op de voorzijde, V-stiksel op de borst.<br/>- Duurzame 280-grams hoodie, vervaardigd uit 70% voorgekrompen katoen en 30% gerecycled polyester. <br/>- Neutraal, enkel maatlabel aanwezig, dus uitermate geschikt voor rebranding. <br/>- Hangtag en polybags met barcode.<br/>- Geschikt voor werk- & casual vrijetijdskleding.<br/>- Beschikbaar van maat XS t/m 7XL.<br/><br/>Ook mogelijk in uw gewenste PMS-kleur aan dezelfde prijs, minimaal 300 stuks door de maten heen.",https://tghimages.nl/B2B_HBSW_GREY_FRONT.JPG
B2B-HBSW,B2B Hooded band sweater Oliver,B2B-HBSWGR06,1,Back To Basics,,B2B-HBSWGR06,B2B Hooded band sweater Oliver,"6,10E+12",1,"11,4",3XL,grey,Hooded band sweater Oliver grey 3XL,Hooded band sweater Oliver grey 3XL,"Deze hooded sweater biedt zowel comfort als stijl. Hij is voorzien van metalen eyelets, stevige metalen uiteinden aan de trekkoorden, en een gevoerde capuchon voor extra warmte. Deze robuuste en moderne sweater is perfect voor dagelijks gebruik en werkgerelateerde activiteiten.<br/><br/>- Dubbel gestikte naden, gekleurde nektape ter versteviging en 60°C wasbaar.<br/>- Geborstelde fleece aan de binnenkant voor meer draagcomfort, set-in mouwen, brede ribgebreide boorden.<br/>- Gevoerde capuchon, koordjes afgewerkt met tubes.<br/>- Kangoeroezak op de voorzijde, V-stiksel op de borst.<br/>- Duurzame 280-grams hoodie, vervaardigd uit 70% voorgekrompen katoen en 30% gerecycled polyester. <br/>- Neutraal, enkel maatlabel aanwezig, dus uitermate geschikt voor rebranding. <br/>- Hangtag en polybags met barcode.<br/>- Geschikt voor werk- & casual vrijetijdskleding.<br/>- Beschikbaar van maat XS t/m 7XL.<br/><br/>Ook mogelijk in uw gewenste PMS-kleur aan dezelfde prijs, minimaal 300 stuks door de maten heen.",https://tghimages.nl/B2B_HBSW_GREY_FRONT.JPG
B2B-HBSW,B2B Hooded band sweater Oliver,B2B-HBSWGR07,1,Back To Basics,,B2B-HBSWGR07,B2B Hooded band sweater Oliver,"6,10E+12",1,"11,5",4XL,grey,Hooded band sweater Oliver grey 4XL,Hooded band sweater Oliver grey 4XL,"Deze hooded sweater biedt zowel comfort als stijl. Hij is voorzien van metalen eyelets, stevige metalen uiteinden aan de trekkoorden, en een gevoerde capuchon voor extra warmte. Deze robuuste en moderne sweater is perfect voor dagelijks gebruik en werkgerelateerde activiteiten.<br/><br/>- Dubbel gestikte naden, gekleurde nektape ter versteviging en 60°C wasbaar.<br/>- Geborstelde fleece aan de binnenkant voor meer draagcomfort, set-in mouwen, brede ribgebreide boorden.<br/>- Gevoerde capuchon, koordjes afgewerkt met tubes.<br/>- Kangoeroezak op de voorzijde, V-stiksel op de borst.<br/>- Duurzame 280-grams hoodie, vervaardigd uit 70% voorgekrompen katoen en 30% gerecycled polyester. <br/>- Neutraal, enkel maatlabel aanwezig, dus uitermate geschikt voor rebranding. <br/>- Hangtag en polybags met barcode.<br/>- Geschikt voor werk- & casual vrijetijdskleding.<br/>- Beschikbaar van maat XS t/m 7XL.<br/><br/>Ook mogelijk in uw gewenste PMS-kleur aan dezelfde prijs, minimaal 300 stuks door de maten heen.",https://tghimages.nl/B2B_HBSW_GREY_FRONT.JPG
B2B-HBSW,B2B Hooded band sweater Oliver,B2B-HBSWGR08,1,Back To Basics,,B2B-HBSWGR08,B2B Hooded band sweater Oliver,"6,10E+12",1,"11,6",5XL,grey,Hooded band sweater Oliver grey 5XL,Hooded band sweater Oliver grey 5XL,"Deze hooded sweater biedt zowel comfort als stijl. Hij is voorzien van metalen eyelets, stevige metalen uiteinden aan de trekkoorden, en een gevoerde capuchon voor extra warmte. Deze robuuste en moderne sweater is perfect voor dagelijks gebruik en werkgerelateerde activiteiten.<br/><br/>- Dubbel gestikte naden, gekleurde nektape ter versteviging en 60°C wasbaar.<br/>- Geborstelde fleece aan de binnenkant voor meer draagcomfort, set-in mouwen, brede ribgebreide boorden.<br/>- Gevoerde capuchon, koordjes afgewerkt met tubes.<br/>- Kangoeroezak op de voorzijde, V-stiksel op de borst.<br/>- Duurzame 280-grams hoodie, vervaardigd uit 70% voorgekrompen katoen en 30% gerecycled polyester. <br/>- Neutraal, enkel maatlabel aanwezig, dus uitermate geschikt voor rebranding. <br/>- Hangtag en polybags met barcode.<br/>- Geschikt voor werk- & casual vrijetijdskleding.<br/>- Beschikbaar van maat XS t/m 7XL.<br/><br/>Ook mogelijk in uw gewenste PMS-kleur aan dezelfde prijs, minimaal 300 stuks door de maten heen.",https://tghimages.nl/B2B_HBSW_GREY_FRONT.JPG
B2B-HBSW,B2B Hooded band sweater Oliver,B2B-HBSWGR09,1,Back To Basics,,B2B-HBSWGR09,B2B Hooded band sweater Oliver,"6,10E+12",1,"11,7",6XL,grey,Hooded band sweater Oliver grey 6XL,Hooded band sweater Oliver grey 6XL,"Deze hooded sweater biedt zowel comfort als stijl. Hij is voorzien van metalen eyelets, stevige metalen uiteinden aan de trekkoorden, en een gevoerde capuchon voor extra warmte. Deze robuuste en moderne sweater is perfect voor dagelijks gebruik en werkgerelateerde activiteiten.<br/><br/>- Dubbel gestikte naden, gekleurde nektape ter versteviging en 60°C wasbaar.<br/>- Geborstelde fleece aan de binnenkant voor meer draagcomfort, set-in mouwen, brede ribgebreide boorden.<br/>- Gevoerde capuchon, koordjes afgewerkt met tubes.<br/>- Kangoeroezak op de voorzijde, V-stiksel op de borst.<br/>- Duurzame 280-grams hoodie, vervaardigd uit 70% voorgekrompen katoen en 30% gerecycled polyester. <br/>- Neutraal, enkel maatlabel aanwezig, dus uitermate geschikt voor rebranding. <br/>- Hangtag en polybags met barcode.<br/>- Geschikt voor werk- & casual vrijetijdskleding.<br/>- Beschikbaar van maat XS t/m 7XL.<br/><br/>Ook mogelijk in uw gewenste PMS-kleur aan dezelfde prijs, minimaal 300 stuks door de maten heen.",https://tghimages.nl/B2B_HBSW_GREY_FRONT.JPG
B2B-HBSW,B2B Hooded band sweater Oliver,B2B-HBSWGR10,1,Back To Basics,,B2B-HBSWGR10,B2B Hooded band sweater Oliver,"6,10E+12",1,"11,8",7XL,grey,Hooded band sweater Oliver grey 7XL,Hooded band sweater Oliver grey 7XL,"Deze hooded sweater biedt zowel comfort als stijl. Hij is voorzien van metalen eyelets, stevige metalen uiteinden aan de trekkoorden, en een gevoerde capuchon voor extra warmte. Deze robuuste en moderne sweater is perfect voor dagelijks gebruik en werkgerelateerde activiteiten.<br/><br/>- Dubbel gestikte naden, gekleurde nektape ter versteviging en 60°C wasbaar.<br/>- Geborstelde fleece aan de binnenkant voor meer draagcomfort, set-in mouwen, brede ribgebreide boorden.<br/>- Gevoerde capuchon, koordjes afgewerkt met tubes.<br/>- Kangoeroezak op de voorzijde, V-stiksel op de borst.<br/>- Duurzame 280-grams hoodie, vervaardigd uit 70% voorgekrompen katoen en 30% gerecycled polyester. <br/>- Neutraal, enkel maatlabel aanwezig, dus uitermate geschikt voor rebranding. <br/>- Hangtag en polybags met barcode.<br/>- Geschikt voor werk- & casual vrijetijdskleding.<br/>- Beschikbaar van maat XS t/m 7XL.<br/><br/>Ook mogelijk in uw gewenste PMS-kleur aan dezelfde prijs, minimaal 300 stuks door de maten heen.",https://tghimages.nl/B2B_HBSW_GREY_FRONT.JPG
B2B-HBSW,B2B Hooded band sweater Oliver,B2B-HBSWNA00,1,Back To Basics,,B2B-HBSWNA00,B2B Hooded band sweater Oliver,"6,10E+12",1,"11,9",XS,navy,Hooded band sweater Oliver navy XS,Hooded band sweater Oliver navy XS,"Deze hooded sweater biedt zowel comfort als stijl. Hij is voorzien van metalen eyelets, stevige metalen uiteinden aan de trekkoorden, en een gevoerde capuchon voor extra warmte. Deze robuuste en moderne sweater is perfect voor dagelijks gebruik en werkgerelateerde activiteiten.<br/><br/>- Dubbel gestikte naden, gekleurde nektape ter versteviging en 60°C wasbaar.<br/>- Geborstelde fleece aan de binnenkant voor meer draagcomfort, set-in mouwen, brede ribgebreide boorden.<br/>- Gevoerde capuchon, koordjes afgewerkt met tubes.<br/>- Kangoeroezak op de voorzijde, V-stiksel op de borst.<br/>- Duurzame 280-grams hoodie, vervaardigd uit 70% voorgekrompen katoen en 30% gerecycled polyester. <br/>- Neutraal, enkel maatlabel aanwezig, dus uitermate geschikt voor rebranding. <br/>- Hangtag en polybags met barcode.<br/>- Geschikt voor werk- & casual vrijetijdskleding.<br/>- Beschikbaar van maat XS t/m 7XL.<br/><br/>Ook mogelijk in uw gewenste PMS-kleur aan dezelfde prijs, minimaal 300 stuks door de maten heen.",https://tghimages.nl/B2B_HBSW_NAVY_FRONT.JPG
B2B-HBSW,B2B Hooded band sweater Oliver,B2B-HBSWNA01,1,Back To Basics,,B2B-HBSWNA01,B2B Hooded band sweater Oliver,"6,10E+12",1,12,S,navy,Hooded band sweater Oliver navy S,Hooded band sweater Oliver navy S,"Deze hooded sweater biedt zowel comfort als stijl. Hij is voorzien van metalen eyelets, stevige metalen uiteinden aan de trekkoorden, en een gevoerde capuchon voor extra warmte. Deze robuuste en moderne sweater is perfect voor dagelijks gebruik en werkgerelateerde activiteiten.<br/><br/>- Dubbel gestikte naden, gekleurde nektape ter versteviging en 60°C wasbaar.<br/>- Geborstelde fleece aan de binnenkant voor meer draagcomfort, set-in mouwen, brede ribgebreide boorden.<br/>- Gevoerde capuchon, koordjes afgewerkt met tubes.<br/>- Kangoeroezak op de voorzijde, V-stiksel op de borst.<br/>- Duurzame 280-grams hoodie, vervaardigd uit 70% voorgekrompen katoen en 30% gerecycled polyester. <br/>- Neutraal, enkel maatlabel aanwezig, dus uitermate geschikt voor rebranding. <br/>- Hangtag en polybags met barcode.<br/>- Geschikt voor werk- & casual vrijetijdskleding.<br/>- Beschikbaar van maat XS t/m 7XL.<br/><br/>Ook mogelijk in uw gewenste PMS-kleur aan dezelfde prijs, minimaal 300 stuks door de maten heen.",https://tghimages.nl/B2B_HBSW_NAVY_FRONT.JPG
B2B-HBSW,B2B Hooded band sweater Oliver,B2B-HBSWNA02,1,Back To Basics,,B2B-HBSWNA02,B2B Hooded band sweater Oliver,"6,10E+12",1,"12,1",M,navy,Hooded band sweater Oliver navy M,Hooded band sweater Oliver navy M,"Deze hooded sweater biedt zowel comfort als stijl. Hij is voorzien van metalen eyelets, stevige metalen uiteinden aan de trekkoorden, en een gevoerde capuchon voor extra warmte. Deze robuuste en moderne sweater is perfect voor dagelijks gebruik en werkgerelateerde activiteiten.<br/><br/>- Dubbel gestikte naden, gekleurde nektape ter versteviging en 60°C wasbaar.<br/>- Geborstelde fleece aan de binnenkant voor meer draagcomfort, set-in mouwen, brede ribgebreide boorden.<br/>- Gevoerde capuchon, koordjes afgewerkt met tubes.<br/>- Kangoeroezak op de voorzijde, V-stiksel op de borst.<br/>- Duurzame 280-grams hoodie, vervaardigd uit 70% voorgekrompen katoen en 30% gerecycled polyester. <br/>- Neutraal, enkel maatlabel aanwezig, dus uitermate geschikt voor rebranding. <br/>- Hangtag en polybags met barcode.<br/>- Geschikt voor werk- & casual vrijetijdskleding.<br/>- Beschikbaar van maat XS t/m 7XL.<br/><br/>Ook mogelijk in uw gewenste PMS-kleur aan dezelfde prijs, minimaal 300 stuks door de maten heen.",https://tghimages.nl/B2B_HBSW_NAVY_FRONT.JPG
B2B-HBSW,B2B Hooded band sweater Oliver,B2B-HBSWNA03,1,Back To Basics,,B2B-HBSWNA03,B2B Hooded band sweater Oliver,"6,10E+12",1,"12,2",L,navy,Hooded band sweater Oliver navy L,Hooded band sweater Oliver navy L,"Deze hooded sweater biedt zowel comfort als stijl. Hij is voorzien van metalen eyelets, stevige metalen uiteinden aan de trekkoorden, en een gevoerde capuchon voor extra warmte. Deze robuuste en moderne sweater is perfect voor dagelijks gebruik en werkgerelateerde activiteiten.<br/><br/>- Dubbel gestikte naden, gekleurde nektape ter versteviging en 60°C wasbaar.<br/>- Geborstelde fleece aan de binnenkant voor meer draagcomfort, set-in mouwen, brede ribgebreide boorden.<br/>- Gevoerde capuchon, koordjes afgewerkt met tubes.<br/>- Kangoeroezak op de voorzijde, V-stiksel op de borst.<br/>- Duurzame 280-grams hoodie, vervaardigd uit 70% voorgekrompen katoen en 30% gerecycled polyester. <br/>- Neutraal, enkel maatlabel aanwezig, dus uitermate geschikt voor rebranding. <br/>- Hangtag en polybags met barcode.<br/>- Geschikt voor werk- & casual vrijetijdskleding.<br/>- Beschikbaar van maat XS t/m 7XL.<br/><br/>Ook mogelijk in uw gewenste PMS-kleur aan dezelfde prijs, minimaal 300 stuks door de maten heen.",https://tghimages.nl/B2B_HBSW_NAVY_FRONT.JPG
B2B-HBSW,B2B Hooded band sweater Oliver,B2B-HBSWNA04,1,Back To Basics,,B2B-HBSWNA04,B2B Hooded band sweater Oliver,"6,10E+12",1,"12,3",XL,navy,Hooded band sweater Oliver navy XL,Hooded band sweater Oliver navy XL,"Deze hooded sweater biedt zowel comfort als stijl. Hij is voorzien van metalen eyelets, stevige metalen uiteinden aan de trekkoorden, en een gevoerde capuchon voor extra warmte. Deze robuuste en moderne sweater is perfect voor dagelijks gebruik en werkgerelateerde activiteiten.<br/><br/>- Dubbel gestikte naden, gekleurde nektape ter versteviging en 60°C wasbaar.<br/>- Geborstelde fleece aan de binnenkant voor meer draagcomfort, set-in mouwen, brede ribgebreide boorden.<br/>- Gevoerde capuchon, koordjes afgewerkt met tubes.<br/>- Kangoeroezak op de voorzijde, V-stiksel op de borst.<br/>- Duurzame 280-grams hoodie, vervaardigd uit 70% voorgekrompen katoen en 30% gerecycled polyester. <br/>- Neutraal, enkel maatlabel aanwezig, dus uitermate geschikt voor rebranding. <br/>- Hangtag en polybags met barcode.<br/>- Geschikt voor werk- & casual vrijetijdskleding.<br/>- Beschikbaar van maat XS t/m 7XL.<br/><br/>Ook mogelijk in uw gewenste PMS-kleur aan dezelfde prijs, minimaal 300 stuks door de maten heen.",https://tghimages.nl/B2B_HBSW_NAVY_FRONT.JPG
B2B-HBSW,B2B Hooded band sweater Oliver,B2B-HBSWNA05,1,Back To Basics,,B2B-HBSWNA05,B2B Hooded band sweater Oliver,"6,10E+12",1,"12,4",XXL,navy,Hooded band sweater Oliver navy XXL,Hooded band sweater Oliver navy XXL,"Deze hooded sweater biedt zowel comfort als stijl. Hij is voorzien van metalen eyelets, stevige metalen uiteinden aan de trekkoorden, en een gevoerde capuchon voor extra warmte. Deze robuuste en moderne sweater is perfect voor dagelijks gebruik en werkgerelateerde activiteiten.<br/><br/>- Dubbel gestikte naden, gekleurde nektape ter versteviging en 60°C wasbaar.<br/>- Geborstelde fleece aan de binnenkant voor meer draagcomfort, set-in mouwen, brede ribgebreide boorden.<br/>- Gevoerde capuchon, koordjes afgewerkt met tubes.<br/>- Kangoeroezak op de voorzijde, V-stiksel op de borst.<br/>- Duurzame 280-grams hoodie, vervaardigd uit 70% voorgekrompen katoen en 30% gerecycled polyester. <br/>- Neutraal, enkel maatlabel aanwezig, dus uitermate geschikt voor rebranding. <br/>- Hangtag en polybags met barcode.<br/>- Geschikt voor werk- & casual vrijetijdskleding.<br/>- Beschikbaar van maat XS t/m 7XL.<br/><br/>Ook mogelijk in uw gewenste PMS-kleur aan dezelfde prijs, minimaal 300 stuks door de maten heen.",https://tghimages.nl/B2B_HBSW_NAVY_FRONT.JPG
B2B-HBSW,B2B Hooded band sweater Oliver,B2B-HBSWNA06,1,Back To Basics,,B2B-HBSWNA06,B2B Hooded band sweater Oliver,"6,10E+12",1,"12,5",3XL,navy,Hooded band sweater Oliver navy 3XL,Hooded band sweater Oliver navy 3XL,"Deze hooded sweater biedt zowel comfort als stijl. Hij is voorzien van metalen eyelets, stevige metalen uiteinden aan de trekkoorden, en een gevoerde capuchon voor extra warmte. Deze robuuste en moderne sweater is perfect voor dagelijks gebruik en werkgerelateerde activiteiten.<br/><br/>- Dubbel gestikte naden, gekleurde nektape ter versteviging en 60°C wasbaar.<br/>- Geborstelde fleece aan de binnenkant voor meer draagcomfort, set-in mouwen, brede ribgebreide boorden.<br/>- Gevoerde capuchon, koordjes afgewerkt met tubes.<br/>- Kangoeroezak op de voorzijde, V-stiksel op de borst.<br/>- Duurzame 280-grams hoodie, vervaardigd uit 70% voorgekrompen katoen en 30% gerecycled polyester. <br/>- Neutraal, enkel maatlabel aanwezig, dus uitermate geschikt voor rebranding. <br/>- Hangtag en polybags met barcode.<br/>- Geschikt voor werk- & casual vrijetijdskleding.<br/>- Beschikbaar van maat XS t/m 7XL.<br/><br/>Ook mogelijk in uw gewenste PMS-kleur aan dezelfde prijs, minimaal 300 stuks door de maten heen.",https://tghimages.nl/B2B_HBSW_NAVY_FRONT.JPG
B2B-HBSW,B2B Hooded band sweater Oliver,B2B-HBSWNA07,1,Back To Basics,,B2B-HBSWNA07,B2B Hooded band sweater Oliver,"6,10E+12",1,"12,6",4XL,navy,Hooded band sweater Oliver navy 4XL,Hooded band sweater Oliver navy 4XL,"Deze hooded sweater biedt zowel comfort als stijl. Hij is voorzien van metalen eyelets, stevige metalen uiteinden aan de trekkoorden, en een gevoerde capuchon voor extra warmte. Deze robuuste en moderne sweater is perfect voor dagelijks gebruik en werkgerelateerde activiteiten.<br/><br/>- Dubbel gestikte naden, gekleurde nektape ter versteviging en 60°C wasbaar.<br/>- Geborstelde fleece aan de binnenkant voor meer draagcomfort, set-in mouwen, brede ribgebreide boorden.<br/>- Gevoerde capuchon, koordjes afgewerkt met tubes.<br/>- Kangoeroezak op de voorzijde, V-stiksel op de borst.<br/>- Duurzame 280-grams hoodie, vervaardigd uit 70% voorgekrompen katoen en 30% gerecycled polyester. <br/>- Neutraal, enkel maatlabel aanwezig, dus uitermate geschikt voor rebranding. <br/>- Hangtag en polybags met barcode.<br/>- Geschikt voor werk- & casual vrijetijdskleding.<br/>- Beschikbaar van maat XS t/m 7XL.<br/><br/>Ook mogelijk in uw gewenste PMS-kleur aan dezelfde prijs, minimaal 300 stuks door de maten heen.",https://tghimages.nl/B2B_HBSW_NAVY_FRONT.JPG
B2B-HBSW,B2B Hooded band sweater Oliver,B2B-HBSWNA08,1,Back To Basics,,B2B-HBSWNA08,B2B Hooded band sweater Oliver,"6,10E+12",1,"12,7",5XL,navy,Hooded band sweater Oliver navy 5XL,Hooded band sweater Oliver navy 5XL,"Deze hooded sweater biedt zowel comfort als stijl. Hij is voorzien van metalen eyelets, stevige metalen uiteinden aan de trekkoorden, en een gevoerde capuchon voor extra warmte. Deze robuuste en moderne sweater is perfect voor dagelijks gebruik en werkgerelateerde activiteiten.<br/><br/>- Dubbel gestikte naden, gekleurde nektape ter versteviging en 60°C wasbaar.<br/>- Geborstelde fleece aan de binnenkant voor meer draagcomfort, set-in mouwen, brede ribgebreide boorden.<br/>- Gevoerde capuchon, koordjes afgewerkt met tubes.<br/>- Kangoeroezak op de voorzijde, V-stiksel op de borst.<br/>- Duurzame 280-grams hoodie, vervaardigd uit 70% voorgekrompen katoen en 30% gerecycled polyester. <br/>- Neutraal, enkel maatlabel aanwezig, dus uitermate geschikt voor rebranding. <br/>- Hangtag en polybags met barcode.<br/>- Geschikt voor werk- & casual vrijetijdskleding.<br/>- Beschikbaar van maat XS t/m 7XL.<br/><br/>Ook mogelijk in uw gewenste PMS-kleur aan dezelfde prijs, minimaal 300 stuks door de maten heen.",https://tghimages.nl/B2B_HBSW_NAVY_FRONT.JPG
B2B-HBSW,B2B Hooded band sweater Oliver,B2B-HBSWNA09,1,Back To Basics,,B2B-HBSWNA09,B2B Hooded band sweater Oliver,"6,10E+12",1,"12,8",6XL,navy,Hooded band sweater Oliver navy 6XL,Hooded band sweater Oliver navy 6XL,"Deze hooded sweater biedt zowel comfort als stijl. Hij is voorzien van metalen eyelets, stevige metalen uiteinden aan de trekkoorden, en een gevoerde capuchon voor extra warmte. Deze robuuste en moderne sweater is perfect voor dagelijks gebruik en werkgerelateerde activiteiten.<br/><br/>- Dubbel gestikte naden, gekleurde nektape ter versteviging en 60°C wasbaar.<br/>- Geborstelde fleece aan de binnenkant voor meer draagcomfort, set-in mouwen, brede ribgebreide boorden.<br/>- Gevoerde capuchon, koordjes afgewerkt met tubes.<br/>- Kangoeroezak op de voorzijde, V-stiksel op de borst.<br/>- Duurzame 280-grams hoodie, vervaardigd uit 70% voorgekrompen katoen en 30% gerecycled polyester. <br/>- Neutraal, enkel maatlabel aanwezig, dus uitermate geschikt voor rebranding. <br/>- Hangtag en polybags met barcode.<br/>- Geschikt voor werk- & casual vrijetijdskleding.<br/>- Beschikbaar van maat XS t/m 7XL.<br/><br/>Ook mogelijk in uw gewenste PMS-kleur aan dezelfde prijs, minimaal 300 stuks door de maten heen.",https://tghimages.nl/B2B_HBSW_NAVY_FRONT.JPG
B2B-HBSW,B2B Hooded band sweater Oliver,B2B-HBSWNA10,1,Back To Basics,,B2B-HBSWNA10,B2B Hooded band sweater Oliver,"6,10E+12",1,"12,9",7XL,navy,Hooded band sweater Oliver navy 7XL,Hooded band sweater Oliver navy 7XL,"Deze hooded sweater biedt zowel comfort als stijl. Hij is voorzien van metalen eyelets, stevige metalen uiteinden aan de trekkoorden, en een gevoerde capuchon voor extra warmte. Deze robuuste en moderne sweater is perfect voor dagelijks gebruik en werkgerelateerde activiteiten.<br/><br/>- Dubbel gestikte naden, gekleurde nektape ter versteviging en 60°C wasbaar.<br/>- Geborstelde fleece aan de binnenkant voor meer draagcomfort, set-in mouwen, brede ribgebreide boorden.<br/>- Gevoerde capuchon, koordjes afgewerkt met tubes.<br/>- Kangoeroezak op de voorzijde, V-stiksel op de borst.<br/>- Duurzame 280-grams hoodie, vervaardigd uit 70% voorgekrompen katoen en 30% gerecycled polyester. <br/>- Neutraal, enkel maatlabel aanwezig, dus uitermate geschikt voor rebranding. <br/>- Hangtag en polybags met barcode.<br/>- Geschikt voor werk- & casual vrijetijdskleding.<br/>- Beschikbaar van maat XS t/m 7XL.<br/><br/>Ook mogelijk in uw gewenste PMS-kleur aan dezelfde prijs, minimaal 300 stuks door de maten heen.",https://tghimages.nl/B2B_HBSW_NAVY_FRONT.JPG
B2B-HBSW,B2B Hooded band sweater Oliver,B2B-HBSWRB00,1,Back To Basics,,B2B-HBSWRB00,B2B Hooded band sweater Oliver,"6,10E+12",1,13,XS,royal blue,Hooded band sweater Oliver royal blue XS,Hooded band sweater Oliver royal blue XS,"Deze hooded sweater biedt zowel comfort als stijl. Hij is voorzien van metalen eyelets, stevige metalen uiteinden aan de trekkoorden, en een gevoerde capuchon voor extra warmte. Deze robuuste en moderne sweater is perfect voor dagelijks gebruik en werkgerelateerde activiteiten.<br/><br/>- Dubbel gestikte naden, gekleurde nektape ter versteviging en 60°C wasbaar.<br/>- Geborstelde fleece aan de binnenkant voor meer draagcomfort, set-in mouwen, brede ribgebreide boorden.<br/>- Gevoerde capuchon, koordjes afgewerkt met tubes.<br/>- Kangoeroezak op de voorzijde, V-stiksel op de borst.<br/>- Duurzame 280-grams hoodie, vervaardigd uit 70% voorgekrompen katoen en 30% gerecycled polyester. <br/>- Neutraal, enkel maatlabel aanwezig, dus uitermate geschikt voor rebranding. <br/>- Hangtag en polybags met barcode.<br/>- Geschikt voor werk- & casual vrijetijdskleding.<br/>- Beschikbaar van maat XS t/m 7XL.<br/><br/>Ook mogelijk in uw gewenste PMS-kleur aan dezelfde prijs, minimaal 300 stuks door de maten heen.",https://tghimages.nl/B2B_HBSW_ROYAL_BLUE_FRONT.JPG
B2B-HBSW,B2B Hooded band sweater Oliver,B2B-HBSWRB01,1,Back To Basics,,B2B-HBSWRB01,B2B Hooded band sweater Oliver,"6,10E+12",1,"13,1",S,royal blue,Hooded band sweater Oliver royal blue S,Hooded band sweater Oliver royal blue S,"Deze hooded sweater biedt zowel comfort als stijl. Hij is voorzien van metalen eyelets, stevige metalen uiteinden aan de trekkoorden, en een gevoerde capuchon voor extra warmte. Deze robuuste en moderne sweater is perfect voor dagelijks gebruik en werkgerelateerde activiteiten.<br/><br/>- Dubbel gestikte naden, gekleurde nektape ter versteviging en 60°C wasbaar.<br/>- Geborstelde fleece aan de binnenkant voor meer draagcomfort, set-in mouwen, brede ribgebreide boorden.<br/>- Gevoerde capuchon, koordjes afgewerkt met tubes.<br/>- Kangoeroezak op de voorzijde, V-stiksel op de borst.<br/>- Duurzame 280-grams hoodie, vervaardigd uit 70% voorgekrompen katoen en 30% gerecycled polyester. <br/>- Neutraal, enkel maatlabel aanwezig, dus uitermate geschikt voor rebranding. <br/>- Hangtag en polybags met barcode.<br/>- Geschikt voor werk- & casual vrijetijdskleding.<br/>- Beschikbaar van maat XS t/m 7XL.<br/><br/>Ook mogelijk in uw gewenste PMS-kleur aan dezelfde prijs, minimaal 300 stuks door de maten heen.",https://tghimages.nl/B2B_HBSW_ROYAL_BLUE_FRONT.JPG
B2B-HBSW,B2B Hooded band sweater Oliver,B2B-HBSWRB02,1,Back To Basics,,B2B-HBSWRB02,B2B Hooded band sweater Oliver,"6,10E+12",1,"13,2",M,royal blue,Hooded band sweater Oliver royal blue M,Hooded band sweater Oliver royal blue M,"Deze hooded sweater biedt zowel comfort als stijl. Hij is voorzien van metalen eyelets, stevige metalen uiteinden aan de trekkoorden, en een gevoerde capuchon voor extra warmte. Deze robuuste en moderne sweater is perfect voor dagelijks gebruik en werkgerelateerde activiteiten.<br/><br/>- Dubbel gestikte naden, gekleurde nektape ter versteviging en 60°C wasbaar.<br/>- Geborstelde fleece aan de binnenkant voor meer draagcomfort, set-in mouwen, brede ribgebreide boorden.<br/>- Gevoerde capuchon, koordjes afgewerkt met tubes.<br/>- Kangoeroezak op de voorzijde, V-stiksel op de borst.<br/>- Duurzame 280-grams hoodie, vervaardigd uit 70% voorgekrompen katoen en 30% gerecycled polyester. <br/>- Neutraal, enkel maatlabel aanwezig, dus uitermate geschikt voor rebranding. <br/>- Hangtag en polybags met barcode.<br/>- Geschikt voor werk- & casual vrijetijdskleding.<br/>- Beschikbaar van maat XS t/m 7XL.<br/><br/>Ook mogelijk in uw gewenste PMS-kleur aan dezelfde prijs, minimaal 300 stuks door de maten heen.",https://tghimages.nl/B2B_HBSW_ROYAL_BLUE_FRONT.JPG
B2B-HBSW,B2B Hooded band sweater Oliver,B2B-HBSWRB03,1,Back To Basics,,B2B-HBSWRB03,B2B Hooded band sweater Oliver,"6,10E+12",1,"13,3",L,royal blue,Hooded band sweater Oliver royal blue L,Hooded band sweater Oliver royal blue L,"Deze hooded sweater biedt zowel comfort als stijl. Hij is voorzien van metalen eyelets, stevige metalen uiteinden aan de trekkoorden, en een gevoerde capuchon voor extra warmte. Deze robuuste en moderne sweater is perfect voor dagelijks gebruik en werkgerelateerde activiteiten.<br/><br/>- Dubbel gestikte naden, gekleurde nektape ter versteviging en 60°C wasbaar.<br/>- Geborstelde fleece aan de binnenkant voor meer draagcomfort, set-in mouwen, brede ribgebreide boorden.<br/>- Gevoerde capuchon, koordjes afgewerkt met tubes.<br/>- Kangoeroezak op de voorzijde, V-stiksel op de borst.<br/>- Duurzame 280-grams hoodie, vervaardigd uit 70% voorgekrompen katoen en 30% gerecycled polyester. <br/>- Neutraal, enkel maatlabel aanwezig, dus uitermate geschikt voor rebranding. <br/>- Hangtag en polybags met barcode.<br/>- Geschikt voor werk- & casual vrijetijdskleding.<br/>- Beschikbaar van maat XS t/m 7XL.<br/><br/>Ook mogelijk in uw gewenste PMS-kleur aan dezelfde prijs, minimaal 300 stuks door de maten heen.",https://tghimages.nl/B2B_HBSW_ROYAL_BLUE_FRONT.JPG
B2B-HBSW,B2B Hooded band sweater Oliver,B2B-HBSWRB04,1,Back To Basics,,B2B-HBSWRB04,B2B Hooded band sweater Oliver,"6,10E+12",1,"13,4",XL,royal blue,Hooded band sweater Oliver royal blue XL,Hooded band sweater Oliver royal blue XL,"Deze hooded sweater biedt zowel comfort als stijl. Hij is voorzien van metalen eyelets, stevige metalen uiteinden aan de trekkoorden, en een gevoerde capuchon voor extra warmte. Deze robuuste en moderne sweater is perfect voor dagelijks gebruik en werkgerelateerde activiteiten.<br/><br/>- Dubbel gestikte naden, gekleurde nektape ter versteviging en 60°C wasbaar.<br/>- Geborstelde fleece aan de binnenkant voor meer draagcomfort, set-in mouwen, brede ribgebreide boorden.<br/>- Gevoerde capuchon, koordjes afgewerkt met tubes.<br/>- Kangoeroezak op de voorzijde, V-stiksel op de borst.<br/>- Duurzame 280-grams hoodie, vervaardigd uit 70% voorgekrompen katoen en 30% gerecycled polyester. <br/>- Neutraal, enkel maatlabel aanwezig, dus uitermate geschikt voor rebranding. <br/>- Hangtag en polybags met barcode.<br/>- Geschikt voor werk- & casual vrijetijdskleding.<br/>- Beschikbaar van maat XS t/m 7XL.<br/><br/>Ook mogelijk in uw gewenste PMS-kleur aan dezelfde prijs, minimaal 300 stuks door de maten heen.",https://tghimages.nl/B2B_HBSW_ROYAL_BLUE_FRONT.JPG
B2B-HBSW,B2B Hooded band sweater Oliver,B2B-HBSWRB05,1,Back To Basics,,B2B-HBSWRB05,B2B Hooded band sweater Oliver,"6,10E+12",1,"13,5",XXL,royal blue,Hooded band sweater Oliver royal blue XXL,Hooded band sweater Oliver royal blue XXL,"Deze hooded sweater biedt zowel comfort als stijl. Hij is voorzien van metalen eyelets, stevige metalen uiteinden aan de trekkoorden, en een gevoerde capuchon voor extra warmte. Deze robuuste en moderne sweater is perfect voor dagelijks gebruik en werkgerelateerde activiteiten.<br/><br/>- Dubbel gestikte naden, gekleurde nektape ter versteviging en 60°C wasbaar.<br/>- Geborstelde fleece aan de binnenkant voor meer draagcomfort, set-in mouwen, brede ribgebreide boorden.<br/>- Gevoerde capuchon, koordjes afgewerkt met tubes.<br/>- Kangoeroezak op de voorzijde, V-stiksel op de borst.<br/>- Duurzame 280-grams hoodie, vervaardigd uit 70% voorgekrompen katoen en 30% gerecycled polyester. <br/>- Neutraal, enkel maatlabel aanwezig, dus uitermate geschikt voor rebranding. <br/>- Hangtag en polybags met barcode.<br/>- Geschikt voor werk- & casual vrijetijdskleding.<br/>- Beschikbaar van maat XS t/m 7XL.<br/><br/>Ook mogelijk in uw gewenste PMS-kleur aan dezelfde prijs, minimaal 300 stuks door de maten heen.",https://tghimages.nl/B2B_HBSW_ROYAL_BLUE_FRONT.JPG
B2B-HBSW,B2B Hooded band sweater Oliver,B2B-HBSWRB06,1,Back To Basics,,B2B-HBSWRB06,B2B Hooded band sweater Oliver,"6,10E+12",1,"13,6",3XL,royal blue,Hooded band sweater Oliver royal blue 3XL,Hooded band sweater Oliver royal blue 3XL,"Deze hooded sweater biedt zowel comfort als stijl. Hij is voorzien van metalen eyelets, stevige metalen uiteinden aan de trekkoorden, en een gevoerde capuchon voor extra warmte. Deze robuuste en moderne sweater is perfect voor dagelijks gebruik en werkgerelateerde activiteiten.<br/><br/>- Dubbel gestikte naden, gekleurde nektape ter versteviging en 60°C wasbaar.<br/>- Geborstelde fleece aan de binnenkant voor meer draagcomfort, set-in mouwen, brede ribgebreide boorden.<br/>- Gevoerde capuchon, koordjes afgewerkt met tubes.<br/>- Kangoeroezak op de voorzijde, V-stiksel op de borst.<br/>- Duurzame 280-grams hoodie, vervaardigd uit 70% voorgekrompen katoen en 30% gerecycled polyester. <br/>- Neutraal, enkel maatlabel aanwezig, dus uitermate geschikt voor rebranding. <br/>- Hangtag en polybags met barcode.<br/>- Geschikt voor werk- & casual vrijetijdskleding.<br/>- Beschikbaar van maat XS t/m 7XL.<br/><br/>Ook mogelijk in uw gewenste PMS-kleur aan dezelfde prijs, minimaal 300 stuks door de maten heen.",https://tghimages.nl/B2B_HBSW_ROYAL_BLUE_FRONT.JPG
B2B-HBSW,B2B Hooded band sweater Oliver,B2B-HBSWRB07,1,Back To Basics,,B2B-HBSWRB07,B2B Hooded band sweater Oliver,"6,10E+12",1,"13,7",4XL,royal blue,Hooded band sweater Oliver royal blue 4XL,Hooded band sweater Oliver royal blue 4XL,"Deze hooded sweater biedt zowel comfort als stijl. Hij is voorzien van metalen eyelets, stevige metalen uiteinden aan de trekkoorden, en een gevoerde capuchon voor extra warmte. Deze robuuste en moderne sweater is perfect voor dagelijks gebruik en werkgerelateerde activiteiten.<br/><br/>- Dubbel gestikte naden, gekleurde nektape ter versteviging en 60°C wasbaar.<br/>- Geborstelde fleece aan de binnenkant voor meer draagcomfort, set-in mouwen, brede ribgebreide boorden.<br/>- Gevoerde capuchon, koordjes afgewerkt met tubes.<br/>- Kangoeroezak op de voorzijde, V-stiksel op de borst.<br/>- Duurzame 280-grams hoodie, vervaardigd uit 70% voorgekrompen katoen en 30% gerecycled polyester. <br/>- Neutraal, enkel maatlabel aanwezig, dus uitermate geschikt voor rebranding. <br/>- Hangtag en polybags met barcode.<br/>- Geschikt voor werk- & casual vrijetijdskleding.<br/>- Beschikbaar van maat XS t/m 7XL.<br/><br/>Ook mogelijk in uw gewenste PMS-kleur aan dezelfde prijs, minimaal 300 stuks door de maten heen.",https://tghimages.nl/B2B_HBSW_ROYAL_BLUE_FRONT.JPG
B2B-HBSW,B2B Hooded band sweater Oliver,B2B-HBSWRB08,1,Back To Basics,,B2B-HBSWRB08,B2B Hooded band sweater Oliver,"6,10E+12",1,"13,8",5XL,royal blue,Hooded band sweater Oliver royal blue 5XL,Hooded band sweater Oliver royal blue 5XL,"Deze hooded sweater biedt zowel comfort als stijl. Hij is voorzien van metalen eyelets, stevige metalen uiteinden aan de trekkoorden, en een gevoerde capuchon voor extra warmte. Deze robuuste en moderne sweater is perfect voor dagelijks gebruik en werkgerelateerde activiteiten.<br/><br/>- Dubbel gestikte naden, gekleurde nektape ter versteviging en 60°C wasbaar.<br/>- Geborstelde fleece aan de binnenkant voor meer draagcomfort, set-in mouwen, brede ribgebreide boorden.<br/>- Gevoerde capuchon, koordjes afgewerkt met tubes.<br/>- Kangoeroezak op de voorzijde, V-stiksel op de borst.<br/>- Duurzame 280-grams hoodie, vervaardigd uit 70% voorgekrompen katoen en 30% gerecycled polyester. <br/>- Neutraal, enkel maatlabel aanwezig, dus uitermate geschikt voor rebranding. <br/>- Hangtag en polybags met barcode.<br/>- Geschikt voor werk- & casual vrijetijdskleding.<br/>- Beschikbaar van maat XS t/m 7XL.<br/><br/>Ook mogelijk in uw gewenste PMS-kleur aan dezelfde prijs, minimaal 300 stuks door de maten heen.",https://tghimages.nl/B2B_HBSW_ROYAL_BLUE_FRONT.JPG
B2B-HBSW,B2B Hooded band sweater Oliver,B2B-HBSWRB09,1,Back To Basics,,B2B-HBSWRB09,B2B Hooded band sweater Oliver,"6,10E+12",1,"13,9",6XL,royal blue,Hooded band sweater Oliver royal blue 6XL,Hooded band sweater Oliver royal blue 6XL,"Deze hooded sweater biedt zowel comfort als stijl. Hij is voorzien van metalen eyelets, stevige metalen uiteinden aan de trekkoorden, en een gevoerde capuchon voor extra warmte. Deze robuuste en moderne sweater is perfect voor dagelijks gebruik en werkgerelateerde activiteiten.<br/><br/>- Dubbel gestikte naden, gekleurde nektape ter versteviging en 60°C wasbaar.<br/>- Geborstelde fleece aan de binnenkant voor meer draagcomfort, set-in mouwen, brede ribgebreide boorden.<br/>- Gevoerde capuchon, koordjes afgewerkt met tubes.<br/>- Kangoeroezak op de voorzijde, V-stiksel op de borst.<br/>- Duurzame 280-grams hoodie, vervaardigd uit 70% voorgekrompen katoen en 30% gerecycled polyester. <br/>- Neutraal, enkel maatlabel aanwezig, dus uitermate geschikt voor rebranding. <br/>- Hangtag en polybags met barcode.<br/>- Geschikt voor werk- & casual vrijetijdskleding.<br/>- Beschikbaar van maat XS t/m 7XL.<br/><br/>Ook mogelijk in uw gewenste PMS-kleur aan dezelfde prijs, minimaal 300 stuks door de maten heen.",https://tghimages.nl/B2B_HBSW_ROYAL_BLUE_FRONT.JPG
B2B-HBSW,B2B Hooded band sweater Oliver,B2B-HBSWRB10,1,Back To Basics,,B2B-HBSWRB10,B2B Hooded band sweater Oliver,"6,10E+12",1,14,7XL,royal blue,Hooded band sweater Oliver royal blue 7XL,Hooded band sweater Oliver royal blue 7XL,"Deze hooded sweater biedt zowel comfort als stijl. Hij is voorzien van metalen eyelets, stevige metalen uiteinden aan de trekkoorden, en een gevoerde capuchon voor extra warmte. Deze robuuste en moderne sweater is perfect voor dagelijks gebruik en werkgerelateerde activiteiten.<br/><br/>- Dubbel gestikte naden, gekleurde nektape ter versteviging en 60°C wasbaar.<br/>- Geborstelde fleece aan de binnenkant voor meer draagcomfort, set-in mouwen, brede ribgebreide boorden.<br/>- Gevoerde capuchon, koordjes afgewerkt met tubes.<br/>- Kangoeroezak op de voorzijde, V-stiksel op de borst.<br/>- Duurzame 280-grams hoodie, vervaardigd uit 70% voorgekrompen katoen en 30% gerecycled polyester. <br/>- Neutraal, enkel maatlabel aanwezig, dus uitermate geschikt voor rebranding. <br/>- Hangtag en polybags met barcode.<br/>- Geschikt voor werk- & casual vrijetijdskleding.<br/>- Beschikbaar van maat XS t/m 7XL.<br/><br/>Ook mogelijk in uw gewenste PMS-kleur aan dezelfde prijs, minimaal 300 stuks door de maten heen.",https://tghimages.nl/B2B_HBSW_ROYAL_BLUE_FRONT.JPG
B2B-HBSW,B2B Hooded band sweater Oliver,B2B-HBSWRE00,1,Back To Basics,,B2B-HBSWRE00,B2B Hooded band sweater Oliver,"6,10E+12",1,"14,1",XS,red,Hooded band sweater Oliver red XS,Hooded band sweater Oliver red XS,"Deze hooded sweater biedt zowel comfort als stijl. Hij is voorzien van metalen eyelets, stevige metalen uiteinden aan de trekkoorden, en een gevoerde capuchon voor extra warmte. Deze robuuste en moderne sweater is perfect voor dagelijks gebruik en werkgerelateerde activiteiten.<br/><br/>- Dubbel gestikte naden, gekleurde nektape ter versteviging en 60°C wasbaar.<br/>- Geborstelde fleece aan de binnenkant voor meer draagcomfort, set-in mouwen, brede ribgebreide boorden.<br/>- Gevoerde capuchon, koordjes afgewerkt met tubes.<br/>- Kangoeroezak op de voorzijde, V-stiksel op de borst.<br/>- Duurzame 280-grams hoodie, vervaardigd uit 70% voorgekrompen katoen en 30% gerecycled polyester. <br/>- Neutraal, enkel maatlabel aanwezig, dus uitermate geschikt voor rebranding. <br/>- Hangtag en polybags met barcode.<br/>- Geschikt voor werk- & casual vrijetijdskleding.<br/>- Beschikbaar van maat XS t/m 7XL.<br/><br/>Ook mogelijk in uw gewenste PMS-kleur aan dezelfde prijs, minimaal 300 stuks door de maten heen.",https://tghimages.nl/B2B_HBSW_RED_FRONT.JPG
B2B-HBSW,B2B Hooded band sweater Oliver,B2B-HBSWRE01,1,Back To Basics,,B2B-HBSWRE01,B2B Hooded band sweater Oliver,"6,10E+12",1,"14,2",S,red,Hooded band sweater Oliver red S,Hooded band sweater Oliver red S,"Deze hooded sweater biedt zowel comfort als stijl. Hij is voorzien van metalen eyelets, stevige metalen uiteinden aan de trekkoorden, en een gevoerde capuchon voor extra warmte. Deze robuuste en moderne sweater is perfect voor dagelijks gebruik en werkgerelateerde activiteiten.<br/><br/>- Dubbel gestikte naden, gekleurde nektape ter versteviging en 60°C wasbaar.<br/>- Geborstelde fleece aan de binnenkant voor meer draagcomfort, set-in mouwen, brede ribgebreide boorden.<br/>- Gevoerde capuchon, koordjes afgewerkt met tubes.<br/>- Kangoeroezak op de voorzijde, V-stiksel op de borst.<br/>- Duurzame 280-grams hoodie, vervaardigd uit 70% voorgekrompen katoen en 30% gerecycled polyester. <br/>- Neutraal, enkel maatlabel aanwezig, dus uitermate geschikt voor rebranding. <br/>- Hangtag en polybags met barcode.<br/>- Geschikt voor werk- & casual vrijetijdskleding.<br/>- Beschikbaar van maat XS t/m 7XL.<br/><br/>Ook mogelijk in uw gewenste PMS-kleur aan dezelfde prijs, minimaal 300 stuks door de maten heen.",https://tghimages.nl/B2B_HBSW_RED_FRONT.JPG
B2B-HBSW,B2B Hooded band sweater Oliver,B2B-HBSWRE02,1,Back To Basics,,B2B-HBSWRE02,B2B Hooded band sweater Oliver,"6,10E+12",1,"14,3",M,red,Hooded band sweater Oliver red M,Hooded band sweater Oliver red M,"Deze hooded sweater biedt zowel comfort als stijl. Hij is voorzien van metalen eyelets, stevige metalen uiteinden aan de trekkoorden, en een gevoerde capuchon voor extra warmte. Deze robuuste en moderne sweater is perfect voor dagelijks gebruik en werkgerelateerde activiteiten.<br/><br/>- Dubbel gestikte naden, gekleurde nektape ter versteviging en 60°C wasbaar.<br/>- Geborstelde fleece aan de binnenkant voor meer draagcomfort, set-in mouwen, brede ribgebreide boorden.<br/>- Gevoerde capuchon, koordjes afgewerkt met tubes.<br/>- Kangoeroezak op de voorzijde, V-stiksel op de borst.<br/>- Duurzame 280-grams hoodie, vervaardigd uit 70% voorgekrompen katoen en 30% gerecycled polyester. <br/>- Neutraal, enkel maatlabel aanwezig, dus uitermate geschikt voor rebranding. <br/>- Hangtag en polybags met barcode.<br/>- Geschikt voor werk- & casual vrijetijdskleding.<br/>- Beschikbaar van maat XS t/m 7XL.<br/><br/>Ook mogelijk in uw gewenste PMS-kleur aan dezelfde prijs, minimaal 300 stuks door de maten heen.",https://tghimages.nl/B2B_HBSW_RED_FRONT.JPG
B2B-HBSW,B2B Hooded band sweater Oliver,B2B-HBSWRE03,1,Back To Basics,,B2B-HBSWRE03,B2B Hooded band sweater Oliver,"6,10E+12",1,"14,4",L,red,Hooded band sweater Oliver red L,Hooded band sweater Oliver red L,"Deze hooded sweater biedt zowel comfort als stijl. Hij is voorzien van metalen eyelets, stevige metalen uiteinden aan de trekkoorden, en een gevoerde capuchon voor extra warmte. Deze robuuste en moderne sweater is perfect voor dagelijks gebruik en werkgerelateerde activiteiten.<br/><br/>- Dubbel gestikte naden, gekleurde nektape ter versteviging en 60°C wasbaar.<br/>- Geborstelde fleece aan de binnenkant voor meer draagcomfort, set-in mouwen, brede ribgebreide boorden.<br/>- Gevoerde capuchon, koordjes afgewerkt met tubes.<br/>- Kangoeroezak op de voorzijde, V-stiksel op de borst.<br/>- Duurzame 280-grams hoodie, vervaardigd uit 70% voorgekrompen katoen en 30% gerecycled polyester. <br/>- Neutraal, enkel maatlabel aanwezig, dus uitermate geschikt voor rebranding. <br/>- Hangtag en polybags met barcode.<br/>- Geschikt voor werk- & casual vrijetijdskleding.<br/>- Beschikbaar van maat XS t/m 7XL.<br/><br/>Ook mogelijk in uw gewenste PMS-kleur aan dezelfde prijs, minimaal 300 stuks door de maten heen.",https://tghimages.nl/B2B_HBSW_RED_FRONT.JPG
B2B-HBSW,B2B Hooded band sweater Oliver,B2B-HBSWRE04,1,Back To Basics,,B2B-HBSWRE04,B2B Hooded band sweater Oliver,"6,10E+12",1,"14,5",XL,red,Hooded band sweater Oliver red XL,Hooded band sweater Oliver red XL,"Deze hooded sweater biedt zowel comfort als stijl. Hij is voorzien van metalen eyelets, stevige metalen uiteinden aan de trekkoorden, en een gevoerde capuchon voor extra warmte. Deze robuuste en moderne sweater is perfect voor dagelijks gebruik en werkgerelateerde activiteiten.<br/><br/>- Dubbel gestikte naden, gekleurde nektape ter versteviging en 60°C wasbaar.<br/>- Geborstelde fleece aan de binnenkant voor meer draagcomfort, set-in mouwen, brede ribgebreide boorden.<br/>- Gevoerde capuchon, koordjes afgewerkt met tubes.<br/>- Kangoeroezak op de voorzijde, V-stiksel op de borst.<br/>- Duurzame 280-grams hoodie, vervaardigd uit 70% voorgekrompen katoen en 30% gerecycled polyester. <br/>- Neutraal, enkel maatlabel aanwezig, dus uitermate geschikt voor rebranding. <br/>- Hangtag en polybags met barcode.<br/>- Geschikt voor werk- & casual vrijetijdskleding.<br/>- Beschikbaar van maat XS t/m 7XL.<br/><br/>Ook mogelijk in uw gewenste PMS-kleur aan dezelfde prijs, minimaal 300 stuks door de maten heen.",https://tghimages.nl/B2B_HBSW_RED_FRONT.JPG
B2B-HBSW,B2B Hooded band sweater Oliver,B2B-HBSWRE05,1,Back To Basics,,B2B-HBSWRE05,B2B Hooded band sweater Oliver,"6,10E+12",1,"14,6",XXL,red,Hooded band sweater Oliver red XXL,Hooded band sweater Oliver red XXL,"Deze hooded sweater biedt zowel comfort als stijl. Hij is voorzien van metalen eyelets, stevige metalen uiteinden aan de trekkoorden, en een gevoerde capuchon voor extra warmte. Deze robuuste en moderne sweater is perfect voor dagelijks gebruik en werkgerelateerde activiteiten.<br/><br/>- Dubbel gestikte naden, gekleurde nektape ter versteviging en 60°C wasbaar.<br/>- Geborstelde fleece aan de binnenkant voor meer draagcomfort, set-in mouwen, brede ribgebreide boorden.<br/>- Gevoerde capuchon, koordjes afgewerkt met tubes.<br/>- Kangoeroezak op de voorzijde, V-stiksel op de borst.<br/>- Duurzame 280-grams hoodie, vervaardigd uit 70% voorgekrompen katoen en 30% gerecycled polyester. <br/>- Neutraal, enkel maatlabel aanwezig, dus uitermate geschikt voor rebranding. <br/>- Hangtag en polybags met barcode.<br/>- Geschikt voor werk- & casual vrijetijdskleding.<br/>- Beschikbaar van maat XS t/m 7XL.<br/><br/>Ook mogelijk in uw gewenste PMS-kleur aan dezelfde prijs, minimaal 300 stuks door de maten heen.",https://tghimages.nl/B2B_HBSW_RED_FRONT.JPG
B2B-HBSW,B2B Hooded band sweater Oliver,B2B-HBSWRE06,1,Back To Basics,,B2B-HBSWRE06,B2B Hooded band sweater Oliver,"6,10E+12",1,"14,7",3XL,red,Hooded band sweater Oliver red 3XL,Hooded band sweater Oliver red 3XL,"Deze hooded sweater biedt zowel comfort als stijl. Hij is voorzien van metalen eyelets, stevige metalen uiteinden aan de trekkoorden, en een gevoerde capuchon voor extra warmte. Deze robuuste en moderne sweater is perfect voor dagelijks gebruik en werkgerelateerde activiteiten.<br/><br/>- Dubbel gestikte naden, gekleurde nektape ter versteviging en 60°C wasbaar.<br/>- Geborstelde fleece aan de binnenkant voor meer draagcomfort, set-in mouwen, brede ribgebreide boorden.<br/>- Gevoerde capuchon, koordjes afgewerkt met tubes.<br/>- Kangoeroezak op de voorzijde, V-stiksel op de borst.<br/>- Duurzame 280-grams hoodie, vervaardigd uit 70% voorgekrompen katoen en 30% gerecycled polyester. <br/>- Neutraal, enkel maatlabel aanwezig, dus uitermate geschikt voor rebranding. <br/>- Hangtag en polybags met barcode.<br/>- Geschikt voor werk- & casual vrijetijdskleding.<br/>- Beschikbaar van maat XS t/m 7XL.<br/><br/>Ook mogelijk in uw gewenste PMS-kleur aan dezelfde prijs, minimaal 300 stuks door de maten heen.",https://tghimages.nl/B2B_HBSW_RED_FRONT.JPG
B2B-HBSW,B2B Hooded band sweater Oliver,B2B-HBSWRE07,1,Back To Basics,,B2B-HBSWRE07,B2B Hooded band sweater Oliver,"6,10E+12",1,"14,8",4XL,red,Hooded band sweater Oliver red 4XL,Hooded band sweater Oliver red 4XL,"Deze hooded sweater biedt zowel comfort als stijl. Hij is voorzien van metalen eyelets, stevige metalen uiteinden aan de trekkoorden, en een gevoerde capuchon voor extra warmte. Deze robuuste en moderne sweater is perfect voor dagelijks gebruik en werkgerelateerde activiteiten.<br/><br/>- Dubbel gestikte naden, gekleurde nektape ter versteviging en 60°C wasbaar.<br/>- Geborstelde fleece aan de binnenkant voor meer draagcomfort, set-in mouwen, brede ribgebreide boorden.<br/>- Gevoerde capuchon, koordjes afgewerkt met tubes.<br/>- Kangoeroezak op de voorzijde, V-stiksel op de borst.<br/>- Duurzame 280-grams hoodie, vervaardigd uit 70% voorgekrompen katoen en 30% gerecycled polyester. <br/>- Neutraal, enkel maatlabel aanwezig, dus uitermate geschikt voor rebranding. <br/>- Hangtag en polybags met barcode.<br/>- Geschikt voor werk- & casual vrijetijdskleding.<br/>- Beschikbaar van maat XS t/m 7XL.<br/><br/>Ook mogelijk in uw gewenste PMS-kleur aan dezelfde prijs, minimaal 300 stuks door de maten heen.",https://tghimages.nl/B2B_HBSW_RED_FRONT.JPG
B2B-HBSW,B2B Hooded band sweater Oliver,B2B-HBSWRE08,1,Back To Basics,,B2B-HBSWRE08,B2B Hooded band sweater Oliver,"6,10E+12",1,"14,9",5XL,red,Hooded band sweater Oliver red 5XL,Hooded band sweater Oliver red 5XL,"Deze hooded sweater biedt zowel comfort als stijl. Hij is voorzien van metalen eyelets, stevige metalen uiteinden aan de trekkoorden, en een gevoerde capuchon voor extra warmte. Deze robuuste en moderne sweater is perfect voor dagelijks gebruik en werkgerelateerde activiteiten.<br/><br/>- Dubbel gestikte naden, gekleurde nektape ter versteviging en 60°C wasbaar.<br/>- Geborstelde fleece aan de binnenkant voor meer draagcomfort, set-in mouwen, brede ribgebreide boorden.<br/>- Gevoerde capuchon, koordjes afgewerkt met tubes.<br/>- Kangoeroezak op de voorzijde, V-stiksel op de borst.<br/>- Duurzame 280-grams hoodie, vervaardigd uit 70% voorgekrompen katoen en 30% gerecycled polyester. <br/>- Neutraal, enkel maatlabel aanwezig, dus uitermate geschikt voor rebranding. <br/>- Hangtag en polybags met barcode.<br/>- Geschikt voor werk- & casual vrijetijdskleding.<br/>- Beschikbaar van maat XS t/m 7XL.<br/><br/>Ook mogelijk in uw gewenste PMS-kleur aan dezelfde prijs, minimaal 300 stuks door de maten heen.",https://tghimages.nl/B2B_HBSW_RED_FRONT.JPG
B2B-HBSW,B2B Hooded band sweater Oliver,B2B-HBSWRE09,1,Back To Basics,,B2B-HBSWRE09,B2B Hooded band sweater Oliver,"6,10E+12",1,15,6XL,red,Hooded band sweater Oliver red 6XL,Hooded band sweater Oliver red 6XL,"Deze hooded sweater biedt zowel comfort als stijl. Hij is voorzien van metalen eyelets, stevige metalen uiteinden aan de trekkoorden, en een gevoerde capuchon voor extra warmte. Deze robuuste en moderne sweater is perfect voor dagelijks gebruik en werkgerelateerde activiteiten.<br/><br/>- Dubbel gestikte naden, gekleurde nektape ter versteviging en 60°C wasbaar.<br/>- Geborstelde fleece aan de binnenkant voor meer draagcomfort, set-in mouwen, brede ribgebreide boorden.<br/>- Gevoerde capuchon, koordjes afgewerkt met tubes.<br/>- Kangoeroezak op de voorzijde, V-stiksel op de borst.<br/>- Duurzame 280-grams hoodie, vervaardigd uit 70% voorgekrompen katoen en 30% gerecycled polyester. <br/>- Neutraal, enkel maatlabel aanwezig, dus uitermate geschikt voor rebranding. <br/>- Hangtag en polybags met barcode.<br/>- Geschikt voor werk- & casual vrijetijdskleding.<br/>- Beschikbaar van maat XS t/m 7XL.<br/><br/>Ook mogelijk in uw gewenste PMS-kleur aan dezelfde prijs, minimaal 300 stuks door de maten heen.",https://tghimages.nl/B2B_HBSW_RED_FRONT.JPG
B2B-HBSW,B2B Hooded band sweater Oliver,B2B-HBSWRE10,1,Back To Basics,,B2B-HBSWRE10,B2B Hooded band sweater Oliver,"6,10E+12",1,"15,1",7XL,red,Hooded band sweater Oliver red 7XL,Hooded band sweater Oliver red 7XL,"Deze hooded sweater biedt zowel comfort als stijl. Hij is voorzien van metalen eyelets, stevige metalen uiteinden aan de trekkoorden, en een gevoerde capuchon voor extra warmte. Deze robuuste en moderne sweater is perfect voor dagelijks gebruik en werkgerelateerde activiteiten.<br/><br/>- Dubbel gestikte naden, gekleurde nektape ter versteviging en 60°C wasbaar.<br/>- Geborstelde fleece aan de binnenkant voor meer draagcomfort, set-in mouwen, brede ribgebreide boorden.<br/>- Gevoerde capuchon, koordjes afgewerkt met tubes.<br/>- Kangoeroezak op de voorzijde, V-stiksel op de borst.<br/>- Duurzame 280-grams hoodie, vervaardigd uit 70% voorgekrompen katoen en 30% gerecycled polyester. <br/>- Neutraal, enkel maatlabel aanwezig, dus uitermate geschikt voor rebranding. <br/>- Hangtag en polybags met barcode.<br/>- Geschikt voor werk- & casual vrijetijdskleding.<br/>- Beschikbaar van maat XS t/m 7XL.<br/><br/>Ook mogelijk in uw gewenste PMS-kleur aan dezelfde prijs, minimaal 300 stuks door de maten heen.",https://tghimages.nl/B2B_HBSW_RED_FRONT.JPG
B2B-HBSW,B2B Hooded band sweater Oliver,B2B-HBSWWH00,1,Back To Basics,,B2B-HBSWWH00,B2B Hooded band sweater Oliver,"6,10E+12",1,"15,2",XS,white,Hooded band sweater Oliver white XS,Hooded band sweater Oliver white XS,"Deze hooded sweater biedt zowel comfort als stijl. Hij is voorzien van metalen eyelets, stevige metalen uiteinden aan de trekkoorden, en een gevoerde capuchon voor extra warmte. Deze robuuste en moderne sweater is perfect voor dagelijks gebruik en werkgerelateerde activiteiten.<br/><br/>- Dubbel gestikte naden, gekleurde nektape ter versteviging en 60°C wasbaar.<br/>- Geborstelde fleece aan de binnenkant voor meer draagcomfort, set-in mouwen, brede ribgebreide boorden.<br/>- Gevoerde capuchon, koordjes afgewerkt met tubes.<br/>- Kangoeroezak op de voorzijde, V-stiksel op de borst.<br/>- Duurzame 280-grams hoodie, vervaardigd uit 70% voorgekrompen katoen en 30% gerecycled polyester. <br/>- Neutraal, enkel maatlabel aanwezig, dus uitermate geschikt voor rebranding. <br/>- Hangtag en polybags met barcode.<br/>- Geschikt voor werk- & casual vrijetijdskleding.<br/>- Beschikbaar van maat XS t/m 7XL.<br/><br/>Ook mogelijk in uw gewenste PMS-kleur aan dezelfde prijs, minimaal 300 stuks door de maten heen.",https://tghimages.nl/B2B_HBSW_WHITE_FRONT.JPG
B2B-HBSW,B2B Hooded band sweater Oliver,B2B-HBSWWH01,1,Back To Basics,,B2B-HBSWWH01,B2B Hooded band sweater Oliver,"6,10E+12",1,"15,3",S,white,Hooded band sweater Oliver white S,Hooded band sweater Oliver white S,"Deze hooded sweater biedt zowel comfort als stijl. Hij is voorzien van metalen eyelets, stevige metalen uiteinden aan de trekkoorden, en een gevoerde capuchon voor extra warmte. Deze robuuste en moderne sweater is perfect voor dagelijks gebruik en werkgerelateerde activiteiten.<br/><br/>- Dubbel gestikte naden, gekleurde nektape ter versteviging en 60°C wasbaar.<br/>- Geborstelde fleece aan de binnenkant voor meer draagcomfort, set-in mouwen, brede ribgebreide boorden.<br/>- Gevoerde capuchon, koordjes afgewerkt met tubes.<br/>- Kangoeroezak op de voorzijde, V-stiksel op de borst.<br/>- Duurzame 280-grams hoodie, vervaardigd uit 70% voorgekrompen katoen en 30% gerecycled polyester. <br/>- Neutraal, enkel maatlabel aanwezig, dus uitermate geschikt voor rebranding. <br/>- Hangtag en polybags met barcode.<br/>- Geschikt voor werk- & casual vrijetijdskleding.<br/>- Beschikbaar van maat XS t/m 7XL.<br/><br/>Ook mogelijk in uw gewenste PMS-kleur aan dezelfde prijs, minimaal 300 stuks door de maten heen.",https://tghimages.nl/B2B_HBSW_WHITE_FRONT.JPG
B2B-HBSW,B2B Hooded band sweater Oliver,B2B-HBSWWH02,1,Back To Basics,,B2B-HBSWWH02,B2B Hooded band sweater Oliver,"6,10E+12",1,"15,4",M,white,Hooded band sweater Oliver white M,Hooded band sweater Oliver white M,"Deze hooded sweater biedt zowel comfort als stijl. Hij is voorzien van metalen eyelets, stevige metalen uiteinden aan de trekkoorden, en een gevoerde capuchon voor extra warmte. Deze robuuste en moderne sweater is perfect voor dagelijks gebruik en werkgerelateerde activiteiten.<br/><br/>- Dubbel gestikte naden, gekleurde nektape ter versteviging en 60°C wasbaar.<br/>- Geborstelde fleece aan de binnenkant voor meer draagcomfort, set-in mouwen, brede ribgebreide boorden.<br/>- Gevoerde capuchon, koordjes afgewerkt met tubes.<br/>- Kangoeroezak op de voorzijde, V-stiksel op de borst.<br/>- Duurzame 280-grams hoodie, vervaardigd uit 70% voorgekrompen katoen en 30% gerecycled polyester. <br/>- Neutraal, enkel maatlabel aanwezig, dus uitermate geschikt voor rebranding. <br/>- Hangtag en polybags met barcode.<br/>- Geschikt voor werk- & casual vrijetijdskleding.<br/>- Beschikbaar van maat XS t/m 7XL.<br/><br/>Ook mogelijk in uw gewenste PMS-kleur aan dezelfde prijs, minimaal 300 stuks door de maten heen.",https://tghimages.nl/B2B_HBSW_WHITE_FRONT.JPG
B2B-HBSW,B2B Hooded band sweater Oliver,B2B-HBSWWH03,1,Back To Basics,,B2B-HBSWWH03,B2B Hooded band sweater Oliver,"6,10E+12",1,"15,5",L,white,Hooded band sweater Oliver white L,Hooded band sweater Oliver white L,"Deze hooded sweater biedt zowel comfort als stijl. Hij is voorzien van metalen eyelets, stevige metalen uiteinden aan de trekkoorden, en een gevoerde capuchon voor extra warmte. Deze robuuste en moderne sweater is perfect voor dagelijks gebruik en werkgerelateerde activiteiten.<br/><br/>- Dubbel gestikte naden, gekleurde nektape ter versteviging en 60°C wasbaar.<br/>- Geborstelde fleece aan de binnenkant voor meer draagcomfort, set-in mouwen, brede ribgebreide boorden.<br/>- Gevoerde capuchon, koordjes afgewerkt met tubes.<br/>- Kangoeroezak op de voorzijde, V-stiksel op de borst.<br/>- Duurzame 280-grams hoodie, vervaardigd uit 70% voorgekrompen katoen en 30% gerecycled polyester. <br/>- Neutraal, enkel maatlabel aanwezig, dus uitermate geschikt voor rebranding. <br/>- Hangtag en polybags met barcode.<br/>- Geschikt voor werk- & casual vrijetijdskleding.<br/>- Beschikbaar van maat XS t/m 7XL.<br/><br/>Ook mogelijk in uw gewenste PMS-kleur aan dezelfde prijs, minimaal 300 stuks door de maten heen.",https://tghimages.nl/B2B_HBSW_WHITE_FRONT.JPG
B2B-HBSW,B2B Hooded band sweater Oliver,B2B-HBSWWH04,1,Back To Basics,,B2B-HBSWWH04,B2B Hooded band sweater Oliver,"6,10E+12",1,"15,6",XL,white,Hooded band sweater Oliver white XL,Hooded band sweater Oliver white XL,"Deze hooded sweater biedt zowel comfort als stijl. Hij is voorzien van metalen eyelets, stevige metalen uiteinden aan de trekkoorden, en een gevoerde capuchon voor extra warmte. Deze robuuste en moderne sweater is perfect voor dagelijks gebruik en werkgerelateerde activiteiten.<br/><br/>- Dubbel gestikte naden, gekleurde nektape ter versteviging en 60°C wasbaar.<br/>- Geborstelde fleece aan de binnenkant voor meer draagcomfort, set-in mouwen, brede ribgebreide boorden.<br/>- Gevoerde capuchon, koordjes afgewerkt met tubes.<br/>- Kangoeroezak op de voorzijde, V-stiksel op de borst.<br/>- Duurzame 280-grams hoodie, vervaardigd uit 70% voorgekrompen katoen en 30% gerecycled polyester. <br/>- Neutraal, enkel maatlabel aanwezig, dus uitermate geschikt voor rebranding. <br/>- Hangtag en polybags met barcode.<br/>- Geschikt voor werk- & casual vrijetijdskleding.<br/>- Beschikbaar van maat XS t/m 7XL.<br/><br/>Ook mogelijk in uw gewenste PMS-kleur aan dezelfde prijs, minimaal 300 stuks door de maten heen.",https://tghimages.nl/B2B_HBSW_WHITE_FRONT.JPG
B2B-HBSW,B2B Hooded band sweater Oliver,B2B-HBSWWH05,1,Back To Basics,,B2B-HBSWWH05,B2B Hooded band sweater Oliver,"6,10E+12",1,"15,7",XXL,white,Hooded band sweater Oliver white XXL,Hooded band sweater Oliver white XXL,"Deze hooded sweater biedt zowel comfort als stijl. Hij is voorzien van metalen eyelets, stevige metalen uiteinden aan de trekkoorden, en een gevoerde capuchon voor extra warmte. Deze robuuste en moderne sweater is perfect voor dagelijks gebruik en werkgerelateerde activiteiten.<br/><br/>- Dubbel gestikte naden, gekleurde nektape ter versteviging en 60°C wasbaar.<br/>- Geborstelde fleece aan de binnenkant voor meer draagcomfort, set-in mouwen, brede ribgebreide boorden.<br/>- Gevoerde capuchon, koordjes afgewerkt met tubes.<br/>- Kangoeroezak op de voorzijde, V-stiksel op de borst.<br/>- Duurzame 280-grams hoodie, vervaardigd uit 70% voorgekrompen katoen en 30% gerecycled polyester. <br/>- Neutraal, enkel maatlabel aanwezig, dus uitermate geschikt voor rebranding. <br/>- Hangtag en polybags met barcode.<br/>- Geschikt voor werk- & casual vrijetijdskleding.<br/>- Beschikbaar van maat XS t/m 7XL.<br/><br/>Ook mogelijk in uw gewenste PMS-kleur aan dezelfde prijs, minimaal 300 stuks door de maten heen.",https://tghimages.nl/B2B_HBSW_WHITE_FRONT.JPG
B2B-HBSW,B2B Hooded band sweater Oliver,B2B-HBSWWH06,1,Back To Basics,,B2B-HBSWWH06,B2B Hooded band sweater Oliver,"6,10E+12",1,"15,8",3XL,white,Hooded band sweater Oliver white 3XL,Hooded band sweater Oliver white 3XL,"Deze hooded sweater biedt zowel comfort als stijl. Hij is voorzien van metalen eyelets, stevige metalen uiteinden aan de trekkoorden, en een gevoerde capuchon voor extra warmte. Deze robuuste en moderne sweater is perfect voor dagelijks gebruik en werkgerelateerde activiteiten.<br/><br/>- Dubbel gestikte naden, gekleurde nektape ter versteviging en 60°C wasbaar.<br/>- Geborstelde fleece aan de binnenkant voor meer draagcomfort, set-in mouwen, brede ribgebreide boorden.<br/>- Gevoerde capuchon, koordjes afgewerkt met tubes.<br/>- Kangoeroezak op de voorzijde, V-stiksel op de borst.<br/>- Duurzame 280-grams hoodie, vervaardigd uit 70% voorgekrompen katoen en 30% gerecycled polyester. <br/>- Neutraal, enkel maatlabel aanwezig, dus uitermate geschikt voor rebranding. <br/>- Hangtag en polybags met barcode.<br/>- Geschikt voor werk- & casual vrijetijdskleding.<br/>- Beschikbaar van maat XS t/m 7XL.<br/><br/>Ook mogelijk in uw gewenste PMS-kleur aan dezelfde prijs, minimaal 300 stuks door de maten heen.",https://tghimages.nl/B2B_HBSW_WHITE_FRONT.JPG
B2B-HBSW,B2B Hooded band sweater Oliver,B2B-HBSWWH07,1,Back To Basics,,B2B-HBSWWH07,B2B Hooded band sweater Oliver,"6,10E+12",1,"15,9",4XL,white,Hooded band sweater Oliver white 4XL,Hooded band sweater Oliver white 4XL,"Deze hooded sweater biedt zowel comfort als stijl. Hij is voorzien van metalen eyelets, stevige metalen uiteinden aan de trekkoorden, en een gevoerde capuchon voor extra warmte. Deze robuuste en moderne sweater is perfect voor dagelijks gebruik en werkgerelateerde activiteiten.<br/><br/>- Dubbel gestikte naden, gekleurde nektape ter versteviging en 60°C wasbaar.<br/>- Geborstelde fleece aan de binnenkant voor meer draagcomfort, set-in mouwen, brede ribgebreide boorden.<br/>- Gevoerde capuchon, koordjes afgewerkt met tubes.<br/>- Kangoeroezak op de voorzijde, V-stiksel op de borst.<br/>- Duurzame 280-grams hoodie, vervaardigd uit 70% voorgekrompen katoen en 30% gerecycled polyester. <br/>- Neutraal, enkel maatlabel aanwezig, dus uitermate geschikt voor rebranding. <br/>- Hangtag en polybags met barcode.<br/>- Geschikt voor werk- & casual vrijetijdskleding.<br/>- Beschikbaar van maat XS t/m 7XL.<br/><br/>Ook mogelijk in uw gewenste PMS-kleur aan dezelfde prijs, minimaal 300 stuks door de maten heen.",https://tghimages.nl/B2B_HBSW_WHITE_FRONT.JPG
B2B-HBSW,B2B Hooded band sweater Oliver,B2B-HBSWWH08,1,Back To Basics,,B2B-HBSWWH08,B2B Hooded band sweater Oliver,"6,10E+12",1,16,5XL,white,Hooded band sweater Oliver white 5XL,Hooded band sweater Oliver white 5XL,"Deze hooded sweater biedt zowel comfort als stijl. Hij is voorzien van metalen eyelets, stevige metalen uiteinden aan de trekkoorden, en een gevoerde capuchon voor extra warmte. Deze robuuste en moderne sweater is perfect voor dagelijks gebruik en werkgerelateerde activiteiten.<br/><br/>- Dubbel gestikte naden, gekleurde nektape ter versteviging en 60°C wasbaar.<br/>- Geborstelde fleece aan de binnenkant voor meer draagcomfort, set-in mouwen, brede ribgebreide boorden.<br/>- Gevoerde capuchon, koordjes afgewerkt met tubes.<br/>- Kangoeroezak op de voorzijde, V-stiksel op de borst.<br/>- Duurzame 280-grams hoodie, vervaardigd uit 70% voorgekrompen katoen en 30% gerecycled polyester. <br/>- Neutraal, enkel maatlabel aanwezig, dus uitermate geschikt voor rebranding. <br/>- Hangtag en polybags met barcode.<br/>- Geschikt voor werk- & casual vrijetijdskleding.<br/>- Beschikbaar van maat XS t/m 7XL.<br/><br/>Ook mogelijk in uw gewenste PMS-kleur aan dezelfde prijs, minimaal 300 stuks door de maten heen.",https://tghimages.nl/B2B_HBSW_WHITE_FRONT.JPG
B2B-HBSW,B2B Hooded band sweater Oliver,B2B-HBSWWH09,1,Back To Basics,,B2B-HBSWWH09,B2B Hooded band sweater Oliver,"6,10E+12",1,"16,1",6XL,white,Hooded band sweater Oliver white 6XL,Hooded band sweater Oliver white 6XL,"Deze hooded sweater biedt zowel comfort als stijl. Hij is voorzien van metalen eyelets, stevige metalen uiteinden aan de trekkoorden, en een gevoerde capuchon voor extra warmte. Deze robuuste en moderne sweater is perfect voor dagelijks gebruik en werkgerelateerde activiteiten.<br/><br/>- Dubbel gestikte naden, gekleurde nektape ter versteviging en 60°C wasbaar.<br/>- Geborstelde fleece aan de binnenkant voor meer draagcomfort, set-in mouwen, brede ribgebreide boorden.<br/>- Gevoerde capuchon, koordjes afgewerkt met tubes.<br/>- Kangoeroezak op de voorzijde, V-stiksel op de borst.<br/>- Duurzame 280-grams hoodie, vervaardigd uit 70% voorgekrompen katoen en 30% gerecycled polyester. <br/>- Neutraal, enkel maatlabel aanwezig, dus uitermate geschikt voor rebranding. <br/>- Hangtag en polybags met barcode.<br/>- Geschikt voor werk- & casual vrijetijdskleding.<br/>- Beschikbaar van maat XS t/m 7XL.<br/><br/>Ook mogelijk in uw gewenste PMS-kleur aan dezelfde prijs, minimaal 300 stuks door de maten heen.",https://tghimages.nl/B2B_HBSW_WHITE_FRONT.JPG
B2B-HBSW,B2B Hooded band sweater Oliver,B2B-HBSWWH10,1,Back To Basics,,B2B-HBSWWH10,B2B Hooded band sweater Oliver,"6,10E+12",1,"16,2",7XL,white,Hooded band sweater Oliver white 7XL,Hooded band sweater Oliver white 7XL,"Deze hooded sweater biedt zowel comfort als stijl. Hij is voorzien van metalen eyelets, stevige metalen uiteinden aan de trekkoorden, en een gevoerde capuchon voor extra warmte. Deze robuuste en moderne sweater is perfect voor dagelijks gebruik en werkgerelateerde activiteiten.<br/><br/>- Dubbel gestikte naden, gekleurde nektape ter versteviging en 60°C wasbaar.<br/>- Geborstelde fleece aan de binnenkant voor meer draagcomfort, set-in mouwen, brede ribgebreide boorden.<br/>- Gevoerde capuchon, koordjes afgewerkt met tubes.<br/>- Kangoeroezak op de voorzijde, V-stiksel op de borst.<br/>- Duurzame 280-grams hoodie, vervaardigd uit 70% voorgekrompen katoen en 30% gerecycled polyester. <br/>- Neutraal, enkel maatlabel aanwezig, dus uitermate geschikt voor rebranding. <br/>- Hangtag en polybags met barcode.<br/>- Geschikt voor werk- & casual vrijetijdskleding.<br/>- Beschikbaar van maat XS t/m 7XL.<br/><br/>Ook mogelijk in uw gewenste PMS-kleur aan dezelfde prijs, minimaal 300 stuks door de maten heen.",https://tghimages.nl/B2B_HBSW_WHITE_FRONT.JPG
B2B-HDJA,B2B Hooded jacket Justin,B2B-HDJAAN00,1,Back To Basics,,B2B-HDJAAN00,B2B Hooded jacket Justin,"6,10E+12",1,"16,3",XS,anthracite,Hooded jacket Justin anthracite XS,Hooded jacket Justin anthracite XS,"Dit hooded jacket is ideaal als robuuste werkkleding of stevig vrijetijdsjack. Voorzien van metalen oogjes, stevige uiteinden aan de trekkoorden en een duurzame metalen rits. Met praktische steekzakken en een nette afwerking biedt dit jack de perfecte combinatie van functionaliteit en stijl.<br/><br/>- Dubbel gestikte naden, gekleurde nektape ter versteviging en 60°C wasbaar.<br/>- Geborstelde fleece aan de binnenkant voor meer draagcomfort, set-in mouwen, brede ribgebreide boorden.<br/>- 2 Steekzakken op de buik. <br/>- Gevoerde capuchon, koordjes afgewerkt met tubes. Metalen rits, passend bij de koorduiteinden<br/>- 280-Grams hooded jacket, duurzaam vervaardigd uit 70% voorgekrompen katoen en 30% gerecycled polyester. <br/>- Neutraal, enkel maatlabel aanwezig, dus uitermate geschikt voor rebranding. <br/>- Hangtag en polybags met barcode.<br/>- Geschikt voor werk- & casual vrijetijdskleding.<br/>- Beschikbaar van maat XS t/m 7XL.<br/><br/>Ook mogelijk in uw gewenste PMS-kleur aan dezelfde prijs, minimaal 300 stuks door de maten heen.",https://tghimages.nl/B2B_HDJA_ANTHRACITE_FRONT.JPG
B2B-HDJA,B2B Hooded jacket Justin,B2B-HDJAAN01,1,Back To Basics,,B2B-HDJAAN01,B2B Hooded jacket Justin,"6,10E+12",1,"16,4",S,anthracite,Hooded jacket Justin anthracite S,Hooded jacket Justin anthracite S,"Dit hooded jacket is ideaal als robuuste werkkleding of stevig vrijetijdsjack. Voorzien van metalen oogjes, stevige uiteinden aan de trekkoorden en een duurzame metalen rits. Met praktische steekzakken en een nette afwerking biedt dit jack de perfecte combinatie van functionaliteit en stijl.<br/><br/>- Dubbel gestikte naden, gekleurde nektape ter versteviging en 60°C wasbaar.<br/>- Geborstelde fleece aan de binnenkant voor meer draagcomfort, set-in mouwen, brede ribgebreide boorden.<br/>- 2 Steekzakken op de buik. <br/>- Gevoerde capuchon, koordjes afgewerkt met tubes. Metalen rits, passend bij de koorduiteinden<br/>- 280-Grams hooded jacket, duurzaam vervaardigd uit 70% voorgekrompen katoen en 30% gerecycled polyester. <br/>- Neutraal, enkel maatlabel aanwezig, dus uitermate geschikt voor rebranding. <br/>- Hangtag en polybags met barcode.<br/>- Geschikt voor werk- & casual vrijetijdskleding.<br/>- Beschikbaar van maat XS t/m 7XL.<br/><br/>Ook mogelijk in uw gewenste PMS-kleur aan dezelfde prijs, minimaal 300 stuks door de maten heen.",https://tghimages.nl/B2B_HDJA_ANTHRACITE_FRONT.JPG
B2B-HDJA,B2B Hooded jacket Justin,B2B-HDJAAN02,1,Back To Basics,,B2B-HDJAAN02,B2B Hooded jacket Justin,"6,10E+12",1,"16,5",M,anthracite,Hooded jacket Justin anthracite M,Hooded jacket Justin anthracite M,"Dit hooded jacket is ideaal als robuuste werkkleding of stevig vrijetijdsjack. Voorzien van metalen oogjes, stevige uiteinden aan de trekkoorden en een duurzame metalen rits. Met praktische steekzakken en een nette afwerking biedt dit jack de perfecte combinatie van functionaliteit en stijl.<br/><br/>- Dubbel gestikte naden, gekleurde nektape ter versteviging en 60°C wasbaar.<br/>- Geborstelde fleece aan de binnenkant voor meer draagcomfort, set-in mouwen, brede ribgebreide boorden.<br/>- 2 Steekzakken op de buik. <br/>- Gevoerde capuchon, koordjes afgewerkt met tubes. Metalen rits, passend bij de koorduiteinden<br/>- 280-Grams hooded jacket, duurzaam vervaardigd uit 70% voorgekrompen katoen en 30% gerecycled polyester. <br/>- Neutraal, enkel maatlabel aanwezig, dus uitermate geschikt voor rebranding. <br/>- Hangtag en polybags met barcode.<br/>- Geschikt voor werk- & casual vrijetijdskleding.<br/>- Beschikbaar van maat XS t/m 7XL.<br/><br/>Ook mogelijk in uw gewenste PMS-kleur aan dezelfde prijs, minimaal 300 stuks door de maten heen.",https://tghimages.nl/B2B_HDJA_ANTHRACITE_FRONT.JPG
B2B-HDJA,B2B Hooded jacket Justin,B2B-HDJAAN03,1,Back To Basics,,B2B-HDJAAN03,B2B Hooded jacket Justin,"6,10E+12",1,"16,6",L,anthracite,Hooded jacket Justin anthracite L,Hooded jacket Justin anthracite L,"Dit hooded jacket is ideaal als robuuste werkkleding of stevig vrijetijdsjack. Voorzien van metalen oogjes, stevige uiteinden aan de trekkoorden en een duurzame metalen rits. Met praktische steekzakken en een nette afwerking biedt dit jack de perfecte combinatie van functionaliteit en stijl.<br/><br/>- Dubbel gestikte naden, gekleurde nektape ter versteviging en 60°C wasbaar.<br/>- Geborstelde fleece aan de binnenkant voor meer draagcomfort, set-in mouwen, brede ribgebreide boorden.<br/>- 2 Steekzakken op de buik. <br/>- Gevoerde capuchon, koordjes afgewerkt met tubes. Metalen rits, passend bij de koorduiteinden<br/>- 280-Grams hooded jacket, duurzaam vervaardigd uit 70% voorgekrompen katoen en 30% gerecycled polyester. <br/>- Neutraal, enkel maatlabel aanwezig, dus uitermate geschikt voor rebranding. <br/>- Hangtag en polybags met barcode.<br/>- Geschikt voor werk- & casual vrijetijdskleding.<br/>- Beschikbaar van maat XS t/m 7XL.<br/><br/>Ook mogelijk in uw gewenste PMS-kleur aan dezelfde prijs, minimaal 300 stuks door de maten heen.",https://tghimages.nl/B2B_HDJA_ANTHRACITE_FRONT.JPG
B2B-HDJA,B2B Hooded jacket Justin,B2B-HDJAAN04,1,Back To Basics,,B2B-HDJAAN04,B2B Hooded jacket Justin,"6,10E+12",1,"16,7",XL,anthracite,Hooded jacket Justin anthracite XL,Hooded jacket Justin anthracite XL,"Dit hooded jacket is ideaal als robuuste werkkleding of stevig vrijetijdsjack. Voorzien van metalen oogjes, stevige uiteinden aan de trekkoorden en een duurzame metalen rits. Met praktische steekzakken en een nette afwerking biedt dit jack de perfecte combinatie van functionaliteit en stijl.<br/><br/>- Dubbel gestikte naden, gekleurde nektape ter versteviging en 60°C wasbaar.<br/>- Geborstelde fleece aan de binnenkant voor meer draagcomfort, set-in mouwen, brede ribgebreide boorden.<br/>- 2 Steekzakken op de buik. <br/>- Gevoerde capuchon, koordjes afgewerkt met tubes. Metalen rits, passend bij de koorduiteinden<br/>- 280-Grams hooded jacket, duurzaam vervaardigd uit 70% voorgekrompen katoen en 30% gerecycled polyester. <br/>- Neutraal, enkel maatlabel aanwezig, dus uitermate geschikt voor rebranding. <br/>- Hangtag en polybags met barcode.<br/>- Geschikt voor werk- & casual vrijetijdskleding.<br/>- Beschikbaar van maat XS t/m 7XL.<br/><br/>Ook mogelijk in uw gewenste PMS-kleur aan dezelfde prijs, minimaal 300 stuks door de maten heen.",https://tghimages.nl/B2B_HDJA_ANTHRACITE_FRONT.JPG
B2B-HDJA,B2B Hooded jacket Justin,B2B-HDJAAN05,1,Back To Basics,,B2B-HDJAAN05,B2B Hooded jacket Justin,"6,10E+12",1,"16,8",XXL,anthracite,Hooded jacket Justin anthracite XXL,Hooded jacket Justin anthracite XXL,"Dit hooded jacket is ideaal als robuuste werkkleding of stevig vrijetijdsjack. Voorzien van metalen oogjes, stevige uiteinden aan de trekkoorden en een duurzame metalen rits. Met praktische steekzakken en een nette afwerking biedt dit jack de perfecte combinatie van functionaliteit en stijl.<br/><br/>- Dubbel gestikte naden, gekleurde nektape ter versteviging en 60°C wasbaar.<br/>- Geborstelde fleece aan de binnenkant voor meer draagcomfort, set-in mouwen, brede ribgebreide boorden.<br/>- 2 Steekzakken op de buik. <br/>- Gevoerde capuchon, koordjes afgewerkt met tubes. Metalen rits, passend bij de koorduiteinden<br/>- 280-Grams hooded jacket, duurzaam vervaardigd uit 70% voorgekrompen katoen en 30% gerecycled polyester. <br/>- Neutraal, enkel maatlabel aanwezig, dus uitermate geschikt voor rebranding. <br/>- Hangtag en polybags met barcode.<br/>- Geschikt voor werk- & casual vrijetijdskleding.<br/>- Beschikbaar van maat XS t/m 7XL.<br/><br/>Ook mogelijk in uw gewenste PMS-kleur aan dezelfde prijs, minimaal 300 stuks door de maten heen.",https://tghimages.nl/B2B_HDJA_ANTHRACITE_FRONT.JPG
B2B-HDJA,B2B Hooded jacket Justin,B2B-HDJAAN06,1,Back To Basics,,B2B-HDJAAN06,B2B Hooded jacket Justin,"6,10E+12",1,"16,9",3XL,anthracite,Hooded jacket Justin anthracite 3XL,Hooded jacket Justin anthracite 3XL,"Dit hooded jacket is ideaal als robuuste werkkleding of stevig vrijetijdsjack. Voorzien van metalen oogjes, stevige uiteinden aan de trekkoorden en een duurzame metalen rits. Met praktische steekzakken en een nette afwerking biedt dit jack de perfecte combinatie van functionaliteit en stijl.<br/><br/>- Dubbel gestikte naden, gekleurde nektape ter versteviging en 60°C wasbaar.<br/>- Geborstelde fleece aan de binnenkant voor meer draagcomfort, set-in mouwen, brede ribgebreide boorden.<br/>- 2 Steekzakken op de buik. <br/>- Gevoerde capuchon, koordjes afgewerkt met tubes. Metalen rits, passend bij de koorduiteinden<br/>- 280-Grams hooded jacket, duurzaam vervaardigd uit 70% voorgekrompen katoen en 30% gerecycled polyester. <br/>- Neutraal, enkel maatlabel aanwezig, dus uitermate geschikt voor rebranding. <br/>- Hangtag en polybags met barcode.<br/>- Geschikt voor werk- & casual vrijetijdskleding.<br/>- Beschikbaar van maat XS t/m 7XL.<br/><br/>Ook mogelijk in uw gewenste PMS-kleur aan dezelfde prijs, minimaal 300 stuks door de maten heen.",https://tghimages.nl/B2B_HDJA_ANTHRACITE_FRONT.JPG
B2B-HDJA,B2B Hooded jacket Justin,B2B-HDJAAN07,1,Back To Basics,,B2B-HDJAAN07,B2B Hooded jacket Justin,"6,10E+12",1,17,4XL,anthracite,Hooded jacket Justin anthracite 4XL,Hooded jacket Justin anthracite 4XL,"Dit hooded jacket is ideaal als robuuste werkkleding of stevig vrijetijdsjack. Voorzien van metalen oogjes, stevige uiteinden aan de trekkoorden en een duurzame metalen rits. Met praktische steekzakken en een nette afwerking biedt dit jack de perfecte combinatie van functionaliteit en stijl.<br/><br/>- Dubbel gestikte naden, gekleurde nektape ter versteviging en 60°C wasbaar.<br/>- Geborstelde fleece aan de binnenkant voor meer draagcomfort, set-in mouwen, brede ribgebreide boorden.<br/>- 2 Steekzakken op de buik. <br/>- Gevoerde capuchon, koordjes afgewerkt met tubes. Metalen rits, passend bij de koorduiteinden<br/>- 280-Grams hooded jacket, duurzaam vervaardigd uit 70% voorgekrompen katoen en 30% gerecycled polyester. <br/>- Neutraal, enkel maatlabel aanwezig, dus uitermate geschikt voor rebranding. <br/>- Hangtag en polybags met barcode.<br/>- Geschikt voor werk- & casual vrijetijdskleding.<br/>- Beschikbaar van maat XS t/m 7XL.<br/><br/>Ook mogelijk in uw gewenste PMS-kleur aan dezelfde prijs, minimaal 300 stuks door de maten heen.",https://tghimages.nl/B2B_HDJA_ANTHRACITE_FRONT.JPG
B2B-HDJA,B2B Hooded jacket Justin,B2B-HDJAAN08,1,Back To Basics,,B2B-HDJAAN08,B2B Hooded jacket Justin,"6,10E+12",1,"17,1",5XL,anthracite,Hooded jacket Justin anthracite 5XL,Hooded jacket Justin anthracite 5XL,"Dit hooded jacket is ideaal als robuuste werkkleding of stevig vrijetijdsjack. Voorzien van metalen oogjes, stevige uiteinden aan de trekkoorden en een duurzame metalen rits. Met praktische steekzakken en een nette afwerking biedt dit jack de perfecte combinatie van functionaliteit en stijl.<br/><br/>- Dubbel gestikte naden, gekleurde nektape ter versteviging en 60°C wasbaar.<br/>- Geborstelde fleece aan de binnenkant voor meer draagcomfort, set-in mouwen, brede ribgebreide boorden.<br/>- 2 Steekzakken op de buik. <br/>- Gevoerde capuchon, koordjes afgewerkt met tubes. Metalen rits, passend bij de koorduiteinden<br/>- 280-Grams hooded jacket, duurzaam vervaardigd uit 70% voorgekrompen katoen en 30% gerecycled polyester. <br/>- Neutraal, enkel maatlabel aanwezig, dus uitermate geschikt voor rebranding. <br/>- Hangtag en polybags met barcode.<br/>- Geschikt voor werk- & casual vrijetijdskleding.<br/>- Beschikbaar van maat XS t/m 7XL.<br/><br/>Ook mogelijk in uw gewenste PMS-kleur aan dezelfde prijs, minimaal 300 stuks door de maten heen.",https://tghimages.nl/B2B_HDJA_ANTHRACITE_FRONT.JPG
B2B-HDJA,B2B Hooded jacket Justin,B2B-HDJAAN09,1,Back To Basics,,B2B-HDJAAN09,B2B Hooded jacket Justin,"6,10E+12",1,"17,2",6XL,anthracite,Hooded jacket Justin anthracite 6XL,Hooded jacket Justin anthracite 6XL,"Dit hooded jacket is ideaal als robuuste werkkleding of stevig vrijetijdsjack. Voorzien van metalen oogjes, stevige uiteinden aan de trekkoorden en een duurzame metalen rits. Met praktische steekzakken en een nette afwerking biedt dit jack de perfecte combinatie van functionaliteit en stijl.<br/><br/>- Dubbel gestikte naden, gekleurde nektape ter versteviging en 60°C wasbaar.<br/>- Geborstelde fleece aan de binnenkant voor meer draagcomfort, set-in mouwen, brede ribgebreide boorden.<br/>- 2 Steekzakken op de buik. <br/>- Gevoerde capuchon, koordjes afgewerkt met tubes. Metalen rits, passend bij de koorduiteinden<br/>- 280-Grams hooded jacket, duurzaam vervaardigd uit 70% voorgekrompen katoen en 30% gerecycled polyester. <br/>- Neutraal, enkel maatlabel aanwezig, dus uitermate geschikt voor rebranding. <br/>- Hangtag en polybags met barcode.<br/>- Geschikt voor werk- & casual vrijetijdskleding.<br/>- Beschikbaar van maat XS t/m 7XL.<br/><br/>Ook mogelijk in uw gewenste PMS-kleur aan dezelfde prijs, minimaal 300 stuks door de maten heen.",https://tghimages.nl/B2B_HDJA_ANTHRACITE_FRONT.JPG
B2B-HDJA,B2B Hooded jacket Justin,B2B-HDJAAN10,1,Back To Basics,,B2B-HDJAAN10,B2B Hooded jacket Justin,"6,10E+12",1,"17,3",7XL,anthracite,Hooded jacket Justin anthracite 7XL,Hooded jacket Justin anthracite 7XL,"Dit hooded jacket is ideaal als robuuste werkkleding of stevig vrijetijdsjack. Voorzien van metalen oogjes, stevige uiteinden aan de trekkoorden en een duurzame metalen rits. Met praktische steekzakken en een nette afwerking biedt dit jack de perfecte combinatie van functionaliteit en stijl.<br/><br/>- Dubbel gestikte naden, gekleurde nektape ter versteviging en 60°C wasbaar.<br/>- Geborstelde fleece aan de binnenkant voor meer draagcomfort, set-in mouwen, brede ribgebreide boorden.<br/>- 2 Steekzakken op de buik. <br/>- Gevoerde capuchon, koordjes afgewerkt met tubes. Metalen rits, passend bij de koorduiteinden<br/>- 280-Grams hooded jacket, duurzaam vervaardigd uit 70% voorgekrompen katoen en 30% gerecycled polyester. <br/>- Neutraal, enkel maatlabel aanwezig, dus uitermate geschikt voor rebranding. <br/>- Hangtag en polybags met barcode.<br/>- Geschikt voor werk- & casual vrijetijdskleding.<br/>- Beschikbaar van maat XS t/m 7XL.<br/><br/>Ook mogelijk in uw gewenste PMS-kleur aan dezelfde prijs, minimaal 300 stuks door de maten heen.",https://tghimages.nl/B2B_HDJA_ANTHRACITE_FRONT.JPG
B2B-HDJA,B2B Hooded jacket Justin,B2B-HDJABL00,1,Back To Basics,,B2B-HDJABL00,B2B Hooded jacket Justin,"6,10E+12",1,"17,4",XS,black,Hooded jacket Justin black XS,Hooded jacket Justin black XS,"Dit hooded jacket is ideaal als robuuste werkkleding of stevig vrijetijdsjack. Voorzien van metalen oogjes, stevige uiteinden aan de trekkoorden en een duurzame metalen rits. Met praktische steekzakken en een nette afwerking biedt dit jack de perfecte combinatie van functionaliteit en stijl.<br/><br/>- Dubbel gestikte naden, gekleurde nektape ter versteviging en 60°C wasbaar.<br/>- Geborstelde fleece aan de binnenkant voor meer draagcomfort, set-in mouwen, brede ribgebreide boorden.<br/>- 2 Steekzakken op de buik. <br/>- Gevoerde capuchon, koordjes afgewerkt met tubes. Metalen rits, passend bij de koorduiteinden<br/>- 280-Grams hooded jacket, duurzaam vervaardigd uit 70% voorgekrompen katoen en 30% gerecycled polyester. <br/>- Neutraal, enkel maatlabel aanwezig, dus uitermate geschikt voor rebranding. <br/>- Hangtag en polybags met barcode.<br/>- Geschikt voor werk- & casual vrijetijdskleding.<br/>- Beschikbaar van maat XS t/m 7XL.<br/><br/>Ook mogelijk in uw gewenste PMS-kleur aan dezelfde prijs, minimaal 300 stuks door de maten heen.",https://tghimages.nl/B2B_HDJA_BLACK_FRONT.JPG
B2B-HDJA,B2B Hooded jacket Justin,B2B-HDJABL01,1,Back To Basics,,B2B-HDJABL01,B2B Hooded jacket Justin,"6,10E+12",1,"17,5",S,black,Hooded jacket Justin black S,Hooded jacket Justin black S,"Dit hooded jacket is ideaal als robuuste werkkleding of stevig vrijetijdsjack. Voorzien van metalen oogjes, stevige uiteinden aan de trekkoorden en een duurzame metalen rits. Met praktische steekzakken en een nette afwerking biedt dit jack de perfecte combinatie van functionaliteit en stijl.<br/><br/>- Dubbel gestikte naden, gekleurde nektape ter versteviging en 60°C wasbaar.<br/>- Geborstelde fleece aan de binnenkant voor meer draagcomfort, set-in mouwen, brede ribgebreide boorden.<br/>- 2 Steekzakken op de buik. <br/>- Gevoerde capuchon, koordjes afgewerkt met tubes. Metalen rits, passend bij de koorduiteinden<br/>- 280-Grams hooded jacket, duurzaam vervaardigd uit 70% voorgekrompen katoen en 30% gerecycled polyester. <br/>- Neutraal, enkel maatlabel aanwezig, dus uitermate geschikt voor rebranding. <br/>- Hangtag en polybags met barcode.<br/>- Geschikt voor werk- & casual vrijetijdskleding.<br/>- Beschikbaar van maat XS t/m 7XL.<br/><br/>Ook mogelijk in uw gewenste PMS-kleur aan dezelfde prijs, minimaal 300 stuks door de maten heen.",https://tghimages.nl/B2B_HDJA_BLACK_FRONT.JPG
B2B-HDJA,B2B Hooded jacket Justin,B2B-HDJABL02,1,Back To Basics,,B2B-HDJABL02,B2B Hooded jacket Justin,"6,10E+12",1,"17,6",M,black,Hooded jacket Justin black M,Hooded jacket Justin black M,"Dit hooded jacket is ideaal als robuuste werkkleding of stevig vrijetijdsjack. Voorzien van metalen oogjes, stevige uiteinden aan de trekkoorden en een duurzame metalen rits. Met praktische steekzakken en een nette afwerking biedt dit jack de perfecte combinatie van functionaliteit en stijl.<br/><br/>- Dubbel gestikte naden, gekleurde nektape ter versteviging en 60°C wasbaar.<br/>- Geborstelde fleece aan de binnenkant voor meer draagcomfort, set-in mouwen, brede ribgebreide boorden.<br/>- 2 Steekzakken op de buik. <br/>- Gevoerde capuchon, koordjes afgewerkt met tubes. Metalen rits, passend bij de koorduiteinden<br/>- 280-Grams hooded jacket, duurzaam vervaardigd uit 70% voorgekrompen katoen en 30% gerecycled polyester. <br/>- Neutraal, enkel maatlabel aanwezig, dus uitermate geschikt voor rebranding. <br/>- Hangtag en polybags met barcode.<br/>- Geschikt voor werk- & casual vrijetijdskleding.<br/>- Beschikbaar van maat XS t/m 7XL.<br/><br/>Ook mogelijk in uw gewenste PMS-kleur aan dezelfde prijs, minimaal 300 stuks door de maten heen.",https://tghimages.nl/B2B_HDJA_BLACK_FRONT.JPG
B2B-HDJA,B2B Hooded jacket Justin,B2B-HDJABL03,1,Back To Basics,,B2B-HDJABL03,B2B Hooded jacket Justin,"6,10E+12",1,"17,7",L,black,Hooded jacket Justin black L,Hooded jacket Justin black L,"Dit hooded jacket is ideaal als robuuste werkkleding of stevig vrijetijdsjack. Voorzien van metalen oogjes, stevige uiteinden aan de trekkoorden en een duurzame metalen rits. Met praktische steekzakken en een nette afwerking biedt dit jack de perfecte combinatie van functionaliteit en stijl.<br/><br/>- Dubbel gestikte naden, gekleurde nektape ter versteviging en 60°C wasbaar.<br/>- Geborstelde fleece aan de binnenkant voor meer draagcomfort, set-in mouwen, brede ribgebreide boorden.<br/>- 2 Steekzakken op de buik. <br/>- Gevoerde capuchon, koordjes afgewerkt met tubes. Metalen rits, passend bij de koorduiteinden<br/>- 280-Grams hooded jacket, duurzaam vervaardigd uit 70% voorgekrompen katoen en 30% gerecycled polyester. <br/>- Neutraal, enkel maatlabel aanwezig, dus uitermate geschikt voor rebranding. <br/>- Hangtag en polybags met barcode.<br/>- Geschikt voor werk- & casual vrijetijdskleding.<br/>- Beschikbaar van maat XS t/m 7XL.<br/><br/>Ook mogelijk in uw gewenste PMS-kleur aan dezelfde prijs, minimaal 300 stuks door de maten heen.",https://tghimages.nl/B2B_HDJA_BLACK_FRONT.JPG
B2B-HDJA,B2B Hooded jacket Justin,B2B-HDJABL04,1,Back To Basics,,B2B-HDJABL04,B2B Hooded jacket Justin,"6,10E+12",1,"17,8",XL,black,Hooded jacket Justin black XL,Hooded jacket Justin black XL,"Dit hooded jacket is ideaal als robuuste werkkleding of stevig vrijetijdsjack. Voorzien van metalen oogjes, stevige uiteinden aan de trekkoorden en een duurzame metalen rits. Met praktische steekzakken en een nette afwerking biedt dit jack de perfecte combinatie van functionaliteit en stijl.<br/><br/>- Dubbel gestikte naden, gekleurde nektape ter versteviging en 60°C wasbaar.<br/>- Geborstelde fleece aan de binnenkant voor meer draagcomfort, set-in mouwen, brede ribgebreide boorden.<br/>- 2 Steekzakken op de buik. <br/>- Gevoerde capuchon, koordjes afgewerkt met tubes. Metalen rits, passend bij de koorduiteinden<br/>- 280-Grams hooded jacket, duurzaam vervaardigd uit 70% voorgekrompen katoen en 30% gerecycled polyester. <br/>- Neutraal, enkel maatlabel aanwezig, dus uitermate geschikt voor rebranding. <br/>- Hangtag en polybags met barcode.<br/>- Geschikt voor werk- & casual vrijetijdskleding.<br/>- Beschikbaar van maat XS t/m 7XL.<br/><br/>Ook mogelijk in uw gewenste PMS-kleur aan dezelfde prijs, minimaal 300 stuks door de maten heen.",https://tghimages.nl/B2B_HDJA_BLACK_FRONT.JPG
B2B-HDJA,B2B Hooded jacket Justin,B2B-HDJABL05,1,Back To Basics,,B2B-HDJABL05,B2B Hooded jacket Justin,"6,10E+12",1,"17,9",XXL,black,Hooded jacket Justin black XXL,Hooded jacket Justin black XXL,"Dit hooded jacket is ideaal als robuuste werkkleding of stevig vrijetijdsjack. Voorzien van metalen oogjes, stevige uiteinden aan de trekkoorden en een duurzame metalen rits. Met praktische steekzakken en een nette afwerking biedt dit jack de perfecte combinatie van functionaliteit en stijl.<br/><br/>- Dubbel gestikte naden, gekleurde nektape ter versteviging en 60°C wasbaar.<br/>- Geborstelde fleece aan de binnenkant voor meer draagcomfort, set-in mouwen, brede ribgebreide boorden.<br/>- 2 Steekzakken op de buik. <br/>- Gevoerde capuchon, koordjes afgewerkt met tubes. Metalen rits, passend bij de koorduiteinden<br/>- 280-Grams hooded jacket, duurzaam vervaardigd uit 70% voorgekrompen katoen en 30% gerecycled polyester. <br/>- Neutraal, enkel maatlabel aanwezig, dus uitermate geschikt voor rebranding. <br/>- Hangtag en polybags met barcode.<br/>- Geschikt voor werk- & casual vrijetijdskleding.<br/>- Beschikbaar van maat XS t/m 7XL.<br/><br/>Ook mogelijk in uw gewenste PMS-kleur aan dezelfde prijs, minimaal 300 stuks door de maten heen.",https://tghimages.nl/B2B_HDJA_BLACK_FRONT.JPG
B2B-HDJA,B2B Hooded jacket Justin,B2B-HDJABL06,1,Back To Basics,,B2B-HDJABL06,B2B Hooded jacket Justin,"6,10E+12",1,18,3XL,black,Hooded jacket Justin black 3XL,Hooded jacket Justin black 3XL,"Dit hooded jacket is ideaal als robuuste werkkleding of stevig vrijetijdsjack. Voorzien van metalen oogjes, stevige uiteinden aan de trekkoorden en een duurzame metalen rits. Met praktische steekzakken en een nette afwerking biedt dit jack de perfecte combinatie van functionaliteit en stijl.<br/><br/>- Dubbel gestikte naden, gekleurde nektape ter versteviging en 60°C wasbaar.<br/>- Geborstelde fleece aan de binnenkant voor meer draagcomfort, set-in mouwen, brede ribgebreide boorden.<br/>- 2 Steekzakken op de buik. <br/>- Gevoerde capuchon, koordjes afgewerkt met tubes. Metalen rits, passend bij de koorduiteinden<br/>- 280-Grams hooded jacket, duurzaam vervaardigd uit 70% voorgekrompen katoen en 30% gerecycled polyester. <br/>- Neutraal, enkel maatlabel aanwezig, dus uitermate geschikt voor rebranding. <br/>- Hangtag en polybags met barcode.<br/>- Geschikt voor werk- & casual vrijetijdskleding.<br/>- Beschikbaar van maat XS t/m 7XL.<br/><br/>Ook mogelijk in uw gewenste PMS-kleur aan dezelfde prijs, minimaal 300 stuks door de maten heen.",https://tghimages.nl/B2B_HDJA_BLACK_FRONT.JPG
B2B-HDJA,B2B Hooded jacket Justin,B2B-HDJABL07,1,Back To Basics,,B2B-HDJABL07,B2B Hooded jacket Justin,"6,10E+12",1,"18,1",4XL,black,Hooded jacket Justin black 4XL,Hooded jacket Justin black 4XL,"Dit hooded jacket is ideaal als robuuste werkkleding of stevig vrijetijdsjack. Voorzien van metalen oogjes, stevige uiteinden aan de trekkoorden en een duurzame metalen rits. Met praktische steekzakken en een nette afwerking biedt dit jack de perfecte combinatie van functionaliteit en stijl.<br/><br/>- Dubbel gestikte naden, gekleurde nektape ter versteviging en 60°C wasbaar.<br/>- Geborstelde fleece aan de binnenkant voor meer draagcomfort, set-in mouwen, brede ribgebreide boorden.<br/>- 2 Steekzakken op de buik. <br/>- Gevoerde capuchon, koordjes afgewerkt met tubes. Metalen rits, passend bij de koorduiteinden<br/>- 280-Grams hooded jacket, duurzaam vervaardigd uit 70% voorgekrompen katoen en 30% gerecycled polyester. <br/>- Neutraal, enkel maatlabel aanwezig, dus uitermate geschikt voor rebranding. <br/>- Hangtag en polybags met barcode.<br/>- Geschikt voor werk- & casual vrijetijdskleding.<br/>- Beschikbaar van maat XS t/m 7XL.<br/><br/>Ook mogelijk in uw gewenste PMS-kleur aan dezelfde prijs, minimaal 300 stuks door de maten heen.",https://tghimages.nl/B2B_HDJA_BLACK_FRONT.JPG
B2B-HDJA,B2B Hooded jacket Justin,B2B-HDJABL08,1,Back To Basics,,B2B-HDJABL08,B2B Hooded jacket Justin,"6,10E+12",1,"18,2",5XL,black,Hooded jacket Justin black 5XL,Hooded jacket Justin black 5XL,"Dit hooded jacket is ideaal als robuuste werkkleding of stevig vrijetijdsjack. Voorzien van metalen oogjes, stevige uiteinden aan de trekkoorden en een duurzame metalen rits. Met praktische steekzakken en een nette afwerking biedt dit jack de perfecte combinatie van functionaliteit en stijl.<br/><br/>- Dubbel gestikte naden, gekleurde nektape ter versteviging en 60°C wasbaar.<br/>- Geborstelde fleece aan de binnenkant voor meer draagcomfort, set-in mouwen, brede ribgebreide boorden.<br/>- 2 Steekzakken op de buik. <br/>- Gevoerde capuchon, koordjes afgewerkt met tubes. Metalen rits, passend bij de koorduiteinden<br/>- 280-Grams hooded jacket, duurzaam vervaardigd uit 70% voorgekrompen katoen en 30% gerecycled polyester. <br/>- Neutraal, enkel maatlabel aanwezig, dus uitermate geschikt voor rebranding. <br/>- Hangtag en polybags met barcode.<br/>- Geschikt voor werk- & casual vrijetijdskleding.<br/>- Beschikbaar van maat XS t/m 7XL.<br/><br/>Ook mogelijk in uw gewenste PMS-kleur aan dezelfde prijs, minimaal 300 stuks door de maten heen.",https://tghimages.nl/B2B_HDJA_BLACK_FRONT.JPG
B2B-HDJA,B2B Hooded jacket Justin,B2B-HDJABL09,1,Back To Basics,,B2B-HDJABL09,B2B Hooded jacket Justin,"6,10E+12",1,"18,3",6XL,black,Hooded jacket Justin black 6XL,Hooded jacket Justin black 6XL,"Dit hooded jacket is ideaal als robuuste werkkleding of stevig vrijetijdsjack. Voorzien van metalen oogjes, stevige uiteinden aan de trekkoorden en een duurzame metalen rits. Met praktische steekzakken en een nette afwerking biedt dit jack de perfecte combinatie van functionaliteit en stijl.<br/><br/>- Dubbel gestikte naden, gekleurde nektape ter versteviging en 60°C wasbaar.<br/>- Geborstelde fleece aan de binnenkant voor meer draagcomfort, set-in mouwen, brede ribgebreide boorden.<br/>- 2 Steekzakken op de buik. <br/>- Gevoerde capuchon, koordjes afgewerkt met tubes. Metalen rits, passend bij de koorduiteinden<br/>- 280-Grams hooded jacket, duurzaam vervaardigd uit 70% voorgekrompen katoen en 30% gerecycled polyester. <br/>- Neutraal, enkel maatlabel aanwezig, dus uitermate geschikt voor rebranding. <br/>- Hangtag en polybags met barcode.<br/>- Geschikt voor werk- & casual vrijetijdskleding.<br/>- Beschikbaar van maat XS t/m 7XL.<br/><br/>Ook mogelijk in uw gewenste PMS-kleur aan dezelfde prijs, minimaal 300 stuks door de maten heen.",https://tghimages.nl/B2B_HDJA_BLACK_FRONT.JPG
B2B-HDJA,B2B Hooded jacket Justin,B2B-HDJABL10,1,Back To Basics,,B2B-HDJABL10,B2B Hooded jacket Justin,"6,10E+12",1,"18,4",7XL,black,Hooded jacket Justin black 7XL,Hooded jacket Justin black 7XL,"Dit hooded jacket is ideaal als robuuste werkkleding of stevig vrijetijdsjack. Voorzien van metalen oogjes, stevige uiteinden aan de trekkoorden en een duurzame metalen rits. Met praktische steekzakken en een nette afwerking biedt dit jack de perfecte combinatie van functionaliteit en stijl.<br/><br/>- Dubbel gestikte naden, gekleurde nektape ter versteviging en 60°C wasbaar.<br/>- Geborstelde fleece aan de binnenkant voor meer draagcomfort, set-in mouwen, brede ribgebreide boorden.<br/>- 2 Steekzakken op de buik. <br/>- Gevoerde capuchon, koordjes afgewerkt met tubes. Metalen rits, passend bij de koorduiteinden<br/>- 280-Grams hooded jacket, duurzaam vervaardigd uit 70% voorgekrompen katoen en 30% gerecycled polyester. <br/>- Neutraal, enkel maatlabel aanwezig, dus uitermate geschikt voor rebranding. <br/>- Hangtag en polybags met barcode.<br/>- Geschikt voor werk- & casual vrijetijdskleding.<br/>- Beschikbaar van maat XS t/m 7XL.<br/><br/>Ook mogelijk in uw gewenste PMS-kleur aan dezelfde prijs, minimaal 300 stuks door de maten heen.",https://tghimages.nl/B2B_HDJA_BLACK_FRONT.JPG
B2B-HDJA,B2B Hooded jacket Justin,B2B-HDJAGR00,1,Back To Basics,,B2B-HDJAGR00,B2B Hooded jacket Justin,"6,10E+12",1,"18,5",XS,grey,Hooded jacket Justin grey XS,Hooded jacket Justin grey XS,"Dit hooded jacket is ideaal als robuuste werkkleding of stevig vrijetijdsjack. Voorzien van metalen oogjes, stevige uiteinden aan de trekkoorden en een duurzame metalen rits. Met praktische steekzakken en een nette afwerking biedt dit jack de perfecte combinatie van functionaliteit en stijl.<br/><br/>- Dubbel gestikte naden, gekleurde nektape ter versteviging en 60°C wasbaar.<br/>- Geborstelde fleece aan de binnenkant voor meer draagcomfort, set-in mouwen, brede ribgebreide boorden.<br/>- 2 Steekzakken op de buik. <br/>- Gevoerde capuchon, koordjes afgewerkt met tubes. Metalen rits, passend bij de koorduiteinden<br/>- 280-Grams hooded jacket, duurzaam vervaardigd uit 70% voorgekrompen katoen en 30% gerecycled polyester. <br/>- Neutraal, enkel maatlabel aanwezig, dus uitermate geschikt voor rebranding. <br/>- Hangtag en polybags met barcode.<br/>- Geschikt voor werk- & casual vrijetijdskleding.<br/>- Beschikbaar van maat XS t/m 7XL.<br/><br/>Ook mogelijk in uw gewenste PMS-kleur aan dezelfde prijs, minimaal 300 stuks door de maten heen.",https://tghimages.nl/B2B_HDJA_GREY_FRONT.JPG
B2B-HDJA,B2B Hooded jacket Justin,B2B-HDJAGR01,1,Back To Basics,,B2B-HDJAGR01,B2B Hooded jacket Justin,"6,10E+12",1,"18,6",S,grey,Hooded jacket Justin grey S,Hooded jacket Justin grey S,"Dit hooded jacket is ideaal als robuuste werkkleding of stevig vrijetijdsjack. Voorzien van metalen oogjes, stevige uiteinden aan de trekkoorden en een duurzame metalen rits. Met praktische steekzakken en een nette afwerking biedt dit jack de perfecte combinatie van functionaliteit en stijl.<br/><br/>- Dubbel gestikte naden, gekleurde nektape ter versteviging en 60°C wasbaar.<br/>- Geborstelde fleece aan de binnenkant voor meer draagcomfort, set-in mouwen, brede ribgebreide boorden.<br/>- 2 Steekzakken op de buik. <br/>- Gevoerde capuchon, koordjes afgewerkt met tubes. Metalen rits, passend bij de koorduiteinden<br/>- 280-Grams hooded jacket, duurzaam vervaardigd uit 70% voorgekrompen katoen en 30% gerecycled polyester. <br/>- Neutraal, enkel maatlabel aanwezig, dus uitermate geschikt voor rebranding. <br/>- Hangtag en polybags met barcode.<br/>- Geschikt voor werk- & casual vrijetijdskleding.<br/>- Beschikbaar van maat XS t/m 7XL.<br/><br/>Ook mogelijk in uw gewenste PMS-kleur aan dezelfde prijs, minimaal 300 stuks door de maten heen.",https://tghimages.nl/B2B_HDJA_GREY_FRONT.JPG
B2B-HDJA,B2B Hooded jacket Justin,B2B-HDJAGR02,1,Back To Basics,,B2B-HDJAGR02,B2B Hooded jacket Justin,"6,10E+12",1,"18,7",M,grey,Hooded jacket Justin grey M,Hooded jacket Justin grey M,"Dit hooded jacket is ideaal als robuuste werkkleding of stevig vrijetijdsjack. Voorzien van metalen oogjes, stevige uiteinden aan de trekkoorden en een duurzame metalen rits. Met praktische steekzakken en een nette afwerking biedt dit jack de perfecte combinatie van functionaliteit en stijl.<br/><br/>- Dubbel gestikte naden, gekleurde nektape ter versteviging en 60°C wasbaar.<br/>- Geborstelde fleece aan de binnenkant voor meer draagcomfort, set-in mouwen, brede ribgebreide boorden.<br/>- 2 Steekzakken op de buik. <br/>- Gevoerde capuchon, koordjes afgewerkt met tubes. Metalen rits, passend bij de koorduiteinden<br/>- 280-Grams hooded jacket, duurzaam vervaardigd uit 70% voorgekrompen katoen en 30% gerecycled polyester. <br/>- Neutraal, enkel maatlabel aanwezig, dus uitermate geschikt voor rebranding. <br/>- Hangtag en polybags met barcode.<br/>- Geschikt voor werk- & casual vrijetijdskleding.<br/>- Beschikbaar van maat XS t/m 7XL.<br/><br/>Ook mogelijk in uw gewenste PMS-kleur aan dezelfde prijs, minimaal 300 stuks door de maten heen.",https://tghimages.nl/B2B_HDJA_GREY_FRONT.JPG
B2B-HDJA,B2B Hooded jacket Justin,B2B-HDJAGR03,1,Back To Basics,,B2B-HDJAGR03,B2B Hooded jacket Justin,"6,10E+12",1,"18,8",L,grey,Hooded jacket Justin grey L,Hooded jacket Justin grey L,"Dit hooded jacket is ideaal als robuuste werkkleding of stevig vrijetijdsjack. Voorzien van metalen oogjes, stevige uiteinden aan de trekkoorden en een duurzame metalen rits. Met praktische steekzakken en een nette afwerking biedt dit jack de perfecte combinatie van functionaliteit en stijl.<br/><br/>- Dubbel gestikte naden, gekleurde nektape ter versteviging en 60°C wasbaar.<br/>- Geborstelde fleece aan de binnenkant voor meer draagcomfort, set-in mouwen, brede ribgebreide boorden.<br/>- 2 Steekzakken op de buik. <br/>- Gevoerde capuchon, koordjes afgewerkt met tubes. Metalen rits, passend bij de koorduiteinden<br/>- 280-Grams hooded jacket, duurzaam vervaardigd uit 70% voorgekrompen katoen en 30% gerecycled polyester. <br/>- Neutraal, enkel maatlabel aanwezig, dus uitermate geschikt voor rebranding. <br/>- Hangtag en polybags met barcode.<br/>- Geschikt voor werk- & casual vrijetijdskleding.<br/>- Beschikbaar van maat XS t/m 7XL.<br/><br/>Ook mogelijk in uw gewenste PMS-kleur aan dezelfde prijs, minimaal 300 stuks door de maten heen.",https://tghimages.nl/B2B_HDJA_GREY_FRONT.JPG
B2B-HDJA,B2B Hooded jacket Justin,B2B-HDJAGR04,1,Back To Basics,,B2B-HDJAGR04,B2B Hooded jacket Justin,"6,10E+12",1,"18,9",XL,grey,Hooded jacket Justin grey XL,Hooded jacket Justin grey XL,"Dit hooded jacket is ideaal als robuuste werkkleding of stevig vrijetijdsjack. Voorzien van metalen oogjes, stevige uiteinden aan de trekkoorden en een duurzame metalen rits. Met praktische steekzakken en een nette afwerking biedt dit jack de perfecte combinatie van functionaliteit en stijl.<br/><br/>- Dubbel gestikte naden, gekleurde nektape ter versteviging en 60°C wasbaar.<br/>- Geborstelde fleece aan de binnenkant voor meer draagcomfort, set-in mouwen, brede ribgebreide boorden.<br/>- 2 Steekzakken op de buik. <br/>- Gevoerde capuchon, koordjes afgewerkt met tubes. Metalen rits, passend bij de koorduiteinden<br/>- 280-Grams hooded jacket, duurzaam vervaardigd uit 70% voorgekrompen katoen en 30% gerecycled polyester. <br/>- Neutraal, enkel maatlabel aanwezig, dus uitermate geschikt voor rebranding. <br/>- Hangtag en polybags met barcode.<br/>- Geschikt voor werk- & casual vrijetijdskleding.<br/>- Beschikbaar van maat XS t/m 7XL.<br/><br/>Ook mogelijk in uw gewenste PMS-kleur aan dezelfde prijs, minimaal 300 stuks door de maten heen.",https://tghimages.nl/B2B_HDJA_GREY_FRONT.JPG
B2B-HDJA,B2B Hooded jacket Justin,B2B-HDJAGR05,1,Back To Basics,,B2B-HDJAGR05,B2B Hooded jacket Justin,"6,10E+12",1,19,XXL,grey,Hooded jacket Justin grey XXL,Hooded jacket Justin grey XXL,"Dit hooded jacket is ideaal als robuuste werkkleding of stevig vrijetijdsjack. Voorzien van metalen oogjes, stevige uiteinden aan de trekkoorden en een duurzame metalen rits. Met praktische steekzakken en een nette afwerking biedt dit jack de perfecte combinatie van functionaliteit en stijl.<br/><br/>- Dubbel gestikte naden, gekleurde nektape ter versteviging en 60°C wasbaar.<br/>- Geborstelde fleece aan de binnenkant voor meer draagcomfort, set-in mouwen, brede ribgebreide boorden.<br/>- 2 Steekzakken op de buik. <br/>- Gevoerde capuchon, koordjes afgewerkt met tubes. Metalen rits, passend bij de koorduiteinden<br/>- 280-Grams hooded jacket, duurzaam vervaardigd uit 70% voorgekrompen katoen en 30% gerecycled polyester. <br/>- Neutraal, enkel maatlabel aanwezig, dus uitermate geschikt voor rebranding. <br/>- Hangtag en polybags met barcode.<br/>- Geschikt voor werk- & casual vrijetijdskleding.<br/>- Beschikbaar van maat XS t/m 7XL.<br/><br/>Ook mogelijk in uw gewenste PMS-kleur aan dezelfde prijs, minimaal 300 stuks door de maten heen.",https://tghimages.nl/B2B_HDJA_GREY_FRONT.JPG
B2B-HDJA,B2B Hooded jacket Justin,B2B-HDJAGR06,1,Back To Basics,,B2B-HDJAGR06,B2B Hooded jacket Justin,"6,10E+12",1,"19,1",3XL,grey,Hooded jacket Justin grey 3XL,Hooded jacket Justin grey 3XL,"Dit hooded jacket is ideaal als robuuste werkkleding of stevig vrijetijdsjack. Voorzien van metalen oogjes, stevige uiteinden aan de trekkoorden en een duurzame metalen rits. Met praktische steekzakken en een nette afwerking biedt dit jack de perfecte combinatie van functionaliteit en stijl.<br/><br/>- Dubbel gestikte naden, gekleurde nektape ter versteviging en 60°C wasbaar.<br/>- Geborstelde fleece aan de binnenkant voor meer draagcomfort, set-in mouwen, brede ribgebreide boorden.<br/>- 2 Steekzakken op de buik. <br/>- Gevoerde capuchon, koordjes afgewerkt met tubes. Metalen rits, passend bij de koorduiteinden<br/>- 280-Grams hooded jacket, duurzaam vervaardigd uit 70% voorgekrompen katoen en 30% gerecycled polyester. <br/>- Neutraal, enkel maatlabel aanwezig, dus uitermate geschikt voor rebranding. <br/>- Hangtag en polybags met barcode.<br/>- Geschikt voor werk- & casual vrijetijdskleding.<br/>- Beschikbaar van maat XS t/m 7XL.<br/><br/>Ook mogelijk in uw gewenste PMS-kleur aan dezelfde prijs, minimaal 300 stuks door de maten heen.",https://tghimages.nl/B2B_HDJA_GREY_FRONT.JPG
B2B-HDJA,B2B Hooded jacket Justin,B2B-HDJAGR07,1,Back To Basics,,B2B-HDJAGR07,B2B Hooded jacket Justin,"6,10E+12",1,"19,2",4XL,grey,Hooded jacket Justin grey 4XL,Hooded jacket Justin grey 4XL,"Dit hooded jacket is ideaal als robuuste werkkleding of stevig vrijetijdsjack. Voorzien van metalen oogjes, stevige uiteinden aan de trekkoorden en een duurzame metalen rits. Met praktische steekzakken en een nette afwerking biedt dit jack de perfecte combinatie van functionaliteit en stijl.<br/><br/>- Dubbel gestikte naden, gekleurde nektape ter versteviging en 60°C wasbaar.<br/>- Geborstelde fleece aan de binnenkant voor meer draagcomfort, set-in mouwen, brede ribgebreide boorden.<br/>- 2 Steekzakken op de buik. <br/>- Gevoerde capuchon, koordjes afgewerkt met tubes. Metalen rits, passend bij de koorduiteinden<br/>- 280-Grams hooded jacket, duurzaam vervaardigd uit 70% voorgekrompen katoen en 30% gerecycled polyester. <br/>- Neutraal, enkel maatlabel aanwezig, dus uitermate geschikt voor rebranding. <br/>- Hangtag en polybags met barcode.<br/>- Geschikt voor werk- & casual vrijetijdskleding.<br/>- Beschikbaar van maat XS t/m 7XL.<br/><br/>Ook mogelijk in uw gewenste PMS-kleur aan dezelfde prijs, minimaal 300 stuks door de maten heen.",https://tghimages.nl/B2B_HDJA_GREY_FRONT.JPG
B2B-HDJA,B2B Hooded jacket Justin,B2B-HDJANA00,1,Back To Basics,,B2B-HDJANA00,B2B Hooded jacket Justin,"6,10E+12",1,"19,3",XS,navy,Hooded jacket Justin navy XS,Hooded jacket Justin navy XS,"Dit hooded jacket is ideaal als robuuste werkkleding of stevig vrijetijdsjack. Voorzien van metalen oogjes, stevige uiteinden aan de trekkoorden en een duurzame metalen rits. Met praktische steekzakken en een nette afwerking biedt dit jack de perfecte combinatie van functionaliteit en stijl.<br/><br/>- Dubbel gestikte naden, gekleurde nektape ter versteviging en 60°C wasbaar.<br/>- Geborstelde fleece aan de binnenkant voor meer draagcomfort, set-in mouwen, brede ribgebreide boorden.<br/>- 2 Steekzakken op de buik. <br/>- Gevoerde capuchon, koordjes afgewerkt met tubes. Metalen rits, passend bij de koorduiteinden<br/>- 280-Grams hooded jacket, duurzaam vervaardigd uit 70% voorgekrompen katoen en 30% gerecycled polyester. <br/>- Neutraal, enkel maatlabel aanwezig, dus uitermate geschikt voor rebranding. <br/>- Hangtag en polybags met barcode.<br/>- Geschikt voor werk- & casual vrijetijdskleding.<br/>- Beschikbaar van maat XS t/m 7XL.<br/><br/>Ook mogelijk in uw gewenste PMS-kleur aan dezelfde prijs, minimaal 300 stuks door de maten heen.",https://tghimages.nl/B2B_HDJA_NAVY_FRONT.JPG
B2B-HDJA,B2B Hooded jacket Justin,B2B-HDJANA01,1,Back To Basics,,B2B-HDJANA01,B2B Hooded jacket Justin,"6,10E+12",1,"19,4",S,navy,Hooded jacket Justin navy S,Hooded jacket Justin navy S,"Dit hooded jacket is ideaal als robuuste werkkleding of stevig vrijetijdsjack. Voorzien van metalen oogjes, stevige uiteinden aan de trekkoorden en een duurzame metalen rits. Met praktische steekzakken en een nette afwerking biedt dit jack de perfecte combinatie van functionaliteit en stijl.<br/><br/>- Dubbel gestikte naden, gekleurde nektape ter versteviging en 60°C wasbaar.<br/>- Geborstelde fleece aan de binnenkant voor meer draagcomfort, set-in mouwen, brede ribgebreide boorden.<br/>- 2 Steekzakken op de buik. <br/>- Gevoerde capuchon, koordjes afgewerkt met tubes. Metalen rits, passend bij de koorduiteinden<br/>- 280-Grams hooded jacket, duurzaam vervaardigd uit 70% voorgekrompen katoen en 30% gerecycled polyester. <br/>- Neutraal, enkel maatlabel aanwezig, dus uitermate geschikt voor rebranding. <br/>- Hangtag en polybags met barcode.<br/>- Geschikt voor werk- & casual vrijetijdskleding.<br/>- Beschikbaar van maat XS t/m 7XL.<br/><br/>Ook mogelijk in uw gewenste PMS-kleur aan dezelfde prijs, minimaal 300 stuks door de maten heen.",https://tghimages.nl/B2B_HDJA_NAVY_FRONT.JPG
B2B-HDJA,B2B Hooded jacket Justin,B2B-HDJANA02,1,Back To Basics,,B2B-HDJANA02,B2B Hooded jacket Justin,"6,10E+12",1,"19,5",M,navy,Hooded jacket Justin navy M,Hooded jacket Justin navy M,"Dit hooded jacket is ideaal als robuuste werkkleding of stevig vrijetijdsjack. Voorzien van metalen oogjes, stevige uiteinden aan de trekkoorden en een duurzame metalen rits. Met praktische steekzakken en een nette afwerking biedt dit jack de perfecte combinatie van functionaliteit en stijl.<br/><br/>- Dubbel gestikte naden, gekleurde nektape ter versteviging en 60°C wasbaar.<br/>- Geborstelde fleece aan de binnenkant voor meer draagcomfort, set-in mouwen, brede ribgebreide boorden.<br/>- 2 Steekzakken op de buik. <br/>- Gevoerde capuchon, koordjes afgewerkt met tubes. Metalen rits, passend bij de koorduiteinden<br/>- 280-Grams hooded jacket, duurzaam vervaardigd uit 70% voorgekrompen katoen en 30% gerecycled polyester. <br/>- Neutraal, enkel maatlabel aanwezig, dus uitermate geschikt voor rebranding. <br/>- Hangtag en polybags met barcode.<br/>- Geschikt voor werk- & casual vrijetijdskleding.<br/>- Beschikbaar van maat XS t/m 7XL.<br/><br/>Ook mogelijk in uw gewenste PMS-kleur aan dezelfde prijs, minimaal 300 stuks door de maten heen.",https://tghimages.nl/B2B_HDJA_NAVY_FRONT.JPG
B2B-HDJA,B2B Hooded jacket Justin,B2B-HDJANA03,1,Back To Basics,,B2B-HDJANA03,B2B Hooded jacket Justin,"6,10E+12",1,"19,6",L,navy,Hooded jacket Justin navy L,Hooded jacket Justin navy L,"Dit hooded jacket is ideaal als robuuste werkkleding of stevig vrijetijdsjack. Voorzien van metalen oogjes, stevige uiteinden aan de trekkoorden en een duurzame metalen rits. Met praktische steekzakken en een nette afwerking biedt dit jack de perfecte combinatie van functionaliteit en stijl.<br/><br/>- Dubbel gestikte naden, gekleurde nektape ter versteviging en 60°C wasbaar.<br/>- Geborstelde fleece aan de binnenkant voor meer draagcomfort, set-in mouwen, brede ribgebreide boorden.<br/>- 2 Steekzakken op de buik. <br/>- Gevoerde capuchon, koordjes afgewerkt met tubes. Metalen rits, passend bij de koorduiteinden<br/>- 280-Grams hooded jacket, duurzaam vervaardigd uit 70% voorgekrompen katoen en 30% gerecycled polyester. <br/>- Neutraal, enkel maatlabel aanwezig, dus uitermate geschikt voor rebranding. <br/>- Hangtag en polybags met barcode.<br/>- Geschikt voor werk- & casual vrijetijdskleding.<br/>- Beschikbaar van maat XS t/m 7XL.<br/><br/>Ook mogelijk in uw gewenste PMS-kleur aan dezelfde prijs, minimaal 300 stuks door de maten heen.",https://tghimages.nl/B2B_HDJA_NAVY_FRONT.JPG
B2B-HDJA,B2B Hooded jacket Justin,B2B-HDJANA04,1,Back To Basics,,B2B-HDJANA04,B2B Hooded jacket Justin,"6,10E+12",1,"19,7",XL,navy,Hooded jacket Justin navy XL,Hooded jacket Justin navy XL,"Dit hooded jacket is ideaal als robuuste werkkleding of stevig vrijetijdsjack. Voorzien van metalen oogjes, stevige uiteinden aan de trekkoorden en een duurzame metalen rits. Met praktische steekzakken en een nette afwerking biedt dit jack de perfecte combinatie van functionaliteit en stijl.<br/><br/>- Dubbel gestikte naden, gekleurde nektape ter versteviging en 60°C wasbaar.<br/>- Geborstelde fleece aan de binnenkant voor meer draagcomfort, set-in mouwen, brede ribgebreide boorden.<br/>- 2 Steekzakken op de buik. <br/>- Gevoerde capuchon, koordjes afgewerkt met tubes. Metalen rits, passend bij de koorduiteinden<br/>- 280-Grams hooded jacket, duurzaam vervaardigd uit 70% voorgekrompen katoen en 30% gerecycled polyester. <br/>- Neutraal, enkel maatlabel aanwezig, dus uitermate geschikt voor rebranding. <br/>- Hangtag en polybags met barcode.<br/>- Geschikt voor werk- & casual vrijetijdskleding.<br/>- Beschikbaar van maat XS t/m 7XL.<br/><br/>Ook mogelijk in uw gewenste PMS-kleur aan dezelfde prijs, minimaal 300 stuks door de maten heen.",https://tghimages.nl/B2B_HDJA_NAVY_FRONT.JPG
B2B-HDJA,B2B Hooded jacket Justin,B2B-HDJANA05,1,Back To Basics,,B2B-HDJANA05,B2B Hooded jacket Justin,"6,10E+12",1,"19,8",XXL,navy,Hooded jacket Justin navy XXL,Hooded jacket Justin navy XXL,"Dit hooded jacket is ideaal als robuuste werkkleding of stevig vrijetijdsjack. Voorzien van metalen oogjes, stevige uiteinden aan de trekkoorden en een duurzame metalen rits. Met praktische steekzakken en een nette afwerking biedt dit jack de perfecte combinatie van functionaliteit en stijl.<br/><br/>- Dubbel gestikte naden, gekleurde nektape ter versteviging en 60°C wasbaar.<br/>- Geborstelde fleece aan de binnenkant voor meer draagcomfort, set-in mouwen, brede ribgebreide boorden.<br/>- 2 Steekzakken op de buik. <br/>- Gevoerde capuchon, koordjes afgewerkt met tubes. Metalen rits, passend bij de koorduiteinden<br/>- 280-Grams hooded jacket, duurzaam vervaardigd uit 70% voorgekrompen katoen en 30% gerecycled polyester. <br/>- Neutraal, enkel maatlabel aanwezig, dus uitermate geschikt voor rebranding. <br/>- Hangtag en polybags met barcode.<br/>- Geschikt voor werk- & casual vrijetijdskleding.<br/>- Beschikbaar van maat XS t/m 7XL.<br/><br/>Ook mogelijk in uw gewenste PMS-kleur aan dezelfde prijs, minimaal 300 stuks door de maten heen.",https://tghimages.nl/B2B_HDJA_NAVY_FRONT.JPG
B2B-HDJA,B2B Hooded jacket Justin,B2B-HDJANA06,1,Back To Basics,,B2B-HDJANA06,B2B Hooded jacket Justin,"6,10E+12",1,"19,9",3XL,navy,Hooded jacket Justin navy 3XL,Hooded jacket Justin navy 3XL,"Dit hooded jacket is ideaal als robuuste werkkleding of stevig vrijetijdsjack. Voorzien van metalen oogjes, stevige uiteinden aan de trekkoorden en een duurzame metalen rits. Met praktische steekzakken en een nette afwerking biedt dit jack de perfecte combinatie van functionaliteit en stijl.<br/><br/>- Dubbel gestikte naden, gekleurde nektape ter versteviging en 60°C wasbaar.<br/>- Geborstelde fleece aan de binnenkant voor meer draagcomfort, set-in mouwen, brede ribgebreide boorden.<br/>- 2 Steekzakken op de buik. <br/>- Gevoerde capuchon, koordjes afgewerkt met tubes. Metalen rits, passend bij de koorduiteinden<br/>- 280-Grams hooded jacket, duurzaam vervaardigd uit 70% voorgekrompen katoen en 30% gerecycled polyester. <br/>- Neutraal, enkel maatlabel aanwezig, dus uitermate geschikt voor rebranding. <br/>- Hangtag en polybags met barcode.<br/>- Geschikt voor werk- & casual vrijetijdskleding.<br/>- Beschikbaar van maat XS t/m 7XL.<br/><br/>Ook mogelijk in uw gewenste PMS-kleur aan dezelfde prijs, minimaal 300 stuks door de maten heen.",https://tghimages.nl/B2B_HDJA_NAVY_FRONT.JPG
B2B-HDJA,B2B Hooded jacket Justin,B2B-HDJANA07,1,Back To Basics,,B2B-HDJANA07,B2B Hooded jacket Justin,"6,10E+12",1,20,4XL,navy,Hooded jacket Justin navy 4XL,Hooded jacket Justin navy 4XL,"Dit hooded jacket is ideaal als robuuste werkkleding of stevig vrijetijdsjack. Voorzien van metalen oogjes, stevige uiteinden aan de trekkoorden en een duurzame metalen rits. Met praktische steekzakken en een nette afwerking biedt dit jack de perfecte combinatie van functionaliteit en stijl.<br/><br/>- Dubbel gestikte naden, gekleurde nektape ter versteviging en 60°C wasbaar.<br/>- Geborstelde fleece aan de binnenkant voor meer draagcomfort, set-in mouwen, brede ribgebreide boorden.<br/>- 2 Steekzakken op de buik. <br/>- Gevoerde capuchon, koordjes afgewerkt met tubes. Metalen rits, passend bij de koorduiteinden<br/>- 280-Grams hooded jacket, duurzaam vervaardigd uit 70% voorgekrompen katoen en 30% gerecycled polyester. <br/>- Neutraal, enkel maatlabel aanwezig, dus uitermate geschikt voor rebranding. <br/>- Hangtag en polybags met barcode.<br/>- Geschikt voor werk- & casual vrijetijdskleding.<br/>- Beschikbaar van maat XS t/m 7XL.<br/><br/>Ook mogelijk in uw gewenste PMS-kleur aan dezelfde prijs, minimaal 300 stuks door de maten heen.",https://tghimages.nl/B2B_HDJA_NAVY_FRONT.JPG
B2B-HDJA,B2B Hooded jacket Justin,B2B-HDJANA08,1,Back To Basics,,B2B-HDJANA08,B2B Hooded jacket Justin,"6,10E+12",1,"20,1",5XL,navy,Hooded jacket Justin navy 5XL,Hooded jacket Justin navy 5XL,"Dit hooded jacket is ideaal als robuuste werkkleding of stevig vrijetijdsjack. Voorzien van metalen oogjes, stevige uiteinden aan de trekkoorden en een duurzame metalen rits. Met praktische steekzakken en een nette afwerking biedt dit jack de perfecte combinatie van functionaliteit en stijl.<br/><br/>- Dubbel gestikte naden, gekleurde nektape ter versteviging en 60°C wasbaar.<br/>- Geborstelde fleece aan de binnenkant voor meer draagcomfort, set-in mouwen, brede ribgebreide boorden.<br/>- 2 Steekzakken op de buik. <br/>- Gevoerde capuchon, koordjes afgewerkt met tubes. Metalen rits, passend bij de koorduiteinden<br/>- 280-Grams hooded jacket, duurzaam vervaardigd uit 70% voorgekrompen katoen en 30% gerecycled polyester. <br/>- Neutraal, enkel maatlabel aanwezig, dus uitermate geschikt voor rebranding. <br/>- Hangtag en polybags met barcode.<br/>- Geschikt voor werk- & casual vrijetijdskleding.<br/>- Beschikbaar van maat XS t/m 7XL.<br/><br/>Ook mogelijk in uw gewenste PMS-kleur aan dezelfde prijs, minimaal 300 stuks door de maten heen.",https://tghimages.nl/B2B_HDJA_NAVY_FRONT.JPG
B2B-HDJA,B2B Hooded jacket Justin,B2B-HDJANA09,1,Back To Basics,,B2B-HDJANA09,B2B Hooded jacket Justin,"6,10E+12",1,"20,2",6XL,navy,Hooded jacket Justin navy 6XL,Hooded jacket Justin navy 6XL,"Dit hooded jacket is ideaal als robuuste werkkleding of stevig vrijetijdsjack. Voorzien van metalen oogjes, stevige uiteinden aan de trekkoorden en een duurzame metalen rits. Met praktische steekzakken en een nette afwerking biedt dit jack de perfecte combinatie van functionaliteit en stijl.<br/><br/>- Dubbel gestikte naden, gekleurde nektape ter versteviging en 60°C wasbaar.<br/>- Geborstelde fleece aan de binnenkant voor meer draagcomfort, set-in mouwen, brede ribgebreide boorden.<br/>- 2 Steekzakken op de buik. <br/>- Gevoerde capuchon, koordjes afgewerkt met tubes. Metalen rits, passend bij de koorduiteinden<br/>- 280-Grams hooded jacket, duurzaam vervaardigd uit 70% voorgekrompen katoen en 30% gerecycled polyester. <br/>- Neutraal, enkel maatlabel aanwezig, dus uitermate geschikt voor rebranding. <br/>- Hangtag en polybags met barcode.<br/>- Geschikt voor werk- & casual vrijetijdskleding.<br/>- Beschikbaar van maat XS t/m 7XL.<br/><br/>Ook mogelijk in uw gewenste PMS-kleur aan dezelfde prijs, minimaal 300 stuks door de maten heen.",https://tghimages.nl/B2B_HDJA_NAVY_FRONT.JPG
B2B-HDJA,B2B Hooded jacket Justin,B2B-HDJANA10,1,Back To Basics,,B2B-HDJANA10,B2B Hooded jacket Justin,"6,10E+12",1,"20,3",7XL,navy,Hooded jacket Justin navy 7XL,Hooded jacket Justin navy 7XL,"Dit hooded jacket is ideaal als robuuste werkkleding of stevig vrijetijdsjack. Voorzien van metalen oogjes, stevige uiteinden aan de trekkoorden en een duurzame metalen rits. Met praktische steekzakken en een nette afwerking biedt dit jack de perfecte combinatie van functionaliteit en stijl.<br/><br/>- Dubbel gestikte naden, gekleurde nektape ter versteviging en 60°C wasbaar.<br/>- Geborstelde fleece aan de binnenkant voor meer draagcomfort, set-in mouwen, brede ribgebreide boorden.<br/>- 2 Steekzakken op de buik. <br/>- Gevoerde capuchon, koordjes afgewerkt met tubes. Metalen rits, passend bij de koorduiteinden<br/>- 280-Grams hooded jacket, duurzaam vervaardigd uit 70% voorgekrompen katoen en 30% gerecycled polyester. <br/>- Neutraal, enkel maatlabel aanwezig, dus uitermate geschikt voor rebranding. <br/>- Hangtag en polybags met barcode.<br/>- Geschikt voor werk- & casual vrijetijdskleding.<br/>- Beschikbaar van maat XS t/m 7XL.<br/><br/>Ook mogelijk in uw gewenste PMS-kleur aan dezelfde prijs, minimaal 300 stuks door de maten heen.",https://tghimages.nl/B2B_HDJA_NAVY_FRONT.JPG
B2B-HDJA,B2B Hooded jacket Justin,B2B-HDJARB00,1,Back To Basics,,B2B-HDJARB00,B2B Hooded jacket Justin,"6,10E+12",1,"20,4",XS,royal blue,Hooded jacket Justin royal blue XS,Hooded jacket Justin royal blue XS,"Dit hooded jacket is ideaal als robuuste werkkleding of stevig vrijetijdsjack. Voorzien van metalen oogjes, stevige uiteinden aan de trekkoorden en een duurzame metalen rits. Met praktische steekzakken en een nette afwerking biedt dit jack de perfecte combinatie van functionaliteit en stijl.<br/><br/>- Dubbel gestikte naden, gekleurde nektape ter versteviging en 60°C wasbaar.<br/>- Geborstelde fleece aan de binnenkant voor meer draagcomfort, set-in mouwen, brede ribgebreide boorden.<br/>- 2 Steekzakken op de buik. <br/>- Gevoerde capuchon, koordjes afgewerkt met tubes. Metalen rits, passend bij de koorduiteinden<br/>- 280-Grams hooded jacket, duurzaam vervaardigd uit 70% voorgekrompen katoen en 30% gerecycled polyester. <br/>- Neutraal, enkel maatlabel aanwezig, dus uitermate geschikt voor rebranding. <br/>- Hangtag en polybags met barcode.<br/>- Geschikt voor werk- & casual vrijetijdskleding.<br/>- Beschikbaar van maat XS t/m 7XL.<br/><br/>Ook mogelijk in uw gewenste PMS-kleur aan dezelfde prijs, minimaal 300 stuks door de maten heen.",https://tghimages.nl/B2B_HDJA_ROYAL_BLUE_FRONT.JPG
B2B-HDJA,B2B Hooded jacket Justin,B2B-HDJARB01,1,Back To Basics,,B2B-HDJARB01,B2B Hooded jacket Justin,"6,10E+12",1,"20,5",S,royal blue,Hooded jacket Justin royal blue S,Hooded jacket Justin royal blue S,"Dit hooded jacket is ideaal als robuuste werkkleding of stevig vrijetijdsjack. Voorzien van metalen oogjes, stevige uiteinden aan de trekkoorden en een duurzame metalen rits. Met praktische steekzakken en een nette afwerking biedt dit jack de perfecte combinatie van functionaliteit en stijl.<br/><br/>- Dubbel gestikte naden, gekleurde nektape ter versteviging en 60°C wasbaar.<br/>- Geborstelde fleece aan de binnenkant voor meer draagcomfort, set-in mouwen, brede ribgebreide boorden.<br/>- 2 Steekzakken op de buik. <br/>- Gevoerde capuchon, koordjes afgewerkt met tubes. Metalen rits, passend bij de koorduiteinden<br/>- 280-Grams hooded jacket, duurzaam vervaardigd uit 70% voorgekrompen katoen en 30% gerecycled polyester. <br/>- Neutraal, enkel maatlabel aanwezig, dus uitermate geschikt voor rebranding. <br/>- Hangtag en polybags met barcode.<br/>- Geschikt voor werk- & casual vrijetijdskleding.<br/>- Beschikbaar van maat XS t/m 7XL.<br/><br/>Ook mogelijk in uw gewenste PMS-kleur aan dezelfde prijs, minimaal 300 stuks door de maten heen.",https://tghimages.nl/B2B_HDJA_ROYAL_BLUE_FRONT.JPG
B2B-HDJA,B2B Hooded jacket Justin,B2B-HDJARB02,1,Back To Basics,,B2B-HDJARB02,B2B Hooded jacket Justin,"6,10E+12",1,"20,6",M,royal blue,Hooded jacket Justin royal blue M,Hooded jacket Justin royal blue M,"Dit hooded jacket is ideaal als robuuste werkkleding of stevig vrijetijdsjack. Voorzien van metalen oogjes, stevige uiteinden aan de trekkoorden en een duurzame metalen rits. Met praktische steekzakken en een nette afwerking biedt dit jack de perfecte combinatie van functionaliteit en stijl.<br/><br/>- Dubbel gestikte naden, gekleurde nektape ter versteviging en 60°C wasbaar.<br/>- Geborstelde fleece aan de binnenkant voor meer draagcomfort, set-in mouwen, brede ribgebreide boorden.<br/>- 2 Steekzakken op de buik. <br/>- Gevoerde capuchon, koordjes afgewerkt met tubes. Metalen rits, passend bij de koorduiteinden<br/>- 280-Grams hooded jacket, duurzaam vervaardigd uit 70% voorgekrompen katoen en 30% gerecycled polyester. <br/>- Neutraal, enkel maatlabel aanwezig, dus uitermate geschikt voor rebranding. <br/>- Hangtag en polybags met barcode.<br/>- Geschikt voor werk- & casual vrijetijdskleding.<br/>- Beschikbaar van maat XS t/m 7XL.<br/><br/>Ook mogelijk in uw gewenste PMS-kleur aan dezelfde prijs, minimaal 300 stuks door de maten heen.",https://tghimages.nl/B2B_HDJA_ROYAL_BLUE_FRONT.JPG
B2B-HDJA,B2B Hooded jacket Justin,B2B-HDJARB03,1,Back To Basics,,B2B-HDJARB03,B2B Hooded jacket Justin,"6,10E+12",1,"20,7",L,royal blue,Hooded jacket Justin royal blue L,Hooded jacket Justin royal blue L,"Dit hooded jacket is ideaal als robuuste werkkleding of stevig vrijetijdsjack. Voorzien van metalen oogjes, stevige uiteinden aan de trekkoorden en een duurzame metalen rits. Met praktische steekzakken en een nette afwerking biedt dit jack de perfecte combinatie van functionaliteit en stijl.<br/><br/>- Dubbel gestikte naden, gekleurde nektape ter versteviging en 60°C wasbaar.<br/>- Geborstelde fleece aan de binnenkant voor meer draagcomfort, set-in mouwen, brede ribgebreide boorden.<br/>- 2 Steekzakken op de buik. <br/>- Gevoerde capuchon, koordjes afgewerkt met tubes. Metalen rits, passend bij de koorduiteinden<br/>- 280-Grams hooded jacket, duurzaam vervaardigd uit 70% voorgekrompen katoen en 30% gerecycled polyester. <br/>- Neutraal, enkel maatlabel aanwezig, dus uitermate geschikt voor rebranding. <br/>- Hangtag en polybags met barcode.<br/>- Geschikt voor werk- & casual vrijetijdskleding.<br/>- Beschikbaar van maat XS t/m 7XL.<br/><br/>Ook mogelijk in uw gewenste PMS-kleur aan dezelfde prijs, minimaal 300 stuks door de maten heen.",https://tghimages.nl/B2B_HDJA_ROYAL_BLUE_FRONT.JPG
B2B-HDJA,B2B Hooded jacket Justin,B2B-HDJARB04,1,Back To Basics,,B2B-HDJARB04,B2B Hooded jacket Justin,"6,10E+12",1,"20,8",XL,royal blue,Hooded jacket Justin royal blue XL,Hooded jacket Justin royal blue XL,"Dit hooded jacket is ideaal als robuuste werkkleding of stevig vrijetijdsjack. Voorzien van metalen oogjes, stevige uiteinden aan de trekkoorden en een duurzame metalen rits. Met praktische steekzakken en een nette afwerking biedt dit jack de perfecte combinatie van functionaliteit en stijl.<br/><br/>- Dubbel gestikte naden, gekleurde nektape ter versteviging en 60°C wasbaar.<br/>- Geborstelde fleece aan de binnenkant voor meer draagcomfort, set-in mouwen, brede ribgebreide boorden.<br/>- 2 Steekzakken op de buik. <br/>- Gevoerde capuchon, koordjes afgewerkt met tubes. Metalen rits, passend bij de koorduiteinden<br/>- 280-Grams hooded jacket, duurzaam vervaardigd uit 70% voorgekrompen katoen en 30% gerecycled polyester. <br/>- Neutraal, enkel maatlabel aanwezig, dus uitermate geschikt voor rebranding. <br/>- Hangtag en polybags met barcode.<br/>- Geschikt voor werk- & casual vrijetijdskleding.<br/>- Beschikbaar van maat XS t/m 7XL.<br/><br/>Ook mogelijk in uw gewenste PMS-kleur aan dezelfde prijs, minimaal 300 stuks door de maten heen.",https://tghimages.nl/B2B_HDJA_ROYAL_BLUE_FRONT.JPG
B2B-HDJA,B2B Hooded jacket Justin,B2B-HDJARB05,1,Back To Basics,,B2B-HDJARB05,B2B Hooded jacket Justin,"6,10E+12",1,"20,9",XXL,royal blue,Hooded jacket Justin royal blue XXL,Hooded jacket Justin royal blue XXL,"Dit hooded jacket is ideaal als robuuste werkkleding of stevig vrijetijdsjack. Voorzien van metalen oogjes, stevige uiteinden aan de trekkoorden en een duurzame metalen rits. Met praktische steekzakken en een nette afwerking biedt dit jack de perfecte combinatie van functionaliteit en stijl.<br/><br/>- Dubbel gestikte naden, gekleurde nektape ter versteviging en 60°C wasbaar.<br/>- Geborstelde fleece aan de binnenkant voor meer draagcomfort, set-in mouwen, brede ribgebreide boorden.<br/>- 2 Steekzakken op de buik. <br/>- Gevoerde capuchon, koordjes afgewerkt met tubes. Metalen rits, passend bij de koorduiteinden<br/>- 280-Grams hooded jacket, duurzaam vervaardigd uit 70% voorgekrompen katoen en 30% gerecycled polyester. <br/>- Neutraal, enkel maatlabel aanwezig, dus uitermate geschikt voor rebranding. <br/>- Hangtag en polybags met barcode.<br/>- Geschikt voor werk- & casual vrijetijdskleding.<br/>- Beschikbaar van maat XS t/m 7XL.<br/><br/>Ook mogelijk in uw gewenste PMS-kleur aan dezelfde prijs, minimaal 300 stuks door de maten heen.",https://tghimages.nl/B2B_HDJA_ROYAL_BLUE_FRONT.JPG
B2B-HDJA,B2B Hooded jacket Justin,B2B-HDJARB06,1,Back To Basics,,B2B-HDJARB06,B2B Hooded jacket Justin,"6,10E+12",1,21,3XL,royal blue,Hooded jacket Justin royal blue 3XL,Hooded jacket Justin royal blue 3XL,"Dit hooded jacket is ideaal als robuuste werkkleding of stevig vrijetijdsjack. Voorzien van metalen oogjes, stevige uiteinden aan de trekkoorden en een duurzame metalen rits. Met praktische steekzakken en een nette afwerking biedt dit jack de perfecte combinatie van functionaliteit en stijl.<br/><br/>- Dubbel gestikte naden, gekleurde nektape ter versteviging en 60°C wasbaar.<br/>- Geborstelde fleece aan de binnenkant voor meer draagcomfort, set-in mouwen, brede ribgebreide boorden.<br/>- 2 Steekzakken op de buik. <br/>- Gevoerde capuchon, koordjes afgewerkt met tubes. Metalen rits, passend bij de koorduiteinden<br/>- 280-Grams hooded jacket, duurzaam vervaardigd uit 70% voorgekrompen katoen en 30% gerecycled polyester. <br/>- Neutraal, enkel maatlabel aanwezig, dus uitermate geschikt voor rebranding. <br/>- Hangtag en polybags met barcode.<br/>- Geschikt voor werk- & casual vrijetijdskleding.<br/>- Beschikbaar van maat XS t/m 7XL.<br/><br/>Ook mogelijk in uw gewenste PMS-kleur aan dezelfde prijs, minimaal 300 stuks door de maten heen.",https://tghimages.nl/B2B_HDJA_ROYAL_BLUE_FRONT.JPG
B2B-HDJA,B2B Hooded jacket Justin,B2B-HDJARB07,1,Back To Basics,,B2B-HDJARB07,B2B Hooded jacket Justin,"6,10E+12",1,"21,1",4XL,royal blue,Hooded jacket Justin royal blue 4XL,Hooded jacket Justin royal blue 4XL,"Dit hooded jacket is ideaal als robuuste werkkleding of stevig vrijetijdsjack. Voorzien van metalen oogjes, stevige uiteinden aan de trekkoorden en een duurzame metalen rits. Met praktische steekzakken en een nette afwerking biedt dit jack de perfecte combinatie van functionaliteit en stijl.<br/><br/>- Dubbel gestikte naden, gekleurde nektape ter versteviging en 60°C wasbaar.<br/>- Geborstelde fleece aan de binnenkant voor meer draagcomfort, set-in mouwen, brede ribgebreide boorden.<br/>- 2 Steekzakken op de buik. <br/>- Gevoerde capuchon, koordjes afgewerkt met tubes. Metalen rits, passend bij de koorduiteinden<br/>- 280-Grams hooded jacket, duurzaam vervaardigd uit 70% voorgekrompen katoen en 30% gerecycled polyester. <br/>- Neutraal, enkel maatlabel aanwezig, dus uitermate geschikt voor rebranding. <br/>- Hangtag en polybags met barcode.<br/>- Geschikt voor werk- & casual vrijetijdskleding.<br/>- Beschikbaar van maat XS t/m 7XL.<br/><br/>Ook mogelijk in uw gewenste PMS-kleur aan dezelfde prijs, minimaal 300 stuks door de maten heen.",https://tghimages.nl/B2B_HDJA_ROYAL_BLUE_FRONT.JPG
B2B-HDJA,B2B Hooded jacket Justin,B2B-HDJARB08,1,Back To Basics,,B2B-HDJARB08,B2B Hooded jacket Justin,"6,10E+12",1,"21,2",5XL,royal blue,Hooded jacket Justin royal blue 5XL,Hooded jacket Justin royal blue 5XL,"Dit hooded jacket is ideaal als robuuste werkkleding of stevig vrijetijdsjack. Voorzien van metalen oogjes, stevige uiteinden aan de trekkoorden en een duurzame metalen rits. Met praktische steekzakken en een nette afwerking biedt dit jack de perfecte combinatie van functionaliteit en stijl.<br/><br/>- Dubbel gestikte naden, gekleurde nektape ter versteviging en 60°C wasbaar.<br/>- Geborstelde fleece aan de binnenkant voor meer draagcomfort, set-in mouwen, brede ribgebreide boorden.<br/>- 2 Steekzakken op de buik. <br/>- Gevoerde capuchon, koordjes afgewerkt met tubes. Metalen rits, passend bij de koorduiteinden<br/>- 280-Grams hooded jacket, duurzaam vervaardigd uit 70% voorgekrompen katoen en 30% gerecycled polyester. <br/>- Neutraal, enkel maatlabel aanwezig, dus uitermate geschikt voor rebranding. <br/>- Hangtag en polybags met barcode.<br/>- Geschikt voor werk- & casual vrijetijdskleding.<br/>- Beschikbaar van maat XS t/m 7XL.<br/><br/>Ook mogelijk in uw gewenste PMS-kleur aan dezelfde prijs, minimaal 300 stuks door de maten heen.",https://tghimages.nl/B2B_HDJA_ROYAL_BLUE_FRONT.JPG
B2B-HDJA,B2B Hooded jacket Justin,B2B-HDJARB09,1,Back To Basics,,B2B-HDJARB09,B2B Hooded jacket Justin,"6,10E+12",1,"21,3",6XL,royal blue,Hooded jacket Justin royal blue 6XL,Hooded jacket Justin royal blue 6XL,"Dit hooded jacket is ideaal als robuuste werkkleding of stevig vrijetijdsjack. Voorzien van metalen oogjes, stevige uiteinden aan de trekkoorden en een duurzame metalen rits. Met praktische steekzakken en een nette afwerking biedt dit jack de perfecte combinatie van functionaliteit en stijl.<br/><br/>- Dubbel gestikte naden, gekleurde nektape ter versteviging en 60°C wasbaar.<br/>- Geborstelde fleece aan de binnenkant voor meer draagcomfort, set-in mouwen, brede ribgebreide boorden.<br/>- 2 Steekzakken op de buik. <br/>- Gevoerde capuchon, koordjes afgewerkt met tubes. Metalen rits, passend bij de koorduiteinden<br/>- 280-Grams hooded jacket, duurzaam vervaardigd uit 70% voorgekrompen katoen en 30% gerecycled polyester. <br/>- Neutraal, enkel maatlabel aanwezig, dus uitermate geschikt voor rebranding. <br/>- Hangtag en polybags met barcode.<br/>- Geschikt voor werk- & casual vrijetijdskleding.<br/>- Beschikbaar van maat XS t/m 7XL.<br/><br/>Ook mogelijk in uw gewenste PMS-kleur aan dezelfde prijs, minimaal 300 stuks door de maten heen.",https://tghimages.nl/B2B_HDJA_ROYAL_BLUE_FRONT.JPG
B2B-HDJA,B2B Hooded jacket Justin,B2B-HDJARB10,1,Back To Basics,,B2B-HDJARB10,B2B Hooded jacket Justin,"6,10E+12",1,"21,4",7XL,royal blue,Hooded jacket Justin royal blue 7XL,Hooded jacket Justin royal blue 7XL,"Dit hooded jacket is ideaal als robuuste werkkleding of stevig vrijetijdsjack. Voorzien van metalen oogjes, stevige uiteinden aan de trekkoorden en een duurzame metalen rits. Met praktische steekzakken en een nette afwerking biedt dit jack de perfecte combinatie van functionaliteit en stijl.<br/><br/>- Dubbel gestikte naden, gekleurde nektape ter versteviging en 60°C wasbaar.<br/>- Geborstelde fleece aan de binnenkant voor meer draagcomfort, set-in mouwen, brede ribgebreide boorden.<br/>- 2 Steekzakken op de buik. <br/>- Gevoerde capuchon, koordjes afgewerkt met tubes. Metalen rits, passend bij de koorduiteinden<br/>- 280-Grams hooded jacket, duurzaam vervaardigd uit 70% voorgekrompen katoen en 30% gerecycled polyester. <br/>- Neutraal, enkel maatlabel aanwezig, dus uitermate geschikt voor rebranding. <br/>- Hangtag en polybags met barcode.<br/>- Geschikt voor werk- & casual vrijetijdskleding.<br/>- Beschikbaar van maat XS t/m 7XL.<br/><br/>Ook mogelijk in uw gewenste PMS-kleur aan dezelfde prijs, minimaal 300 stuks door de maten heen.",https://tghimages.nl/B2B_HDJA_ROYAL_BLUE_FRONT.JPG
B2B-HDJA,B2B Hooded jacket Justin,B2B-HDJARE00,1,Back To Basics,,B2B-HDJARE00,B2B Hooded jacket Justin,"6,10E+12",1,"21,5",XS,red,Hooded jacket Justin red XS,Hooded jacket Justin red XS,"Dit hooded jacket is ideaal als robuuste werkkleding of stevig vrijetijdsjack. Voorzien van metalen oogjes, stevige uiteinden aan de trekkoorden en een duurzame metalen rits. Met praktische steekzakken en een nette afwerking biedt dit jack de perfecte combinatie van functionaliteit en stijl.<br/><br/>- Dubbel gestikte naden, gekleurde nektape ter versteviging en 60°C wasbaar.<br/>- Geborstelde fleece aan de binnenkant voor meer draagcomfort, set-in mouwen, brede ribgebreide boorden.<br/>- 2 Steekzakken op de buik. <br/>- Gevoerde capuchon, koordjes afgewerkt met tubes. Metalen rits, passend bij de koorduiteinden<br/>- 280-Grams hooded jacket, duurzaam vervaardigd uit 70% voorgekrompen katoen en 30% gerecycled polyester. <br/>- Neutraal, enkel maatlabel aanwezig, dus uitermate geschikt voor rebranding. <br/>- Hangtag en polybags met barcode.<br/>- Geschikt voor werk- & casual vrijetijdskleding.<br/>- Beschikbaar van maat XS t/m 7XL.<br/><br/>Ook mogelijk in uw gewenste PMS-kleur aan dezelfde prijs, minimaal 300 stuks door de maten heen.",https://tghimages.nl/B2B_HDJA_RED_FRONT.JPG
B2B-HDJA,B2B Hooded jacket Justin,B2B-HDJARE01,1,Back To Basics,,B2B-HDJARE01,B2B Hooded jacket Justin,"6,10E+12",1,"21,6",S,red,Hooded jacket Justin red S,Hooded jacket Justin red S,"Dit hooded jacket is ideaal als robuuste werkkleding of stevig vrijetijdsjack. Voorzien van metalen oogjes, stevige uiteinden aan de trekkoorden en een duurzame metalen rits. Met praktische steekzakken en een nette afwerking biedt dit jack de perfecte combinatie van functionaliteit en stijl.<br/><br/>- Dubbel gestikte naden, gekleurde nektape ter versteviging en 60°C wasbaar.<br/>- Geborstelde fleece aan de binnenkant voor meer draagcomfort, set-in mouwen, brede ribgebreide boorden.<br/>- 2 Steekzakken op de buik. <br/>- Gevoerde capuchon, koordjes afgewerkt met tubes. Metalen rits, passend bij de koorduiteinden<br/>- 280-Grams hooded jacket, duurzaam vervaardigd uit 70% voorgekrompen katoen en 30% gerecycled polyester. <br/>- Neutraal, enkel maatlabel aanwezig, dus uitermate geschikt voor rebranding. <br/>- Hangtag en polybags met barcode.<br/>- Geschikt voor werk- & casual vrijetijdskleding.<br/>- Beschikbaar van maat XS t/m 7XL.<br/><br/>Ook mogelijk in uw gewenste PMS-kleur aan dezelfde prijs, minimaal 300 stuks door de maten heen.",https://tghimages.nl/B2B_HDJA_RED_FRONT.JPG
B2B-HDJA,B2B Hooded jacket Justin,B2B-HDJARE02,1,Back To Basics,,B2B-HDJARE02,B2B Hooded jacket Justin,"6,10E+12",1,"21,7",M,red,Hooded jacket Justin red M,Hooded jacket Justin red M,"Dit hooded jacket is ideaal als robuuste werkkleding of stevig vrijetijdsjack. Voorzien van metalen oogjes, stevige uiteinden aan de trekkoorden en een duurzame metalen rits. Met praktische steekzakken en een nette afwerking biedt dit jack de perfecte combinatie van functionaliteit en stijl.<br/><br/>- Dubbel gestikte naden, gekleurde nektape ter versteviging en 60°C wasbaar.<br/>- Geborstelde fleece aan de binnenkant voor meer draagcomfort, set-in mouwen, brede ribgebreide boorden.<br/>- 2 Steekzakken op de buik. <br/>- Gevoerde capuchon, koordjes afgewerkt met tubes. Metalen rits, passend bij de koorduiteinden<br/>- 280-Grams hooded jacket, duurzaam vervaardigd uit 70% voorgekrompen katoen en 30% gerecycled polyester. <br/>- Neutraal, enkel maatlabel aanwezig, dus uitermate geschikt voor rebranding. <br/>- Hangtag en polybags met barcode.<br/>- Geschikt voor werk- & casual vrijetijdskleding.<br/>- Beschikbaar van maat XS t/m 7XL.<br/><br/>Ook mogelijk in uw gewenste PMS-kleur aan dezelfde prijs, minimaal 300 stuks door de maten heen.",https://tghimages.nl/B2B_HDJA_RED_FRONT.JPG
B2B-HDJA,B2B Hooded jacket Justin,B2B-HDJARE03,1,Back To Basics,,B2B-HDJARE03,B2B Hooded jacket Justin,"6,10E+12",1,"21,8",L,red,Hooded jacket Justin red L,Hooded jacket Justin red L,"Dit hooded jacket is ideaal als robuuste werkkleding of stevig vrijetijdsjack. Voorzien van metalen oogjes, stevige uiteinden aan de trekkoorden en een duurzame metalen rits. Met praktische steekzakken en een nette afwerking biedt dit jack de perfecte combinatie van functionaliteit en stijl.<br/><br/>- Dubbel gestikte naden, gekleurde nektape ter versteviging en 60°C wasbaar.<br/>- Geborstelde fleece aan de binnenkant voor meer draagcomfort, set-in mouwen, brede ribgebreide boorden.<br/>- 2 Steekzakken op de buik. <br/>- Gevoerde capuchon, koordjes afgewerkt met tubes. Metalen rits, passend bij de koorduiteinden<br/>- 280-Grams hooded jacket, duurzaam vervaardigd uit 70% voorgekrompen katoen en 30% gerecycled polyester. <br/>- Neutraal, enkel maatlabel aanwezig, dus uitermate geschikt voor rebranding. <br/>- Hangtag en polybags met barcode.<br/>- Geschikt voor werk- & casual vrijetijdskleding.<br/>- Beschikbaar van maat XS t/m 7XL.<br/><br/>Ook mogelijk in uw gewenste PMS-kleur aan dezelfde prijs, minimaal 300 stuks door de maten heen.",https://tghimages.nl/B2B_HDJA_RED_FRONT.JPG
B2B-HDJA,B2B Hooded jacket Justin,B2B-HDJARE04,1,Back To Basics,,B2B-HDJARE04,B2B Hooded jacket Justin,"6,10E+12",1,"21,9",XL,red,Hooded jacket Justin red XL,Hooded jacket Justin red XL,"Dit hooded jacket is ideaal als robuuste werkkleding of stevig vrijetijdsjack. Voorzien van metalen oogjes, stevige uiteinden aan de trekkoorden en een duurzame metalen rits. Met praktische steekzakken en een nette afwerking biedt dit jack de perfecte combinatie van functionaliteit en stijl.<br/><br/>- Dubbel gestikte naden, gekleurde nektape ter versteviging en 60°C wasbaar.<br/>- Geborstelde fleece aan de binnenkant voor meer draagcomfort, set-in mouwen, brede ribgebreide boorden.<br/>- 2 Steekzakken op de buik. <br/>- Gevoerde capuchon, koordjes afgewerkt met tubes. Metalen rits, passend bij de koorduiteinden<br/>- 280-Grams hooded jacket, duurzaam vervaardigd uit 70% voorgekrompen katoen en 30% gerecycled polyester. <br/>- Neutraal, enkel maatlabel aanwezig, dus uitermate geschikt voor rebranding. <br/>- Hangtag en polybags met barcode.<br/>- Geschikt voor werk- & casual vrijetijdskleding.<br/>- Beschikbaar van maat XS t/m 7XL.<br/><br/>Ook mogelijk in uw gewenste PMS-kleur aan dezelfde prijs, minimaal 300 stuks door de maten heen.",https://tghimages.nl/B2B_HDJA_RED_FRONT.JPG
B2B-HDJA,B2B Hooded jacket Justin,B2B-HDJARE05,1,Back To Basics,,B2B-HDJARE05,B2B Hooded jacket Justin,"6,10E+12",1,22,XXL,red,Hooded jacket Justin red XXL,Hooded jacket Justin red XXL,"Dit hooded jacket is ideaal als robuuste werkkleding of stevig vrijetijdsjack. Voorzien van metalen oogjes, stevige uiteinden aan de trekkoorden en een duurzame metalen rits. Met praktische steekzakken en een nette afwerking biedt dit jack de perfecte combinatie van functionaliteit en stijl.<br/><br/>- Dubbel gestikte naden, gekleurde nektape ter versteviging en 60°C wasbaar.<br/>- Geborstelde fleece aan de binnenkant voor meer draagcomfort, set-in mouwen, brede ribgebreide boorden.<br/>- 2 Steekzakken op de buik. <br/>- Gevoerde capuchon, koordjes afgewerkt met tubes. Metalen rits, passend bij de koorduiteinden<br/>- 280-Grams hooded jacket, duurzaam vervaardigd uit 70% voorgekrompen katoen en 30% gerecycled polyester. <br/>- Neutraal, enkel maatlabel aanwezig, dus uitermate geschikt voor rebranding. <br/>- Hangtag en polybags met barcode.<br/>- Geschikt voor werk- & casual vrijetijdskleding.<br/>- Beschikbaar van maat XS t/m 7XL.<br/><br/>Ook mogelijk in uw gewenste PMS-kleur aan dezelfde prijs, minimaal 300 stuks door de maten heen.",https://tghimages.nl/B2B_HDJA_RED_FRONT.JPG
B2B-HDJA,B2B Hooded jacket Justin,B2B-HDJARE06,1,Back To Basics,,B2B-HDJARE06,B2B Hooded jacket Justin,"6,10E+12",1,"22,1",3XL,red,Hooded jacket Justin red 3XL,Hooded jacket Justin red 3XL,"Dit hooded jacket is ideaal als robuuste werkkleding of stevig vrijetijdsjack. Voorzien van metalen oogjes, stevige uiteinden aan de trekkoorden en een duurzame metalen rits. Met praktische steekzakken en een nette afwerking biedt dit jack de perfecte combinatie van functionaliteit en stijl.<br/><br/>- Dubbel gestikte naden, gekleurde nektape ter versteviging en 60°C wasbaar.<br/>- Geborstelde fleece aan de binnenkant voor meer draagcomfort, set-in mouwen, brede ribgebreide boorden.<br/>- 2 Steekzakken op de buik. <br/>- Gevoerde capuchon, koordjes afgewerkt met tubes. Metalen rits, passend bij de koorduiteinden<br/>- 280-Grams hooded jacket, duurzaam vervaardigd uit 70% voorgekrompen katoen en 30% gerecycled polyester. <br/>- Neutraal, enkel maatlabel aanwezig, dus uitermate geschikt voor rebranding. <br/>- Hangtag en polybags met barcode.<br/>- Geschikt voor werk- & casual vrijetijdskleding.<br/>- Beschikbaar van maat XS t/m 7XL.<br/><br/>Ook mogelijk in uw gewenste PMS-kleur aan dezelfde prijs, minimaal 300 stuks door de maten heen.",https://tghimages.nl/B2B_HDJA_RED_FRONT.JPG
B2B-HDJA,B2B Hooded jacket Justin,B2B-HDJARE07,1,Back To Basics,,B2B-HDJARE07,B2B Hooded jacket Justin,"6,10E+12",1,"22,2",4XL,red,Hooded jacket Justin red 4XL,Hooded jacket Justin red 4XL,"Dit hooded jacket is ideaal als robuuste werkkleding of stevig vrijetijdsjack. Voorzien van metalen oogjes, stevige uiteinden aan de trekkoorden en een duurzame metalen rits. Met praktische steekzakken en een nette afwerking biedt dit jack de perfecte combinatie van functionaliteit en stijl.<br/><br/>- Dubbel gestikte naden, gekleurde nektape ter versteviging en 60°C wasbaar.<br/>- Geborstelde fleece aan de binnenkant voor meer draagcomfort, set-in mouwen, brede ribgebreide boorden.<br/>- 2 Steekzakken op de buik. <br/>- Gevoerde capuchon, koordjes afgewerkt met tubes. Metalen rits, passend bij de koorduiteinden<br/>- 280-Grams hooded jacket, duurzaam vervaardigd uit 70% voorgekrompen katoen en 30% gerecycled polyester. <br/>- Neutraal, enkel maatlabel aanwezig, dus uitermate geschikt voor rebranding. <br/>- Hangtag en polybags met barcode.<br/>- Geschikt voor werk- & casual vrijetijdskleding.<br/>- Beschikbaar van maat XS t/m 7XL.<br/><br/>Ook mogelijk in uw gewenste PMS-kleur aan dezelfde prijs, minimaal 300 stuks door de maten heen.",https://tghimages.nl/B2B_HDJA_RED_FRONT.JPG
B2B-HDJA,B2B Hooded jacket Justin,B2B-HDJARE08,1,Back To Basics,,B2B-HDJARE08,B2B Hooded jacket Justin,"6,10E+12",1,"22,3",5XL,red,Hooded jacket Justin red 5XL,Hooded jacket Justin red 5XL,"Dit hooded jacket is ideaal als robuuste werkkleding of stevig vrijetijdsjack. Voorzien van metalen oogjes, stevige uiteinden aan de trekkoorden en een duurzame metalen rits. Met praktische steekzakken en een nette afwerking biedt dit jack de perfecte combinatie van functionaliteit en stijl.<br/><br/>- Dubbel gestikte naden, gekleurde nektape ter versteviging en 60°C wasbaar.<br/>- Geborstelde fleece aan de binnenkant voor meer draagcomfort, set-in mouwen, brede ribgebreide boorden.<br/>- 2 Steekzakken op de buik. <br/>- Gevoerde capuchon, koordjes afgewerkt met tubes. Metalen rits, passend bij de koorduiteinden<br/>- 280-Grams hooded jacket, duurzaam vervaardigd uit 70% voorgekrompen katoen en 30% gerecycled polyester. <br/>- Neutraal, enkel maatlabel aanwezig, dus uitermate geschikt voor rebranding. <br/>- Hangtag en polybags met barcode.<br/>- Geschikt voor werk- & casual vrijetijdskleding.<br/>- Beschikbaar van maat XS t/m 7XL.<br/><br/>Ook mogelijk in uw gewenste PMS-kleur aan dezelfde prijs, minimaal 300 stuks door de maten heen.",https://tghimages.nl/B2B_HDJA_RED_FRONT.JPG
B2B-HDJA,B2B Hooded jacket Justin,B2B-HDJARE09,1,Back To Basics,,B2B-HDJARE09,B2B Hooded jacket Justin,"6,10E+12",1,"22,4",6XL,red,Hooded jacket Justin red 6XL,Hooded jacket Justin red 6XL,"Dit hooded jacket is ideaal als robuuste werkkleding of stevig vrijetijdsjack. Voorzien van metalen oogjes, stevige uiteinden aan de trekkoorden en een duurzame metalen rits. Met praktische steekzakken en een nette afwerking biedt dit jack de perfecte combinatie van functionaliteit en stijl.<br/><br/>- Dubbel gestikte naden, gekleurde nektape ter versteviging en 60°C wasbaar.<br/>- Geborstelde fleece aan de binnenkant voor meer draagcomfort, set-in mouwen, brede ribgebreide boorden.<br/>- 2 Steekzakken op de buik. <br/>- Gevoerde capuchon, koordjes afgewerkt met tubes. Metalen rits, passend bij de koorduiteinden<br/>- 280-Grams hooded jacket, duurzaam vervaardigd uit 70% voorgekrompen katoen en 30% gerecycled polyester. <br/>- Neutraal, enkel maatlabel aanwezig, dus uitermate geschikt voor rebranding. <br/>- Hangtag en polybags met barcode.<br/>- Geschikt voor werk- & casual vrijetijdskleding.<br/>- Beschikbaar van maat XS t/m 7XL.<br/><br/>Ook mogelijk in uw gewenste PMS-kleur aan dezelfde prijs, minimaal 300 stuks door de maten heen.",https://tghimages.nl/B2B_HDJA_RED_FRONT.JPG
B2B-HDJA,B2B Hooded jacket Justin,B2B-HDJARE10,1,Back To Basics,,B2B-HDJARE10,B2B Hooded jacket Justin,"6,10E+12",1,"22,5",7XL,red,Hooded jacket Justin red 7XL,Hooded jacket Justin red 7XL,"Dit hooded jacket is ideaal als robuuste werkkleding of stevig vrijetijdsjack. Voorzien van metalen oogjes, stevige uiteinden aan de trekkoorden en een duurzame metalen rits. Met praktische steekzakken en een nette afwerking biedt dit jack de perfecte combinatie van functionaliteit en stijl.<br/><br/>- Dubbel gestikte naden, gekleurde nektape ter versteviging en 60°C wasbaar.<br/>- Geborstelde fleece aan de binnenkant voor meer draagcomfort, set-in mouwen, brede ribgebreide boorden.<br/>- 2 Steekzakken op de buik. <br/>- Gevoerde capuchon, koordjes afgewerkt met tubes. Metalen rits, passend bij de koorduiteinden<br/>- 280-Grams hooded jacket, duurzaam vervaardigd uit 70% voorgekrompen katoen en 30% gerecycled polyester. <br/>- Neutraal, enkel maatlabel aanwezig, dus uitermate geschikt voor rebranding. <br/>- Hangtag en polybags met barcode.<br/>- Geschikt voor werk- & casual vrijetijdskleding.<br/>- Beschikbaar van maat XS t/m 7XL.<br/><br/>Ook mogelijk in uw gewenste PMS-kleur aan dezelfde prijs, minimaal 300 stuks door de maten heen.",https://tghimages.nl/B2B_HDJA_RED_FRONT.JPG
B2B-HDJA,B2B Hooded jacket Justin,B2B-HDJAWH00,1,Back To Basics,,B2B-HDJAWH00,B2B Hooded jacket Justin,"6,10E+12",1,"22,6",XS,white,Hooded jacket Justin white XS,Hooded jacket Justin white XS,"Dit hooded jacket is ideaal als robuuste werkkleding of stevig vrijetijdsjack. Voorzien van metalen oogjes, stevige uiteinden aan de trekkoorden en een duurzame metalen rits. Met praktische steekzakken en een nette afwerking biedt dit jack de perfecte combinatie van functionaliteit en stijl.<br/><br/>- Dubbel gestikte naden, gekleurde nektape ter versteviging en 60°C wasbaar.<br/>- Geborstelde fleece aan de binnenkant voor meer draagcomfort, set-in mouwen, brede ribgebreide boorden.<br/>- 2 Steekzakken op de buik. <br/>- Gevoerde capuchon, koordjes afgewerkt met tubes. Metalen rits, passend bij de koorduiteinden<br/>- 280-Grams hooded jacket, duurzaam vervaardigd uit 70% voorgekrompen katoen en 30% gerecycled polyester. <br/>- Neutraal, enkel maatlabel aanwezig, dus uitermate geschikt voor rebranding. <br/>- Hangtag en polybags met barcode.<br/>- Geschikt voor werk- & casual vrijetijdskleding.<br/>- Beschikbaar van maat XS t/m 7XL.<br/><br/>Ook mogelijk in uw gewenste PMS-kleur aan dezelfde prijs, minimaal 300 stuks door de maten heen.",https://tghimages.nl/B2B_HDJA_WHITE_FRONT.JPG
B2B-HDJA,B2B Hooded jacket Justin,B2B-HDJAWH01,1,Back To Basics,,B2B-HDJAWH01,B2B Hooded jacket Justin,"6,10E+12",1,"22,7",S,white,Hooded jacket Justin white S,Hooded jacket Justin white S,"Dit hooded jacket is ideaal als robuuste werkkleding of stevig vrijetijdsjack. Voorzien van metalen oogjes, stevige uiteinden aan de trekkoorden en een duurzame metalen rits. Met praktische steekzakken en een nette afwerking biedt dit jack de perfecte combinatie van functionaliteit en stijl.<br/><br/>- Dubbel gestikte naden, gekleurde nektape ter versteviging en 60°C wasbaar.<br/>- Geborstelde fleece aan de binnenkant voor meer draagcomfort, set-in mouwen, brede ribgebreide boorden.<br/>- 2 Steekzakken op de buik. <br/>- Gevoerde capuchon, koordjes afgewerkt met tubes. Metalen rits, passend bij de koorduiteinden<br/>- 280-Grams hooded jacket, duurzaam vervaardigd uit 70% voorgekrompen katoen en 30% gerecycled polyester. <br/>- Neutraal, enkel maatlabel aanwezig, dus uitermate geschikt voor rebranding. <br/>- Hangtag en polybags met barcode.<br/>- Geschikt voor werk- & casual vrijetijdskleding.<br/>- Beschikbaar van maat XS t/m 7XL.<br/><br/>Ook mogelijk in uw gewenste PMS-kleur aan dezelfde prijs, minimaal 300 stuks door de maten heen.",https://tghimages.nl/B2B_HDJA_WHITE_FRONT.JPG
B2B-HDJA,B2B Hooded jacket Justin,B2B-HDJAWH02,1,Back To Basics,,B2B-HDJAWH02,B2B Hooded jacket Justin,"6,10E+12",1,"22,8",M,white,Hooded jacket Justin white M,Hooded jacket Justin white M,"Dit hooded jacket is ideaal als robuuste werkkleding of stevig vrijetijdsjack. Voorzien van metalen oogjes, stevige uiteinden aan de trekkoorden en een duurzame metalen rits. Met praktische steekzakken en een nette afwerking biedt dit jack de perfecte combinatie van functionaliteit en stijl.<br/><br/>- Dubbel gestikte naden, gekleurde nektape ter versteviging en 60°C wasbaar.<br/>- Geborstelde fleece aan de binnenkant voor meer draagcomfort, set-in mouwen, brede ribgebreide boorden.<br/>- 2 Steekzakken op de buik. <br/>- Gevoerde capuchon, koordjes afgewerkt met tubes. Metalen rits, passend bij de koorduiteinden<br/>- 280-Grams hooded jacket, duurzaam vervaardigd uit 70% voorgekrompen katoen en 30% gerecycled polyester. <br/>- Neutraal, enkel maatlabel aanwezig, dus uitermate geschikt voor rebranding. <br/>- Hangtag en polybags met barcode.<br/>- Geschikt voor werk- & casual vrijetijdskleding.<br/>- Beschikbaar van maat XS t/m 7XL.<br/><br/>Ook mogelijk in uw gewenste PMS-kleur aan dezelfde prijs, minimaal 300 stuks door de maten heen.",https://tghimages.nl/B2B_HDJA_WHITE_FRONT.JPG
B2B-HDJA,B2B Hooded jacket Justin,B2B-HDJAWH03,1,Back To Basics,,B2B-HDJAWH03,B2B Hooded jacket Justin,"6,10E+12",1,"22,9",L,white,Hooded jacket Justin white L,Hooded jacket Justin white L,"Dit hooded jacket is ideaal als robuuste werkkleding of stevig vrijetijdsjack. Voorzien van metalen oogjes, stevige uiteinden aan de trekkoorden en een duurzame metalen rits. Met praktische steekzakken en een nette afwerking biedt dit jack de perfecte combinatie van functionaliteit en stijl.<br/><br/>- Dubbel gestikte naden, gekleurde nektape ter versteviging en 60°C wasbaar.<br/>- Geborstelde fleece aan de binnenkant voor meer draagcomfort, set-in mouwen, brede ribgebreide boorden.<br/>- 2 Steekzakken op de buik. <br/>- Gevoerde capuchon, koordjes afgewerkt met tubes. Metalen rits, passend bij de koorduiteinden<br/>- 280-Grams hooded jacket, duurzaam vervaardigd uit 70% voorgekrompen katoen en 30% gerecycled polyester. <br/>- Neutraal, enkel maatlabel aanwezig, dus uitermate geschikt voor rebranding. <br/>- Hangtag en polybags met barcode.<br/>- Geschikt voor werk- & casual vrijetijdskleding.<br/>- Beschikbaar van maat XS t/m 7XL.<br/><br/>Ook mogelijk in uw gewenste PMS-kleur aan dezelfde prijs, minimaal 300 stuks door de maten heen.",https://tghimages.nl/B2B_HDJA_WHITE_FRONT.JPG
B2B-HDJA,B2B Hooded jacket Justin,B2B-HDJAWH04,1,Back To Basics,,B2B-HDJAWH04,B2B Hooded jacket Justin,"6,10E+12",1,23,XL,white,Hooded jacket Justin white XL,Hooded jacket Justin white XL,"Dit hooded jacket is ideaal als robuuste werkkleding of stevig vrijetijdsjack. Voorzien van metalen oogjes, stevige uiteinden aan de trekkoorden en een duurzame metalen rits. Met praktische steekzakken en een nette afwerking biedt dit jack de perfecte combinatie van functionaliteit en stijl.<br/><br/>- Dubbel gestikte naden, gekleurde nektape ter versteviging en 60°C wasbaar.<br/>- Geborstelde fleece aan de binnenkant voor meer draagcomfort, set-in mouwen, brede ribgebreide boorden.<br/>- 2 Steekzakken op de buik. <br/>- Gevoerde capuchon, koordjes afgewerkt met tubes. Metalen rits, passend bij de koorduiteinden<br/>- 280-Grams hooded jacket, duurzaam vervaardigd uit 70% voorgekrompen katoen en 30% gerecycled polyester. <br/>- Neutraal, enkel maatlabel aanwezig, dus uitermate geschikt voor rebranding. <br/>- Hangtag en polybags met barcode.<br/>- Geschikt voor werk- & casual vrijetijdskleding.<br/>- Beschikbaar van maat XS t/m 7XL.<br/><br/>Ook mogelijk in uw gewenste PMS-kleur aan dezelfde prijs, minimaal 300 stuks door de maten heen.",https://tghimages.nl/B2B_HDJA_WHITE_FRONT.JPG
B2B-HDJA,B2B Hooded jacket Justin,B2B-HDJAWH05,1,Back To Basics,,B2B-HDJAWH05,B2B Hooded jacket Justin,"6,10E+12",1,"23,1",XXL,white,Hooded jacket Justin white XXL,Hooded jacket Justin white XXL,"Dit hooded jacket is ideaal als robuuste werkkleding of stevig vrijetijdsjack. Voorzien van metalen oogjes, stevige uiteinden aan de trekkoorden en een duurzame metalen rits. Met praktische steekzakken en een nette afwerking biedt dit jack de perfecte combinatie van functionaliteit en stijl.<br/><br/>- Dubbel gestikte naden, gekleurde nektape ter versteviging en 60°C wasbaar.<br/>- Geborstelde fleece aan de binnenkant voor meer draagcomfort, set-in mouwen, brede ribgebreide boorden.<br/>- 2 Steekzakken op de buik. <br/>- Gevoerde capuchon, koordjes afgewerkt met tubes. Metalen rits, passend bij de koorduiteinden<br/>- 280-Grams hooded jacket, duurzaam vervaardigd uit 70% voorgekrompen katoen en 30% gerecycled polyester. <br/>- Neutraal, enkel maatlabel aanwezig, dus uitermate geschikt voor rebranding. <br/>- Hangtag en polybags met barcode.<br/>- Geschikt voor werk- & casual vrijetijdskleding.<br/>- Beschikbaar van maat XS t/m 7XL.<br/><br/>Ook mogelijk in uw gewenste PMS-kleur aan dezelfde prijs, minimaal 300 stuks door de maten heen.",https://tghimages.nl/B2B_HDJA_WHITE_FRONT.JPG
B2B-HDJA,B2B Hooded jacket Justin,B2B-HDJAWH06,1,Back To Basics,,B2B-HDJAWH06,B2B Hooded jacket Justin,"6,10E+12",1,"23,2",3XL,white,Hooded jacket Justin white 3XL,Hooded jacket Justin white 3XL,"Dit hooded jacket is ideaal als robuuste werkkleding of stevig vrijetijdsjack. Voorzien van metalen oogjes, stevige uiteinden aan de trekkoorden en een duurzame metalen rits. Met praktische steekzakken en een nette afwerking biedt dit jack de perfecte combinatie van functionaliteit en stijl.<br/><br/>- Dubbel gestikte naden, gekleurde nektape ter versteviging en 60°C wasbaar.<br/>- Geborstelde fleece aan de binnenkant voor meer draagcomfort, set-in mouwen, brede ribgebreide boorden.<br/>- 2 Steekzakken op de buik. <br/>- Gevoerde capuchon, koordjes afgewerkt met tubes. Metalen rits, passend bij de koorduiteinden<br/>- 280-Grams hooded jacket, duurzaam vervaardigd uit 70% voorgekrompen katoen en 30% gerecycled polyester. <br/>- Neutraal, enkel maatlabel aanwezig, dus uitermate geschikt voor rebranding. <br/>- Hangtag en polybags met barcode.<br/>- Geschikt voor werk- & casual vrijetijdskleding.<br/>- Beschikbaar van maat XS t/m 7XL.<br/><br/>Ook mogelijk in uw gewenste PMS-kleur aan dezelfde prijs, minimaal 300 stuks door de maten heen.",https://tghimages.nl/B2B_HDJA_WHITE_FRONT.JPG
B2B-HDJA,B2B Hooded jacket Justin,B2B-HDJAWH07,1,Back To Basics,,B2B-HDJAWH07,B2B Hooded jacket Justin,"6,10E+12",1,"23,3",4XL,white,Hooded jacket Justin white 4XL,Hooded jacket Justin white 4XL,"Dit hooded jacket is ideaal als robuuste werkkleding of stevig vrijetijdsjack. Voorzien van metalen oogjes, stevige uiteinden aan de trekkoorden en een duurzame metalen rits. Met praktische steekzakken en een nette afwerking biedt dit jack de perfecte combinatie van functionaliteit en stijl.<br/><br/>- Dubbel gestikte naden, gekleurde nektape ter versteviging en 60°C wasbaar.<br/>- Geborstelde fleece aan de binnenkant voor meer draagcomfort, set-in mouwen, brede ribgebreide boorden.<br/>- 2 Steekzakken op de buik. <br/>- Gevoerde capuchon, koordjes afgewerkt met tubes. Metalen rits, passend bij de koorduiteinden<br/>- 280-Grams hooded jacket, duurzaam vervaardigd uit 70% voorgekrompen katoen en 30% gerecycled polyester. <br/>- Neutraal, enkel maatlabel aanwezig, dus uitermate geschikt voor rebranding. <br/>- Hangtag en polybags met barcode.<br/>- Geschikt voor werk- & casual vrijetijdskleding.<br/>- Beschikbaar van maat XS t/m 7XL.<br/><br/>Ook mogelijk in uw gewenste PMS-kleur aan dezelfde prijs, minimaal 300 stuks door de maten heen.",https://tghimages.nl/B2B_HDJA_WHITE_FRONT.JPG
B2B-HDJA,B2B Hooded jacket Justin,B2B-HDJAWH08,1,Back To Basics,,B2B-HDJAWH08,B2B Hooded jacket Justin,"6,10E+12",1,"23,4",5XL,white,Hooded jacket Justin white 5XL,Hooded jacket Justin white 5XL,"Dit hooded jacket is ideaal als robuuste werkkleding of stevig vrijetijdsjack. Voorzien van metalen oogjes, stevige uiteinden aan de trekkoorden en een duurzame metalen rits. Met praktische steekzakken en een nette afwerking biedt dit jack de perfecte combinatie van functionaliteit en stijl.<br/><br/>- Dubbel gestikte naden, gekleurde nektape ter versteviging en 60°C wasbaar.<br/>- Geborstelde fleece aan de binnenkant voor meer draagcomfort, set-in mouwen, brede ribgebreide boorden.<br/>- 2 Steekzakken op de buik. <br/>- Gevoerde capuchon, koordjes afgewerkt met tubes. Metalen rits, passend bij de koorduiteinden<br/>- 280-Grams hooded jacket, duurzaam vervaardigd uit 70% voorgekrompen katoen en 30% gerecycled polyester. <br/>- Neutraal, enkel maatlabel aanwezig, dus uitermate geschikt voor rebranding. <br/>- Hangtag en polybags met barcode.<br/>- Geschikt voor werk- & casual vrijetijdskleding.<br/>- Beschikbaar van maat XS t/m 7XL.<br/><br/>Ook mogelijk in uw gewenste PMS-kleur aan dezelfde prijs, minimaal 300 stuks door de maten heen.",https://tghimages.nl/B2B_HDJA_WHITE_FRONT.JPG
B2B-HDJA,B2B Hooded jacket Justin,B2B-HDJAWH09,1,Back To Basics,,B2B-HDJAWH09,B2B Hooded jacket Justin,"6,10E+12",1,"23,5",6XL,white,Hooded jacket Justin white 6XL,Hooded jacket Justin white 6XL,"Dit hooded jacket is ideaal als robuuste werkkleding of stevig vrijetijdsjack. Voorzien van metalen oogjes, stevige uiteinden aan de trekkoorden en een duurzame metalen rits. Met praktische steekzakken en een nette afwerking biedt dit jack de perfecte combinatie van functionaliteit en stijl.<br/><br/>- Dubbel gestikte naden, gekleurde nektape ter versteviging en 60°C wasbaar.<br/>- Geborstelde fleece aan de binnenkant voor meer draagcomfort, set-in mouwen, brede ribgebreide boorden.<br/>- 2 Steekzakken op de buik. <br/>- Gevoerde capuchon, koordjes afgewerkt met tubes. Metalen rits, passend bij de koorduiteinden<br/>- 280-Grams hooded jacket, duurzaam vervaardigd uit 70% voorgekrompen katoen en 30% gerecycled polyester. <br/>- Neutraal, enkel maatlabel aanwezig, dus uitermate geschikt voor rebranding. <br/>- Hangtag en polybags met barcode.<br/>- Geschikt voor werk- & casual vrijetijdskleding.<br/>- Beschikbaar van maat XS t/m 7XL.<br/><br/>Ook mogelijk in uw gewenste PMS-kleur aan dezelfde prijs, minimaal 300 stuks door de maten heen.",https://tghimages.nl/B2B_HDJA_WHITE_FRONT.JPG
B2B-HDJA,B2B Hooded jacket Justin,B2B-HDJAWH10,1,Back To Basics,,B2B-HDJAWH10,B2B Hooded jacket Justin,"6,10E+12",1,"23,6",7XL,white,Hooded jacket Justin white 7XL,Hooded jacket Justin white 7XL,"Dit hooded jacket is ideaal als robuuste werkkleding of stevig vrijetijdsjack. Voorzien van metalen oogjes, stevige uiteinden aan de trekkoorden en een duurzame metalen rits. Met praktische steekzakken en een nette afwerking biedt dit jack de perfecte combinatie van functionaliteit en stijl.<br/><br/>- Dubbel gestikte naden, gekleurde nektape ter versteviging en 60°C wasbaar.<br/>- Geborstelde fleece aan de binnenkant voor meer draagcomfort, set-in mouwen, brede ribgebreide boorden.<br/>- 2 Steekzakken op de buik. <br/>- Gevoerde capuchon, koordjes afgewerkt met tubes. Metalen rits, passend bij de koorduiteinden<br/>- 280-Grams hooded jacket, duurzaam vervaardigd uit 70% voorgekrompen katoen en 30% gerecycled polyester. <br/>- Neutraal, enkel maatlabel aanwezig, dus uitermate geschikt voor rebranding. <br/>- Hangtag en polybags met barcode.<br/>- Geschikt voor werk- & casual vrijetijdskleding.<br/>- Beschikbaar van maat XS t/m 7XL.<br/><br/>Ook mogelijk in uw gewenste PMS-kleur aan dezelfde prijs, minimaal 300 stuks door de maten heen.",https://tghimages.nl/B2B_HDJA_WHITE_FRONT.JPG
B2B-PBEA,B2B Patch beanie Izzy,B2B-PBEABL,1,Back To Basics,,B2B-PBEABL,B2B Patch beanie Izzy,"6,10E+12",1,"23,7",one size,black,Patch beanie Izzy black one size,Patch beanie Izzy black one size,"Ontdek de beanie met patch, speciaal ontworpen voor eenvoudige personalisatie. Deze dubbellaagse beanie is vervaardigd uit acryl, wat zorgt voor maximale warmte en comfort. Ideaal voor dagelijks gebruik op de werkplek en voor promotionele doeleinden.<br/><br/>- Gemaakt van stevig, maar zacht aanvoelend acryl.<br/>- Dubbellaags voor extra isolatie.<br/>- Katoenen applicatie van 5x10cm om de muts eenvoudig te personaliseren.<br/>- 2 Lagen van 325gr/m².<br/>- Te dragen op de werkvloer of in je vrije tijd.<br/>- Beschikbaar in één maat (one size). <br/>- Dit artikel heeft een merklabel.",https://tghimages.nl/B2B_PBEA_BLACK_FRONT.JPG
B2B-PBEA,B2B Patch beanie Izzy,B2B-PBEAGR,1,Back To Basics,,B2B-PBEAGR,B2B Patch beanie Izzy,"6,10E+12",1,"23,8",one size,grey,Patch beanie Izzy grey one size,Patch beanie Izzy grey one size,"Ontdek de beanie met patch, speciaal ontworpen voor eenvoudige personalisatie. Deze dubbellaagse beanie is vervaardigd uit acryl, wat zorgt voor maximale warmte en comfort. Ideaal voor dagelijks gebruik op de werkplek en voor promotionele doeleinden.<br/><br/>- Gemaakt van stevig, maar zacht aanvoelend acryl.<br/>- Dubbellaags voor extra isolatie.<br/>- Katoenen applicatie van 5x10cm om de muts eenvoudig te personaliseren.<br/>- 2 Lagen van 325gr/m².<br/>- Te dragen op de werkvloer of in je vrije tijd.<br/>- Beschikbaar in één maat (one size). <br/>- Dit artikel heeft een merklabel.",https://tghimages.nl/B2B_PBEA_GREY_FRONT.JPG
B2B-PBEA,B2B Patch beanie Izzy,B2B-PBEANA,1,Back To Basics,,B2B-PBEANA,B2B Patch beanie Izzy,"6,10E+12",1,"23,9",one size,navy,Patch beanie Izzy navy one size,Patch beanie Izzy navy one size,"Ontdek de beanie met patch, speciaal ontworpen voor eenvoudige personalisatie. Deze dubbellaagse beanie is vervaardigd uit acryl, wat zorgt voor maximale warmte en comfort. Ideaal voor dagelijks gebruik op de werkplek en voor promotionele doeleinden.<br/><br/>- Gemaakt van stevig, maar zacht aanvoelend acryl.<br/>- Dubbellaags voor extra isolatie.<br/>- Katoenen applicatie van 5x10cm om de muts eenvoudig te personaliseren.<br/>- 2 Lagen van 325gr/m².<br/>- Te dragen op de werkvloer of in je vrije tijd.<br/>- Beschikbaar in één maat (one size). <br/>- Dit artikel heeft een merklabel.",https://tghimages.nl/B2B_PBEA_NAVY_FRONT.JPG
B2B-PBEA,B2B Patch beanie Izzy,B2B-PBEARB,1,Back To Basics,,B2B-PBEARB,B2B Patch beanie Izzy,"6,10E+12",1,24,one size,royal blue,Patch beanie Izzy royal blue one size,Patch beanie Izzy royal blue one size,"Ontdek de beanie met patch, speciaal ontworpen voor eenvoudige personalisatie. Deze dubbellaagse beanie is vervaardigd uit acryl, wat zorgt voor maximale warmte en comfort. Ideaal voor dagelijks gebruik op de werkplek en voor promotionele doeleinden.<br/><br/>- Gemaakt van stevig, maar zacht aanvoelend acryl.<br/>- Dubbellaags voor extra isolatie.<br/>- Katoenen applicatie van 5x10cm om de muts eenvoudig te personaliseren.<br/>- 2 Lagen van 325gr/m².<br/>- Te dragen op de werkvloer of in je vrije tijd.<br/>- Beschikbaar in één maat (one size). <br/>- Dit artikel heeft een merklabel.",https://tghimages.nl/B2B_PBEA_ROYAL_BLUE_FRONT.JPG
B2B-PBEA,B2B Patch beanie Izzy,B2B-PBEARE,1,Back To Basics,,B2B-PBEARE,B2B Patch beanie Izzy,"6,10E+12",1,"24,1",one size,red,Patch beanie Izzy red one size,Patch beanie Izzy red one size,"Ontdek de beanie met patch, speciaal ontworpen voor eenvoudige personalisatie. Deze dubbellaagse beanie is vervaardigd uit acryl, wat zorgt voor maximale warmte en comfort. Ideaal voor dagelijks gebruik op de werkplek en voor promotionele doeleinden.<br/><br/>- Gemaakt van stevig, maar zacht aanvoelend acryl.<br/>- Dubbellaags voor extra isolatie.<br/>- Katoenen applicatie van 5x10cm om de muts eenvoudig te personaliseren.<br/>- 2 Lagen van 325gr/m².<br/>- Te dragen op de werkvloer of in je vrije tijd.<br/>- Beschikbaar in één maat (one size). <br/>- Dit artikel heeft een merklabel.",https://tghimages.nl/B2B_PBEA_RED_FRONT.JPG
B2B-PLSW,B2B Polosweater Finn,B2B-PLSWAN00,1,Back To Basics,,B2B-PLSWAN00,B2B Polosweater Finn,"6,10E+12",1,"24,2",XS,anthracite,Polosweater Finn anthracite XS,Polosweater Finn anthracite XS,"Deze polosweater is de ideale keuze voor modieuze werkkleding. Met een 3-knoops placket en ton-sur-ton knopen straalt hij verfijning uit, terwijl hij comfortabel en functioneel blijft. Perfect voor een professionele uitstraling, deze polosweater biedt stijl en gemak voor elke werkdag.<br/><br/>- Dubbel gestikte naden, gekleurde nektape ter versteviging en 60°C wasbaar.<br/>- Geborstelde fleece aan de binnenkant voor meer draagcomfort, set-in mouwen, brede ribgebreide boorden.<br/>- Afgewerkt met ton-sur-ton knopen. Halve maan in de nek.<br/>- Duurzame 280-grams polosweater, vervaardigd uit 70% voorgekrompen katoen en 30% gerecycled polyester. <br/>- Neutraal, enkel maatlabel aanwezig, dus uitermate geschikt voor rebranding. <br/>- Hangtag en polybags met barcode.<br/>- Geschikt voor werk- & casual vrijetijdskleding.<br/>- Beschikbaar van maat XS t/m 7XL.<br/><br/>Ook mogelijk in uw gewenste PMS-kleur aan dezelfde prijs, minimaal 300 stuks door de maten heen.",https://tghimages.nl/B2B_PLSW_ANTHRACITE_FRONT.JPG
B2B-PLSW,B2B Polosweater Finn,B2B-PLSWAN01,1,Back To Basics,,B2B-PLSWAN01,B2B Polosweater Finn,"6,10E+12",1,"24,3",S,anthracite,Polosweater Finn anthracite S,Polosweater Finn anthracite S,"Deze polosweater is de ideale keuze voor modieuze werkkleding. Met een 3-knoops placket en ton-sur-ton knopen straalt hij verfijning uit, terwijl hij comfortabel en functioneel blijft. Perfect voor een professionele uitstraling, deze polosweater biedt stijl en gemak voor elke werkdag.<br/><br/>- Dubbel gestikte naden, gekleurde nektape ter versteviging en 60°C wasbaar.<br/>- Geborstelde fleece aan de binnenkant voor meer draagcomfort, set-in mouwen, brede ribgebreide boorden.<br/>- Afgewerkt met ton-sur-ton knopen. Halve maan in de nek.<br/>- Duurzame 280-grams polosweater, vervaardigd uit 70% voorgekrompen katoen en 30% gerecycled polyester. <br/>- Neutraal, enkel maatlabel aanwezig, dus uitermate geschikt voor rebranding. <br/>- Hangtag en polybags met barcode.<br/>- Geschikt voor werk- & casual vrijetijdskleding.<br/>- Beschikbaar van maat XS t/m 7XL.<br/><br/>Ook mogelijk in uw gewenste PMS-kleur aan dezelfde prijs, minimaal 300 stuks door de maten heen.",https://tghimages.nl/B2B_PLSW_ANTHRACITE_FRONT.JPG
B2B-PLSW,B2B Polosweater Finn,B2B-PLSWAN02,1,Back To Basics,,B2B-PLSWAN02,B2B Polosweater Finn,"6,10E+12",1,"24,4",M,anthracite,Polosweater Finn anthracite M,Polosweater Finn anthracite M,"Deze polosweater is de ideale keuze voor modieuze werkkleding. Met een 3-knoops placket en ton-sur-ton knopen straalt hij verfijning uit, terwijl hij comfortabel en functioneel blijft. Perfect voor een professionele uitstraling, deze polosweater biedt stijl en gemak voor elke werkdag.<br/><br/>- Dubbel gestikte naden, gekleurde nektape ter versteviging en 60°C wasbaar.<br/>- Geborstelde fleece aan de binnenkant voor meer draagcomfort, set-in mouwen, brede ribgebreide boorden.<br/>- Afgewerkt met ton-sur-ton knopen. Halve maan in de nek.<br/>- Duurzame 280-grams polosweater, vervaardigd uit 70% voorgekrompen katoen en 30% gerecycled polyester. <br/>- Neutraal, enkel maatlabel aanwezig, dus uitermate geschikt voor rebranding. <br/>- Hangtag en polybags met barcode.<br/>- Geschikt voor werk- & casual vrijetijdskleding.<br/>- Beschikbaar van maat XS t/m 7XL.<br/><br/>Ook mogelijk in uw gewenste PMS-kleur aan dezelfde prijs, minimaal 300 stuks door de maten heen.",https://tghimages.nl/B2B_PLSW_ANTHRACITE_FRONT.JPG
B2B-PLSW,B2B Polosweater Finn,B2B-PLSWAN03,1,Back To Basics,,B2B-PLSWAN03,B2B Polosweater Finn,"6,10E+12",1,"24,5",L,anthracite,Polosweater Finn anthracite L,Polosweater Finn anthracite L,"Deze polosweater is de ideale keuze voor modieuze werkkleding. Met een 3-knoops placket en ton-sur-ton knopen straalt hij verfijning uit, terwijl hij comfortabel en functioneel blijft. Perfect voor een professionele uitstraling, deze polosweater biedt stijl en gemak voor elke werkdag.<br/><br/>- Dubbel gestikte naden, gekleurde nektape ter versteviging en 60°C wasbaar.<br/>- Geborstelde fleece aan de binnenkant voor meer draagcomfort, set-in mouwen, brede ribgebreide boorden.<br/>- Afgewerkt met ton-sur-ton knopen. Halve maan in de nek.<br/>- Duurzame 280-grams polosweater, vervaardigd uit 70% voorgekrompen katoen en 30% gerecycled polyester. <br/>- Neutraal, enkel maatlabel aanwezig, dus uitermate geschikt voor rebranding. <br/>- Hangtag en polybags met barcode.<br/>- Geschikt voor werk- & casual vrijetijdskleding.<br/>- Beschikbaar van maat XS t/m 7XL.<br/><br/>Ook mogelijk in uw gewenste PMS-kleur aan dezelfde prijs, minimaal 300 stuks door de maten heen.",https://tghimages.nl/B2B_PLSW_ANTHRACITE_FRONT.JPG
B2B-PLSW,B2B Polosweater Finn,B2B-PLSWAN04,1,Back To Basics,,B2B-PLSWAN04,B2B Polosweater Finn,"6,10E+12",1,"24,6",XL,anthracite,Polosweater Finn anthracite XL,Polosweater Finn anthracite XL,"Deze polosweater is de ideale keuze voor modieuze werkkleding. Met een 3-knoops placket en ton-sur-ton knopen straalt hij verfijning uit, terwijl hij comfortabel en functioneel blijft. Perfect voor een professionele uitstraling, deze polosweater biedt stijl en gemak voor elke werkdag.<br/><br/>- Dubbel gestikte naden, gekleurde nektape ter versteviging en 60°C wasbaar.<br/>- Geborstelde fleece aan de binnenkant voor meer draagcomfort, set-in mouwen, brede ribgebreide boorden.<br/>- Afgewerkt met ton-sur-ton knopen. Halve maan in de nek.<br/>- Duurzame 280-grams polosweater, vervaardigd uit 70% voorgekrompen katoen en 30% gerecycled polyester. <br/>- Neutraal, enkel maatlabel aanwezig, dus uitermate geschikt voor rebranding. <br/>- Hangtag en polybags met barcode.<br/>- Geschikt voor werk- & casual vrijetijdskleding.<br/>- Beschikbaar van maat XS t/m 7XL.<br/><br/>Ook mogelijk in uw gewenste PMS-kleur aan dezelfde prijs, minimaal 300 stuks door de maten heen.",https://tghimages.nl/B2B_PLSW_ANTHRACITE_FRONT.JPG
B2B-PLSW,B2B Polosweater Finn,B2B-PLSWAN05,1,Back To Basics,,B2B-PLSWAN05,B2B Polosweater Finn,"6,10E+12",1,"24,7",XXL,anthracite,Polosweater Finn anthracite XXL,Polosweater Finn anthracite XXL,"Deze polosweater is de ideale keuze voor modieuze werkkleding. Met een 3-knoops placket en ton-sur-ton knopen straalt hij verfijning uit, terwijl hij comfortabel en functioneel blijft. Perfect voor een professionele uitstraling, deze polosweater biedt stijl en gemak voor elke werkdag.<br/><br/>- Dubbel gestikte naden, gekleurde nektape ter versteviging en 60°C wasbaar.<br/>- Geborstelde fleece aan de binnenkant voor meer draagcomfort, set-in mouwen, brede ribgebreide boorden.<br/>- Afgewerkt met ton-sur-ton knopen. Halve maan in de nek.<br/>- Duurzame 280-grams polosweater, vervaardigd uit 70% voorgekrompen katoen en 30% gerecycled polyester. <br/>- Neutraal, enkel maatlabel aanwezig, dus uitermate geschikt voor rebranding. <br/>- Hangtag en polybags met barcode.<br/>- Geschikt voor werk- & casual vrijetijdskleding.<br/>- Beschikbaar van maat XS t/m 7XL.<br/><br/>Ook mogelijk in uw gewenste PMS-kleur aan dezelfde prijs, minimaal 300 stuks door de maten heen.",https://tghimages.nl/B2B_PLSW_ANTHRACITE_FRONT.JPG
B2B-PLSW,B2B Polosweater Finn,B2B-PLSWAN06,1,Back To Basics,,B2B-PLSWAN06,B2B Polosweater Finn,"6,10E+12",1,"24,8",3XL,anthracite,Polosweater Finn anthracite 3XL,Polosweater Finn anthracite 3XL,"Deze polosweater is de ideale keuze voor modieuze werkkleding. Met een 3-knoops placket en ton-sur-ton knopen straalt hij verfijning uit, terwijl hij comfortabel en functioneel blijft. Perfect voor een professionele uitstraling, deze polosweater biedt stijl en gemak voor elke werkdag.<br/><br/>- Dubbel gestikte naden, gekleurde nektape ter versteviging en 60°C wasbaar.<br/>- Geborstelde fleece aan de binnenkant voor meer draagcomfort, set-in mouwen, brede ribgebreide boorden.<br/>- Afgewerkt met ton-sur-ton knopen. Halve maan in de nek.<br/>- Duurzame 280-grams polosweater, vervaardigd uit 70% voorgekrompen katoen en 30% gerecycled polyester. <br/>- Neutraal, enkel maatlabel aanwezig, dus uitermate geschikt voor rebranding. <br/>- Hangtag en polybags met barcode.<br/>- Geschikt voor werk- & casual vrijetijdskleding.<br/>- Beschikbaar van maat XS t/m 7XL.<br/><br/>Ook mogelijk in uw gewenste PMS-kleur aan dezelfde prijs, minimaal 300 stuks door de maten heen.",https://tghimages.nl/B2B_PLSW_ANTHRACITE_FRONT.JPG
B2B-PLSW,B2B Polosweater Finn,B2B-PLSWAN07,1,Back To Basics,,B2B-PLSWAN07,B2B Polosweater Finn,"6,10E+12",1,"24,9",4XL,anthracite,Polosweater Finn anthracite 4XL,Polosweater Finn anthracite 4XL,"Deze polosweater is de ideale keuze voor modieuze werkkleding. Met een 3-knoops placket en ton-sur-ton knopen straalt hij verfijning uit, terwijl hij comfortabel en functioneel blijft. Perfect voor een professionele uitstraling, deze polosweater biedt stijl en gemak voor elke werkdag.<br/><br/>- Dubbel gestikte naden, gekleurde nektape ter versteviging en 60°C wasbaar.<br/>- Geborstelde fleece aan de binnenkant voor meer draagcomfort, set-in mouwen, brede ribgebreide boorden.<br/>- Afgewerkt met ton-sur-ton knopen. Halve maan in de nek.<br/>- Duurzame 280-grams polosweater, vervaardigd uit 70% voorgekrompen katoen en 30% gerecycled polyester. <br/>- Neutraal, enkel maatlabel aanwezig, dus uitermate geschikt voor rebranding. <br/>- Hangtag en polybags met barcode.<br/>- Geschikt voor werk- & casual vrijetijdskleding.<br/>- Beschikbaar van maat XS t/m 7XL.<br/><br/>Ook mogelijk in uw gewenste PMS-kleur aan dezelfde prijs, minimaal 300 stuks door de maten heen.",https://tghimages.nl/B2B_PLSW_ANTHRACITE_FRONT.JPG
B2B-PLSW,B2B Polosweater Finn,B2B-PLSWAN08,1,Back To Basics,,B2B-PLSWAN08,B2B Polosweater Finn,"6,10E+12",1,25,5XL,anthracite,Polosweater Finn anthracite 5XL,Polosweater Finn anthracite 5XL,"Deze polosweater is de ideale keuze voor modieuze werkkleding. Met een 3-knoops placket en ton-sur-ton knopen straalt hij verfijning uit, terwijl hij comfortabel en functioneel blijft. Perfect voor een professionele uitstraling, deze polosweater biedt stijl en gemak voor elke werkdag.<br/><br/>- Dubbel gestikte naden, gekleurde nektape ter versteviging en 60°C wasbaar.<br/>- Geborstelde fleece aan de binnenkant voor meer draagcomfort, set-in mouwen, brede ribgebreide boorden.<br/>- Afgewerkt met ton-sur-ton knopen. Halve maan in de nek.<br/>- Duurzame 280-grams polosweater, vervaardigd uit 70% voorgekrompen katoen en 30% gerecycled polyester. <br/>- Neutraal, enkel maatlabel aanwezig, dus uitermate geschikt voor rebranding. <br/>- Hangtag en polybags met barcode.<br/>- Geschikt voor werk- & casual vrijetijdskleding.<br/>- Beschikbaar van maat XS t/m 7XL.<br/><br/>Ook mogelijk in uw gewenste PMS-kleur aan dezelfde prijs, minimaal 300 stuks door de maten heen.",https://tghimages.nl/B2B_PLSW_ANTHRACITE_FRONT.JPG
B2B-PLSW,B2B Polosweater Finn,B2B-PLSWAN09,1,Back To Basics,,B2B-PLSWAN09,B2B Polosweater Finn,"6,10E+12",1,"25,1",6XL,anthracite,Polosweater Finn anthracite 6XL,Polosweater Finn anthracite 6XL,"Deze polosweater is de ideale keuze voor modieuze werkkleding. Met een 3-knoops placket en ton-sur-ton knopen straalt hij verfijning uit, terwijl hij comfortabel en functioneel blijft. Perfect voor een professionele uitstraling, deze polosweater biedt stijl en gemak voor elke werkdag.<br/><br/>- Dubbel gestikte naden, gekleurde nektape ter versteviging en 60°C wasbaar.<br/>- Geborstelde fleece aan de binnenkant voor meer draagcomfort, set-in mouwen, brede ribgebreide boorden.<br/>- Afgewerkt met ton-sur-ton knopen. Halve maan in de nek.<br/>- Duurzame 280-grams polosweater, vervaardigd uit 70% voorgekrompen katoen en 30% gerecycled polyester. <br/>- Neutraal, enkel maatlabel aanwezig, dus uitermate geschikt voor rebranding. <br/>- Hangtag en polybags met barcode.<br/>- Geschikt voor werk- & casual vrijetijdskleding.<br/>- Beschikbaar van maat XS t/m 7XL.<br/><br/>Ook mogelijk in uw gewenste PMS-kleur aan dezelfde prijs, minimaal 300 stuks door de maten heen.",https://tghimages.nl/B2B_PLSW_ANTHRACITE_FRONT.JPG
B2B-PLSW,B2B Polosweater Finn,B2B-PLSWAN10,1,Back To Basics,,B2B-PLSWAN10,B2B Polosweater Finn,"6,10E+12",1,"25,2",7XL,anthracite,Polosweater Finn anthracite 7XL,Polosweater Finn anthracite 7XL,"Deze polosweater is de ideale keuze voor modieuze werkkleding. Met een 3-knoops placket en ton-sur-ton knopen straalt hij verfijning uit, terwijl hij comfortabel en functioneel blijft. Perfect voor een professionele uitstraling, deze polosweater biedt stijl en gemak voor elke werkdag.<br/><br/>- Dubbel gestikte naden, gekleurde nektape ter versteviging en 60°C wasbaar.<br/>- Geborstelde fleece aan de binnenkant voor meer draagcomfort, set-in mouwen, brede ribgebreide boorden.<br/>- Afgewerkt met ton-sur-ton knopen. Halve maan in de nek.<br/>- Duurzame 280-grams polosweater, vervaardigd uit 70% voorgekrompen katoen en 30% gerecycled polyester. <br/>- Neutraal, enkel maatlabel aanwezig, dus uitermate geschikt voor rebranding. <br/>- Hangtag en polybags met barcode.<br/>- Geschikt voor werk- & casual vrijetijdskleding.<br/>- Beschikbaar van maat XS t/m 7XL.<br/><br/>Ook mogelijk in uw gewenste PMS-kleur aan dezelfde prijs, minimaal 300 stuks door de maten heen.",https://tghimages.nl/B2B_PLSW_ANTHRACITE_FRONT.JPG
B2B-PLSW,B2B Polosweater Finn,B2B-PLSWBL00,1,Back To Basics,,B2B-PLSWBL00,B2B Polosweater Finn,"6,10E+12",1,"25,3",XS,black,Polosweater Finn black XS,Polosweater Finn black XS,"Deze polosweater is de ideale keuze voor modieuze werkkleding. Met een 3-knoops placket en ton-sur-ton knopen straalt hij verfijning uit, terwijl hij comfortabel en functioneel blijft. Perfect voor een professionele uitstraling, deze polosweater biedt stijl en gemak voor elke werkdag.<br/><br/>- Dubbel gestikte naden, gekleurde nektape ter versteviging en 60°C wasbaar.<br/>- Geborstelde fleece aan de binnenkant voor meer draagcomfort, set-in mouwen, brede ribgebreide boorden.<br/>- Afgewerkt met ton-sur-ton knopen. Halve maan in de nek.<br/>- Duurzame 280-grams polosweater, vervaardigd uit 70% voorgekrompen katoen en 30% gerecycled polyester. <br/>- Neutraal, enkel maatlabel aanwezig, dus uitermate geschikt voor rebranding. <br/>- Hangtag en polybags met barcode.<br/>- Geschikt voor werk- & casual vrijetijdskleding.<br/>- Beschikbaar van maat XS t/m 7XL.<br/><br/>Ook mogelijk in uw gewenste PMS-kleur aan dezelfde prijs, minimaal 300 stuks door de maten heen.",https://tghimages.nl/B2B_PLSW_BLACK_FRONT.JPG
B2B-PLSW,B2B Polosweater Finn,B2B-PLSWBL01,1,Back To Basics,,B2B-PLSWBL01,B2B Polosweater Finn,"6,10E+12",1,"25,4",S,black,Polosweater Finn black S,Polosweater Finn black S,"Deze polosweater is de ideale keuze voor modieuze werkkleding. Met een 3-knoops placket en ton-sur-ton knopen straalt hij verfijning uit, terwijl hij comfortabel en functioneel blijft. Perfect voor een professionele uitstraling, deze polosweater biedt stijl en gemak voor elke werkdag.<br/><br/>- Dubbel gestikte naden, gekleurde nektape ter versteviging en 60°C wasbaar.<br/>- Geborstelde fleece aan de binnenkant voor meer draagcomfort, set-in mouwen, brede ribgebreide boorden.<br/>- Afgewerkt met ton-sur-ton knopen. Halve maan in de nek.<br/>- Duurzame 280-grams polosweater, vervaardigd uit 70% voorgekrompen katoen en 30% gerecycled polyester. <br/>- Neutraal, enkel maatlabel aanwezig, dus uitermate geschikt voor rebranding. <br/>- Hangtag en polybags met barcode.<br/>- Geschikt voor werk- & casual vrijetijdskleding.<br/>- Beschikbaar van maat XS t/m 7XL.<br/><br/>Ook mogelijk in uw gewenste PMS-kleur aan dezelfde prijs, minimaal 300 stuks door de maten heen.",https://tghimages.nl/B2B_PLSW_BLACK_FRONT.JPG
B2B-PLSW,B2B Polosweater Finn,B2B-PLSWBL02,1,Back To Basics,,B2B-PLSWBL02,B2B Polosweater Finn,"6,10E+12",1,"25,5",M,black,Polosweater Finn black M,Polosweater Finn black M,"Deze polosweater is de ideale keuze voor modieuze werkkleding. Met een 3-knoops placket en ton-sur-ton knopen straalt hij verfijning uit, terwijl hij comfortabel en functioneel blijft. Perfect voor een professionele uitstraling, deze polosweater biedt stijl en gemak voor elke werkdag.<br/><br/>- Dubbel gestikte naden, gekleurde nektape ter versteviging en 60°C wasbaar.<br/>- Geborstelde fleece aan de binnenkant voor meer draagcomfort, set-in mouwen, brede ribgebreide boorden.<br/>- Afgewerkt met ton-sur-ton knopen. Halve maan in de nek.<br/>- Duurzame 280-grams polosweater, vervaardigd uit 70% voorgekrompen katoen en 30% gerecycled polyester. <br/>- Neutraal, enkel maatlabel aanwezig, dus uitermate geschikt voor rebranding. <br/>- Hangtag en polybags met barcode.<br/>- Geschikt voor werk- & casual vrijetijdskleding.<br/>- Beschikbaar van maat XS t/m 7XL.<br/><br/>Ook mogelijk in uw gewenste PMS-kleur aan dezelfde prijs, minimaal 300 stuks door de maten heen.",https://tghimages.nl/B2B_PLSW_BLACK_FRONT.JPG
B2B-PLSW,B2B Polosweater Finn,B2B-PLSWBL03,1,Back To Basics,,B2B-PLSWBL03,B2B Polosweater Finn,"6,10E+12",1,"25,6",L,black,Polosweater Finn black L,Polosweater Finn black L,"Deze polosweater is de ideale keuze voor modieuze werkkleding. Met een 3-knoops placket en ton-sur-ton knopen straalt hij verfijning uit, terwijl hij comfortabel en functioneel blijft. Perfect voor een professionele uitstraling, deze polosweater biedt stijl en gemak voor elke werkdag.<br/><br/>- Dubbel gestikte naden, gekleurde nektape ter versteviging en 60°C wasbaar.<br/>- Geborstelde fleece aan de binnenkant voor meer draagcomfort, set-in mouwen, brede ribgebreide boorden.<br/>- Afgewerkt met ton-sur-ton knopen. Halve maan in de nek.<br/>- Duurzame 280-grams polosweater, vervaardigd uit 70% voorgekrompen katoen en 30% gerecycled polyester. <br/>- Neutraal, enkel maatlabel aanwezig, dus uitermate geschikt voor rebranding. <br/>- Hangtag en polybags met barcode.<br/>- Geschikt voor werk- & casual vrijetijdskleding.<br/>- Beschikbaar van maat XS t/m 7XL.<br/><br/>Ook mogelijk in uw gewenste PMS-kleur aan dezelfde prijs, minimaal 300 stuks door de maten heen.",https://tghimages.nl/B2B_PLSW_BLACK_FRONT.JPG
B2B-PLSW,B2B Polosweater Finn,B2B-PLSWBL04,1,Back To Basics,,B2B-PLSWBL04,B2B Polosweater Finn,"6,10E+12",1,"25,7",XL,black,Polosweater Finn black XL,Polosweater Finn black XL,"Deze polosweater is de ideale keuze voor modieuze werkkleding. Met een 3-knoops placket en ton-sur-ton knopen straalt hij verfijning uit, terwijl hij comfortabel en functioneel blijft. Perfect voor een professionele uitstraling, deze polosweater biedt stijl en gemak voor elke werkdag.<br/><br/>- Dubbel gestikte naden, gekleurde nektape ter versteviging en 60°C wasbaar.<br/>- Geborstelde fleece aan de binnenkant voor meer draagcomfort, set-in mouwen, brede ribgebreide boorden.<br/>- Afgewerkt met ton-sur-ton knopen. Halve maan in de nek.<br/>- Duurzame 280-grams polosweater, vervaardigd uit 70% voorgekrompen katoen en 30% gerecycled polyester. <br/>- Neutraal, enkel maatlabel aanwezig, dus uitermate geschikt voor rebranding. <br/>- Hangtag en polybags met barcode.<br/>- Geschikt voor werk- & casual vrijetijdskleding.<br/>- Beschikbaar van maat XS t/m 7XL.<br/><br/>Ook mogelijk in uw gewenste PMS-kleur aan dezelfde prijs, minimaal 300 stuks door de maten heen.",https://tghimages.nl/B2B_PLSW_BLACK_FRONT.JPG
B2B-PLSW,B2B Polosweater Finn,B2B-PLSWBL05,1,Back To Basics,,B2B-PLSWBL05,B2B Polosweater Finn,"6,10E+12",1,"25,8",XXL,black,Polosweater Finn black XXL,Polosweater Finn black XXL,"Deze polosweater is de ideale keuze voor modieuze werkkleding. Met een 3-knoops placket en ton-sur-ton knopen straalt hij verfijning uit, terwijl hij comfortabel en functioneel blijft. Perfect voor een professionele uitstraling, deze polosweater biedt stijl en gemak voor elke werkdag.<br/><br/>- Dubbel gestikte naden, gekleurde nektape ter versteviging en 60°C wasbaar.<br/>- Geborstelde fleece aan de binnenkant voor meer draagcomfort, set-in mouwen, brede ribgebreide boorden.<br/>- Afgewerkt met ton-sur-ton knopen. Halve maan in de nek.<br/>- Duurzame 280-grams polosweater, vervaardigd uit 70% voorgekrompen katoen en 30% gerecycled polyester. <br/>- Neutraal, enkel maatlabel aanwezig, dus uitermate geschikt voor rebranding. <br/>- Hangtag en polybags met barcode.<br/>- Geschikt voor werk- & casual vrijetijdskleding.<br/>- Beschikbaar van maat XS t/m 7XL.<br/><br/>Ook mogelijk in uw gewenste PMS-kleur aan dezelfde prijs, minimaal 300 stuks door de maten heen.",https://tghimages.nl/B2B_PLSW_BLACK_FRONT.JPG
B2B-PLSW,B2B Polosweater Finn,B2B-PLSWBL06,1,Back To Basics,,B2B-PLSWBL06,B2B Polosweater Finn,"6,10E+12",1,"25,9",3XL,black,Polosweater Finn black 3XL,Polosweater Finn black 3XL,"Deze polosweater is de ideale keuze voor modieuze werkkleding. Met een 3-knoops placket en ton-sur-ton knopen straalt hij verfijning uit, terwijl hij comfortabel en functioneel blijft. Perfect voor een professionele uitstraling, deze polosweater biedt stijl en gemak voor elke werkdag.<br/><br/>- Dubbel gestikte naden, gekleurde nektape ter versteviging en 60°C wasbaar.<br/>- Geborstelde fleece aan de binnenkant voor meer draagcomfort, set-in mouwen, brede ribgebreide boorden.<br/>- Afgewerkt met ton-sur-ton knopen. Halve maan in de nek.<br/>- Duurzame 280-grams polosweater, vervaardigd uit 70% voorgekrompen katoen en 30% gerecycled polyester. <br/>- Neutraal, enkel maatlabel aanwezig, dus uitermate geschikt voor rebranding. <br/>- Hangtag en polybags met barcode.<br/>- Geschikt voor werk- & casual vrijetijdskleding.<br/>- Beschikbaar van maat XS t/m 7XL.<br/><br/>Ook mogelijk in uw gewenste PMS-kleur aan dezelfde prijs, minimaal 300 stuks door de maten heen.",https://tghimages.nl/B2B_PLSW_BLACK_FRONT.JPG
B2B-PLSW,B2B Polosweater Finn,B2B-PLSWBL07,1,Back To Basics,,B2B-PLSWBL07,B2B Polosweater Finn,"6,10E+12",1,26,4XL,black,Polosweater Finn black 4XL,Polosweater Finn black 4XL,"Deze polosweater is de ideale keuze voor modieuze werkkleding. Met een 3-knoops placket en ton-sur-ton knopen straalt hij verfijning uit, terwijl hij comfortabel en functioneel blijft. Perfect voor een professionele uitstraling, deze polosweater biedt stijl en gemak voor elke werkdag.<br/><br/>- Dubbel gestikte naden, gekleurde nektape ter versteviging en 60°C wasbaar.<br/>- Geborstelde fleece aan de binnenkant voor meer draagcomfort, set-in mouwen, brede ribgebreide boorden.<br/>- Afgewerkt met ton-sur-ton knopen. Halve maan in de nek.<br/>- Duurzame 280-grams polosweater, vervaardigd uit 70% voorgekrompen katoen en 30% gerecycled polyester. <br/>- Neutraal, enkel maatlabel aanwezig, dus uitermate geschikt voor rebranding. <br/>- Hangtag en polybags met barcode.<br/>- Geschikt voor werk- & casual vrijetijdskleding.<br/>- Beschikbaar van maat XS t/m 7XL.<br/><br/>Ook mogelijk in uw gewenste PMS-kleur aan dezelfde prijs, minimaal 300 stuks door de maten heen.",https://tghimages.nl/B2B_PLSW_BLACK_FRONT.JPG
B2B-PLSW,B2B Polosweater Finn,B2B-PLSWBL08,1,Back To Basics,,B2B-PLSWBL08,B2B Polosweater Finn,"6,10E+12",1,"26,1",5XL,black,Polosweater Finn black 5XL,Polosweater Finn black 5XL,"Deze polosweater is de ideale keuze voor modieuze werkkleding. Met een 3-knoops placket en ton-sur-ton knopen straalt hij verfijning uit, terwijl hij comfortabel en functioneel blijft. Perfect voor een professionele uitstraling, deze polosweater biedt stijl en gemak voor elke werkdag.<br/><br/>- Dubbel gestikte naden, gekleurde nektape ter versteviging en 60°C wasbaar.<br/>- Geborstelde fleece aan de binnenkant voor meer draagcomfort, set-in mouwen, brede ribgebreide boorden.<br/>- Afgewerkt met ton-sur-ton knopen. Halve maan in de nek.<br/>- Duurzame 280-grams polosweater, vervaardigd uit 70% voorgekrompen katoen en 30% gerecycled polyester. <br/>- Neutraal, enkel maatlabel aanwezig, dus uitermate geschikt voor rebranding. <br/>- Hangtag en polybags met barcode.<br/>- Geschikt voor werk- & casual vrijetijdskleding.<br/>- Beschikbaar van maat XS t/m 7XL.<br/><br/>Ook mogelijk in uw gewenste PMS-kleur aan dezelfde prijs, minimaal 300 stuks door de maten heen.",https://tghimages.nl/B2B_PLSW_BLACK_FRONT.JPG
B2B-PLSW,B2B Polosweater Finn,B2B-PLSWBL09,1,Back To Basics,,B2B-PLSWBL09,B2B Polosweater Finn,"6,10E+12",1,"26,2",6XL,black,Polosweater Finn black 6XL,Polosweater Finn black 6XL,"Deze polosweater is de ideale keuze voor modieuze werkkleding. Met een 3-knoops placket en ton-sur-ton knopen straalt hij verfijning uit, terwijl hij comfortabel en functioneel blijft. Perfect voor een professionele uitstraling, deze polosweater biedt stijl en gemak voor elke werkdag.<br/><br/>- Dubbel gestikte naden, gekleurde nektape ter versteviging en 60°C wasbaar.<br/>- Geborstelde fleece aan de binnenkant voor meer draagcomfort, set-in mouwen, brede ribgebreide boorden.<br/>- Afgewerkt met ton-sur-ton knopen. Halve maan in de nek.<br/>- Duurzame 280-grams polosweater, vervaardigd uit 70% voorgekrompen katoen en 30% gerecycled polyester. <br/>- Neutraal, enkel maatlabel aanwezig, dus uitermate geschikt voor rebranding. <br/>- Hangtag en polybags met barcode.<br/>- Geschikt voor werk- & casual vrijetijdskleding.<br/>- Beschikbaar van maat XS t/m 7XL.<br/><br/>Ook mogelijk in uw gewenste PMS-kleur aan dezelfde prijs, minimaal 300 stuks door de maten heen.",https://tghimages.nl/B2B_PLSW_BLACK_FRONT.JPG
B2B-PLSW,B2B Polosweater Finn,B2B-PLSWBL10,1,Back To Basics,,B2B-PLSWBL10,B2B Polosweater Finn,"6,10E+12",1,"26,3",7XL,black,Polosweater Finn black 7XL,Polosweater Finn black 7XL,"Deze polosweater is de ideale keuze voor modieuze werkkleding. Met een 3-knoops placket en ton-sur-ton knopen straalt hij verfijning uit, terwijl hij comfortabel en functioneel blijft. Perfect voor een professionele uitstraling, deze polosweater biedt stijl en gemak voor elke werkdag.<br/><br/>- Dubbel gestikte naden, gekleurde nektape ter versteviging en 60°C wasbaar.<br/>- Geborstelde fleece aan de binnenkant voor meer draagcomfort, set-in mouwen, brede ribgebreide boorden.<br/>- Afgewerkt met ton-sur-ton knopen. Halve maan in de nek.<br/>- Duurzame 280-grams polosweater, vervaardigd uit 70% voorgekrompen katoen en 30% gerecycled polyester. <br/>- Neutraal, enkel maatlabel aanwezig, dus uitermate geschikt voor rebranding. <br/>- Hangtag en polybags met barcode.<br/>- Geschikt voor werk- & casual vrijetijdskleding.<br/>- Beschikbaar van maat XS t/m 7XL.<br/><br/>Ook mogelijk in uw gewenste PMS-kleur aan dezelfde prijs, minimaal 300 stuks door de maten heen.",https://tghimages.nl/B2B_PLSW_BLACK_FRONT.JPG
B2B-PLSW,B2B Polosweater Finn,B2B-PLSWGR00,1,Back To Basics,,B2B-PLSWGR00,B2B Polosweater Finn,"6,10E+12",1,"26,4",XS,grey,Polosweater Finn grey XS,Polosweater Finn grey XS,"Deze polosweater is de ideale keuze voor modieuze werkkleding. Met een 3-knoops placket en ton-sur-ton knopen straalt hij verfijning uit, terwijl hij comfortabel en functioneel blijft. Perfect voor een professionele uitstraling, deze polosweater biedt stijl en gemak voor elke werkdag.<br/><br/>- Dubbel gestikte naden, gekleurde nektape ter versteviging en 60°C wasbaar.<br/>- Geborstelde fleece aan de binnenkant voor meer draagcomfort, set-in mouwen, brede ribgebreide boorden.<br/>- Afgewerkt met ton-sur-ton knopen. Halve maan in de nek.<br/>- Duurzame 280-grams polosweater, vervaardigd uit 70% voorgekrompen katoen en 30% gerecycled polyester. <br/>- Neutraal, enkel maatlabel aanwezig, dus uitermate geschikt voor rebranding. <br/>- Hangtag en polybags met barcode.<br/>- Geschikt voor werk- & casual vrijetijdskleding.<br/>- Beschikbaar van maat XS t/m 7XL.<br/><br/>Ook mogelijk in uw gewenste PMS-kleur aan dezelfde prijs, minimaal 300 stuks door de maten heen.",https://tghimages.nl/B2B_PLSW_GREY_FRONT.JPG
B2B-PLSW,B2B Polosweater Finn,B2B-PLSWGR01,1,Back To Basics,,B2B-PLSWGR01,B2B Polosweater Finn,"6,10E+12",1,"26,5",S,grey,Polosweater Finn grey S,Polosweater Finn grey S,"Deze polosweater is de ideale keuze voor modieuze werkkleding. Met een 3-knoops placket en ton-sur-ton knopen straalt hij verfijning uit, terwijl hij comfortabel en functioneel blijft. Perfect voor een professionele uitstraling, deze polosweater biedt stijl en gemak voor elke werkdag.<br/><br/>- Dubbel gestikte naden, gekleurde nektape ter versteviging en 60°C wasbaar.<br/>- Geborstelde fleece aan de binnenkant voor meer draagcomfort, set-in mouwen, brede ribgebreide boorden.<br/>- Afgewerkt met ton-sur-ton knopen. Halve maan in de nek.<br/>- Duurzame 280-grams polosweater, vervaardigd uit 70% voorgekrompen katoen en 30% gerecycled polyester. <br/>- Neutraal, enkel maatlabel aanwezig, dus uitermate geschikt voor rebranding. <br/>- Hangtag en polybags met barcode.<br/>- Geschikt voor werk- & casual vrijetijdskleding.<br/>- Beschikbaar van maat XS t/m 7XL.<br/><br/>Ook mogelijk in uw gewenste PMS-kleur aan dezelfde prijs, minimaal 300 stuks door de maten heen.",https://tghimages.nl/B2B_PLSW_GREY_FRONT.JPG
B2B-PLSW,B2B Polosweater Finn,B2B-PLSWGR02,1,Back To Basics,,B2B-PLSWGR02,B2B Polosweater Finn,"6,10E+12",1,"26,6",M,grey,Polosweater Finn grey M,Polosweater Finn grey M,"Deze polosweater is de ideale keuze voor modieuze werkkleding. Met een 3-knoops placket en ton-sur-ton knopen straalt hij verfijning uit, terwijl hij comfortabel en functioneel blijft. Perfect voor een professionele uitstraling, deze polosweater biedt stijl en gemak voor elke werkdag.<br/><br/>- Dubbel gestikte naden, gekleurde nektape ter versteviging en 60°C wasbaar.<br/>- Geborstelde fleece aan de binnenkant voor meer draagcomfort, set-in mouwen, brede ribgebreide boorden.<br/>- Afgewerkt met ton-sur-ton knopen. Halve maan in de nek.<br/>- Duurzame 280-grams polosweater, vervaardigd uit 70% voorgekrompen katoen en 30% gerecycled polyester. <br/>- Neutraal, enkel maatlabel aanwezig, dus uitermate geschikt voor rebranding. <br/>- Hangtag en polybags met barcode.<br/>- Geschikt voor werk- & casual vrijetijdskleding.<br/>- Beschikbaar van maat XS t/m 7XL.<br/><br/>Ook mogelijk in uw gewenste PMS-kleur aan dezelfde prijs, minimaal 300 stuks door de maten heen.",https://tghimages.nl/B2B_PLSW_GREY_FRONT.JPG
B2B-PLSW,B2B Polosweater Finn,B2B-PLSWGR03,1,Back To Basics,,B2B-PLSWGR03,B2B Polosweater Finn,"6,10E+12",1,"26,7",L,grey,Polosweater Finn grey L,Polosweater Finn grey L,"Deze polosweater is de ideale keuze voor modieuze werkkleding. Met een 3-knoops placket en ton-sur-ton knopen straalt hij verfijning uit, terwijl hij comfortabel en functioneel blijft. Perfect voor een professionele uitstraling, deze polosweater biedt stijl en gemak voor elke werkdag.<br/><br/>- Dubbel gestikte naden, gekleurde nektape ter versteviging en 60°C wasbaar.<br/>- Geborstelde fleece aan de binnenkant voor meer draagcomfort, set-in mouwen, brede ribgebreide boorden.<br/>- Afgewerkt met ton-sur-ton knopen. Halve maan in de nek.<br/>- Duurzame 280-grams polosweater, vervaardigd uit 70% voorgekrompen katoen en 30% gerecycled polyester. <br/>- Neutraal, enkel maatlabel aanwezig, dus uitermate geschikt voor rebranding. <br/>- Hangtag en polybags met barcode.<br/>- Geschikt voor werk- & casual vrijetijdskleding.<br/>- Beschikbaar van maat XS t/m 7XL.<br/><br/>Ook mogelijk in uw gewenste PMS-kleur aan dezelfde prijs, minimaal 300 stuks door de maten heen.",https://tghimages.nl/B2B_PLSW_GREY_FRONT.JPG
B2B-PLSW,B2B Polosweater Finn,B2B-PLSWGR04,1,Back To Basics,,B2B-PLSWGR04,B2B Polosweater Finn,"6,10E+12",1,"26,8",XL,grey,Polosweater Finn grey XL,Polosweater Finn grey XL,"Deze polosweater is de ideale keuze voor modieuze werkkleding. Met een 3-knoops placket en ton-sur-ton knopen straalt hij verfijning uit, terwijl hij comfortabel en functioneel blijft. Perfect voor een professionele uitstraling, deze polosweater biedt stijl en gemak voor elke werkdag.<br/><br/>- Dubbel gestikte naden, gekleurde nektape ter versteviging en 60°C wasbaar.<br/>- Geborstelde fleece aan de binnenkant voor meer draagcomfort, set-in mouwen, brede ribgebreide boorden.<br/>- Afgewerkt met ton-sur-ton knopen. Halve maan in de nek.<br/>- Duurzame 280-grams polosweater, vervaardigd uit 70% voorgekrompen katoen en 30% gerecycled polyester. <br/>- Neutraal, enkel maatlabel aanwezig, dus uitermate geschikt voor rebranding. <br/>- Hangtag en polybags met barcode.<br/>- Geschikt voor werk- & casual vrijetijdskleding.<br/>- Beschikbaar van maat XS t/m 7XL.<br/><br/>Ook mogelijk in uw gewenste PMS-kleur aan dezelfde prijs, minimaal 300 stuks door de maten heen.",https://tghimages.nl/B2B_PLSW_GREY_FRONT.JPG
B2B-PLSW,B2B Polosweater Finn,B2B-PLSWGR05,1,Back To Basics,,B2B-PLSWGR05,B2B Polosweater Finn,"6,10E+12",1,"26,9",XXL,grey,Polosweater Finn grey XXL,Polosweater Finn grey XXL,"Deze polosweater is de ideale keuze voor modieuze werkkleding. Met een 3-knoops placket en ton-sur-ton knopen straalt hij verfijning uit, terwijl hij comfortabel en functioneel blijft. Perfect voor een professionele uitstraling, deze polosweater biedt stijl en gemak voor elke werkdag.<br/><br/>- Dubbel gestikte naden, gekleurde nektape ter versteviging en 60°C wasbaar.<br/>- Geborstelde fleece aan de binnenkant voor meer draagcomfort, set-in mouwen, brede ribgebreide boorden.<br/>- Afgewerkt met ton-sur-ton knopen. Halve maan in de nek.<br/>- Duurzame 280-grams polosweater, vervaardigd uit 70% voorgekrompen katoen en 30% gerecycled polyester. <br/>- Neutraal, enkel maatlabel aanwezig, dus uitermate geschikt voor rebranding. <br/>- Hangtag en polybags met barcode.<br/>- Geschikt voor werk- & casual vrijetijdskleding.<br/>- Beschikbaar van maat XS t/m 7XL.<br/><br/>Ook mogelijk in uw gewenste PMS-kleur aan dezelfde prijs, minimaal 300 stuks door de maten heen.",https://tghimages.nl/B2B_PLSW_GREY_FRONT.JPG
B2B-PLSW,B2B Polosweater Finn,B2B-PLSWGR06,1,Back To Basics,,B2B-PLSWGR06,B2B Polosweater Finn,"6,10E+12",1,27,3XL,grey,Polosweater Finn grey 3XL,Polosweater Finn grey 3XL,"Deze polosweater is de ideale keuze voor modieuze werkkleding. Met een 3-knoops placket en ton-sur-ton knopen straalt hij verfijning uit, terwijl hij comfortabel en functioneel blijft. Perfect voor een professionele uitstraling, deze polosweater biedt stijl en gemak voor elke werkdag.<br/><br/>- Dubbel gestikte naden, gekleurde nektape ter versteviging en 60°C wasbaar.<br/>- Geborstelde fleece aan de binnenkant voor meer draagcomfort, set-in mouwen, brede ribgebreide boorden.<br/>- Afgewerkt met ton-sur-ton knopen. Halve maan in de nek.<br/>- Duurzame 280-grams polosweater, vervaardigd uit 70% voorgekrompen katoen en 30% gerecycled polyester. <br/>- Neutraal, enkel maatlabel aanwezig, dus uitermate geschikt voor rebranding. <br/>- Hangtag en polybags met barcode.<br/>- Geschikt voor werk- & casual vrijetijdskleding.<br/>- Beschikbaar van maat XS t/m 7XL.<br/><br/>Ook mogelijk in uw gewenste PMS-kleur aan dezelfde prijs, minimaal 300 stuks door de maten heen.",https://tghimages.nl/B2B_PLSW_GREY_FRONT.JPG
B2B-PLSW,B2B Polosweater Finn,B2B-PLSWGR07,1,Back To Basics,,B2B-PLSWGR07,B2B Polosweater Finn,"6,10E+12",1,"27,1",4XL,grey,Polosweater Finn grey 4XL,Polosweater Finn grey 4XL,"Deze polosweater is de ideale keuze voor modieuze werkkleding. Met een 3-knoops placket en ton-sur-ton knopen straalt hij verfijning uit, terwijl hij comfortabel en functioneel blijft. Perfect voor een professionele uitstraling, deze polosweater biedt stijl en gemak voor elke werkdag.<br/><br/>- Dubbel gestikte naden, gekleurde nektape ter versteviging en 60°C wasbaar.<br/>- Geborstelde fleece aan de binnenkant voor meer draagcomfort, set-in mouwen, brede ribgebreide boorden.<br/>- Afgewerkt met ton-sur-ton knopen. Halve maan in de nek.<br/>- Duurzame 280-grams polosweater, vervaardigd uit 70% voorgekrompen katoen en 30% gerecycled polyester. <br/>- Neutraal, enkel maatlabel aanwezig, dus uitermate geschikt voor rebranding. <br/>- Hangtag en polybags met barcode.<br/>- Geschikt voor werk- & casual vrijetijdskleding.<br/>- Beschikbaar van maat XS t/m 7XL.<br/><br/>Ook mogelijk in uw gewenste PMS-kleur aan dezelfde prijs, minimaal 300 stuks door de maten heen.",https://tghimages.nl/B2B_PLSW_GREY_FRONT.JPG
B2B-PLSW,B2B Polosweater Finn,B2B-PLSWNA00,1,Back To Basics,,B2B-PLSWNA00,B2B Polosweater Finn,"6,10E+12",1,"27,2",XS,navy,Polosweater Finn navy XS,Polosweater Finn navy XS,"Deze polosweater is de ideale keuze voor modieuze werkkleding. Met een 3-knoops placket en ton-sur-ton knopen straalt hij verfijning uit, terwijl hij comfortabel en functioneel blijft. Perfect voor een professionele uitstraling, deze polosweater biedt stijl en gemak voor elke werkdag.<br/><br/>- Dubbel gestikte naden, gekleurde nektape ter versteviging en 60°C wasbaar.<br/>- Geborstelde fleece aan de binnenkant voor meer draagcomfort, set-in mouwen, brede ribgebreide boorden.<br/>- Afgewerkt met ton-sur-ton knopen. Halve maan in de nek.<br/>- Duurzame 280-grams polosweater, vervaardigd uit 70% voorgekrompen katoen en 30% gerecycled polyester. <br/>- Neutraal, enkel maatlabel aanwezig, dus uitermate geschikt voor rebranding. <br/>- Hangtag en polybags met barcode.<br/>- Geschikt voor werk- & casual vrijetijdskleding.<br/>- Beschikbaar van maat XS t/m 7XL.<br/><br/>Ook mogelijk in uw gewenste PMS-kleur aan dezelfde prijs, minimaal 300 stuks door de maten heen.",https://tghimages.nl/B2B_PLSW_NAVY_FRONT.JPG
B2B-PLSW,B2B Polosweater Finn,B2B-PLSWNA01,1,Back To Basics,,B2B-PLSWNA01,B2B Polosweater Finn,"6,10E+12",1,"27,3",S,navy,Polosweater Finn navy S,Polosweater Finn navy S,"Deze polosweater is de ideale keuze voor modieuze werkkleding. Met een 3-knoops placket en ton-sur-ton knopen straalt hij verfijning uit, terwijl hij comfortabel en functioneel blijft. Perfect voor een professionele uitstraling, deze polosweater biedt stijl en gemak voor elke werkdag.<br/><br/>- Dubbel gestikte naden, gekleurde nektape ter versteviging en 60°C wasbaar.<br/>- Geborstelde fleece aan de binnenkant voor meer draagcomfort, set-in mouwen, brede ribgebreide boorden.<br/>- Afgewerkt met ton-sur-ton knopen. Halve maan in de nek.<br/>- Duurzame 280-grams polosweater, vervaardigd uit 70% voorgekrompen katoen en 30% gerecycled polyester. <br/>- Neutraal, enkel maatlabel aanwezig, dus uitermate geschikt voor rebranding. <br/>- Hangtag en polybags met barcode.<br/>- Geschikt voor werk- & casual vrijetijdskleding.<br/>- Beschikbaar van maat XS t/m 7XL.<br/><br/>Ook mogelijk in uw gewenste PMS-kleur aan dezelfde prijs, minimaal 300 stuks door de maten heen.",https://tghimages.nl/B2B_PLSW_NAVY_FRONT.JPG
B2B-PLSW,B2B Polosweater Finn,B2B-PLSWNA02,1,Back To Basics,,B2B-PLSWNA02,B2B Polosweater Finn,"6,10E+12",1,"27,4",M,navy,Polosweater Finn navy M,Polosweater Finn navy M,"Deze polosweater is de ideale keuze voor modieuze werkkleding. Met een 3-knoops placket en ton-sur-ton knopen straalt hij verfijning uit, terwijl hij comfortabel en functioneel blijft. Perfect voor een professionele uitstraling, deze polosweater biedt stijl en gemak voor elke werkdag.<br/><br/>- Dubbel gestikte naden, gekleurde nektape ter versteviging en 60°C wasbaar.<br/>- Geborstelde fleece aan de binnenkant voor meer draagcomfort, set-in mouwen, brede ribgebreide boorden.<br/>- Afgewerkt met ton-sur-ton knopen. Halve maan in de nek.<br/>- Duurzame 280-grams polosweater, vervaardigd uit 70% voorgekrompen katoen en 30% gerecycled polyester. <br/>- Neutraal, enkel maatlabel aanwezig, dus uitermate geschikt voor rebranding. <br/>- Hangtag en polybags met barcode.<br/>- Geschikt voor werk- & casual vrijetijdskleding.<br/>- Beschikbaar van maat XS t/m 7XL.<br/><br/>Ook mogelijk in uw gewenste PMS-kleur aan dezelfde prijs, minimaal 300 stuks door de maten heen.",https://tghimages.nl/B2B_PLSW_NAVY_FRONT.JPG
B2B-PLSW,B2B Polosweater Finn,B2B-PLSWNA03,1,Back To Basics,,B2B-PLSWNA03,B2B Polosweater Finn,"6,10E+12",1,"27,5",L,navy,Polosweater Finn navy L,Polosweater Finn navy L,"Deze polosweater is de ideale keuze voor modieuze werkkleding. Met een 3-knoops placket en ton-sur-ton knopen straalt hij verfijning uit, terwijl hij comfortabel en functioneel blijft. Perfect voor een professionele uitstraling, deze polosweater biedt stijl en gemak voor elke werkdag.<br/><br/>- Dubbel gestikte naden, gekleurde nektape ter versteviging en 60°C wasbaar.<br/>- Geborstelde fleece aan de binnenkant voor meer draagcomfort, set-in mouwen, brede ribgebreide boorden.<br/>- Afgewerkt met ton-sur-ton knopen. Halve maan in de nek.<br/>- Duurzame 280-grams polosweater, vervaardigd uit 70% voorgekrompen katoen en 30% gerecycled polyester. <br/>- Neutraal, enkel maatlabel aanwezig, dus uitermate geschikt voor rebranding. <br/>- Hangtag en polybags met barcode.<br/>- Geschikt voor werk- & casual vrijetijdskleding.<br/>- Beschikbaar van maat XS t/m 7XL.<br/><br/>Ook mogelijk in uw gewenste PMS-kleur aan dezelfde prijs, minimaal 300 stuks door de maten heen.",https://tghimages.nl/B2B_PLSW_NAVY_FRONT.JPG
B2B-PLSW,B2B Polosweater Finn,B2B-PLSWNA04,1,Back To Basics,,B2B-PLSWNA04,B2B Polosweater Finn,"6,10E+12",1,"27,6",XL,navy,Polosweater Finn navy XL,Polosweater Finn navy XL,"Deze polosweater is de ideale keuze voor modieuze werkkleding. Met een 3-knoops placket en ton-sur-ton knopen straalt hij verfijning uit, terwijl hij comfortabel en functioneel blijft. Perfect voor een professionele uitstraling, deze polosweater biedt stijl en gemak voor elke werkdag.<br/><br/>- Dubbel gestikte naden, gekleurde nektape ter versteviging en 60°C wasbaar.<br/>- Geborstelde fleece aan de binnenkant voor meer draagcomfort, set-in mouwen, brede ribgebreide boorden.<br/>- Afgewerkt met ton-sur-ton knopen. Halve maan in de nek.<br/>- Duurzame 280-grams polosweater, vervaardigd uit 70% voorgekrompen katoen en 30% gerecycled polyester. <br/>- Neutraal, enkel maatlabel aanwezig, dus uitermate geschikt voor rebranding. <br/>- Hangtag en polybags met barcode.<br/>- Geschikt voor werk- & casual vrijetijdskleding.<br/>- Beschikbaar van maat XS t/m 7XL.<br/><br/>Ook mogelijk in uw gewenste PMS-kleur aan dezelfde prijs, minimaal 300 stuks door de maten heen.",https://tghimages.nl/B2B_PLSW_NAVY_FRONT.JPG
B2B-PLSW,B2B Polosweater Finn,B2B-PLSWNA05,1,Back To Basics,,B2B-PLSWNA05,B2B Polosweater Finn,"6,10E+12",1,"27,7",XXL,navy,Polosweater Finn navy XXL,Polosweater Finn navy XXL,"Deze polosweater is de ideale keuze voor modieuze werkkleding. Met een 3-knoops placket en ton-sur-ton knopen straalt hij verfijning uit, terwijl hij comfortabel en functioneel blijft. Perfect voor een professionele uitstraling, deze polosweater biedt stijl en gemak voor elke werkdag.<br/><br/>- Dubbel gestikte naden, gekleurde nektape ter versteviging en 60°C wasbaar.<br/>- Geborstelde fleece aan de binnenkant voor meer draagcomfort, set-in mouwen, brede ribgebreide boorden.<br/>- Afgewerkt met ton-sur-ton knopen. Halve maan in de nek.<br/>- Duurzame 280-grams polosweater, vervaardigd uit 70% voorgekrompen katoen en 30% gerecycled polyester. <br/>- Neutraal, enkel maatlabel aanwezig, dus uitermate geschikt voor rebranding. <br/>- Hangtag en polybags met barcode.<br/>- Geschikt voor werk- & casual vrijetijdskleding.<br/>- Beschikbaar van maat XS t/m 7XL.<br/><br/>Ook mogelijk in uw gewenste PMS-kleur aan dezelfde prijs, minimaal 300 stuks door de maten heen.",https://tghimages.nl/B2B_PLSW_NAVY_FRONT.JPG
B2B-PLSW,B2B Polosweater Finn,B2B-PLSWNA06,1,Back To Basics,,B2B-PLSWNA06,B2B Polosweater Finn,"6,10E+12",1,"27,8",3XL,navy,Polosweater Finn navy 3XL,Polosweater Finn navy 3XL,"Deze polosweater is de ideale keuze voor modieuze werkkleding. Met een 3-knoops placket en ton-sur-ton knopen straalt hij verfijning uit, terwijl hij comfortabel en functioneel blijft. Perfect voor een professionele uitstraling, deze polosweater biedt stijl en gemak voor elke werkdag.<br/><br/>- Dubbel gestikte naden, gekleurde nektape ter versteviging en 60°C wasbaar.<br/>- Geborstelde fleece aan de binnenkant voor meer draagcomfort, set-in mouwen, brede ribgebreide boorden.<br/>- Afgewerkt met ton-sur-ton knopen. Halve maan in de nek.<br/>- Duurzame 280-grams polosweater, vervaardigd uit 70% voorgekrompen katoen en 30% gerecycled polyester. <br/>- Neutraal, enkel maatlabel aanwezig, dus uitermate geschikt voor rebranding. <br/>- Hangtag en polybags met barcode.<br/>- Geschikt voor werk- & casual vrijetijdskleding.<br/>- Beschikbaar van maat XS t/m 7XL.<br/><br/>Ook mogelijk in uw gewenste PMS-kleur aan dezelfde prijs, minimaal 300 stuks door de maten heen.",https://tghimages.nl/B2B_PLSW_NAVY_FRONT.JPG
B2B-PLSW,B2B Polosweater Finn,B2B-PLSWNA07,1,Back To Basics,,B2B-PLSWNA07,B2B Polosweater Finn,"6,10E+12",1,"27,9",4XL,navy,Polosweater Finn navy 4XL,Polosweater Finn navy 4XL,"Deze polosweater is de ideale keuze voor modieuze werkkleding. Met een 3-knoops placket en ton-sur-ton knopen straalt hij verfijning uit, terwijl hij comfortabel en functioneel blijft. Perfect voor een professionele uitstraling, deze polosweater biedt stijl en gemak voor elke werkdag.<br/><br/>- Dubbel gestikte naden, gekleurde nektape ter versteviging en 60°C wasbaar.<br/>- Geborstelde fleece aan de binnenkant voor meer draagcomfort, set-in mouwen, brede ribgebreide boorden.<br/>- Afgewerkt met ton-sur-ton knopen. Halve maan in de nek.<br/>- Duurzame 280-grams polosweater, vervaardigd uit 70% voorgekrompen katoen en 30% gerecycled polyester. <br/>- Neutraal, enkel maatlabel aanwezig, dus uitermate geschikt voor rebranding. <br/>- Hangtag en polybags met barcode.<br/>- Geschikt voor werk- & casual vrijetijdskleding.<br/>- Beschikbaar van maat XS t/m 7XL.<br/><br/>Ook mogelijk in uw gewenste PMS-kleur aan dezelfde prijs, minimaal 300 stuks door de maten heen.",https://tghimages.nl/B2B_PLSW_NAVY_FRONT.JPG
B2B-PLSW,B2B Polosweater Finn,B2B-PLSWNA08,1,Back To Basics,,B2B-PLSWNA08,B2B Polosweater Finn,"6,10E+12",1,28,5XL,navy,Polosweater Finn navy 5XL,Polosweater Finn navy 5XL,"Deze polosweater is de ideale keuze voor modieuze werkkleding. Met een 3-knoops placket en ton-sur-ton knopen straalt hij verfijning uit, terwijl hij comfortabel en functioneel blijft. Perfect voor een professionele uitstraling, deze polosweater biedt stijl en gemak voor elke werkdag.<br/><br/>- Dubbel gestikte naden, gekleurde nektape ter versteviging en 60°C wasbaar.<br/>- Geborstelde fleece aan de binnenkant voor meer draagcomfort, set-in mouwen, brede ribgebreide boorden.<br/>- Afgewerkt met ton-sur-ton knopen. Halve maan in de nek.<br/>- Duurzame 280-grams polosweater, vervaardigd uit 70% voorgekrompen katoen en 30% gerecycled polyester. <br/>- Neutraal, enkel maatlabel aanwezig, dus uitermate geschikt voor rebranding. <br/>- Hangtag en polybags met barcode.<br/>- Geschikt voor werk- & casual vrijetijdskleding.<br/>- Beschikbaar van maat XS t/m 7XL.<br/><br/>Ook mogelijk in uw gewenste PMS-kleur aan dezelfde prijs, minimaal 300 stuks door de maten heen.",https://tghimages.nl/B2B_PLSW_NAVY_FRONT.JPG
B2B-PLSW,B2B Polosweater Finn,B2B-PLSWNA09,1,Back To Basics,,B2B-PLSWNA09,B2B Polosweater Finn,"6,10E+12",1,"28,1",6XL,navy,Polosweater Finn navy 6XL,Polosweater Finn navy 6XL,"Deze polosweater is de ideale keuze voor modieuze werkkleding. Met een 3-knoops placket en ton-sur-ton knopen straalt hij verfijning uit, terwijl hij comfortabel en functioneel blijft. Perfect voor een professionele uitstraling, deze polosweater biedt stijl en gemak voor elke werkdag.<br/><br/>- Dubbel gestikte naden, gekleurde nektape ter versteviging en 60°C wasbaar.<br/>- Geborstelde fleece aan de binnenkant voor meer draagcomfort, set-in mouwen, brede ribgebreide boorden.<br/>- Afgewerkt met ton-sur-ton knopen. Halve maan in de nek.<br/>- Duurzame 280-grams polosweater, vervaardigd uit 70% voorgekrompen katoen en 30% gerecycled polyester. <br/>- Neutraal, enkel maatlabel aanwezig, dus uitermate geschikt voor rebranding. <br/>- Hangtag en polybags met barcode.<br/>- Geschikt voor werk- & casual vrijetijdskleding.<br/>- Beschikbaar van maat XS t/m 7XL.<br/><br/>Ook mogelijk in uw gewenste PMS-kleur aan dezelfde prijs, minimaal 300 stuks door de maten heen.",https://tghimages.nl/B2B_PLSW_NAVY_FRONT.JPG
B2B-PLSW,B2B Polosweater Finn,B2B-PLSWNA10,1,Back To Basics,,B2B-PLSWNA10,B2B Polosweater Finn,"6,10E+12",1,"28,2",7XL,navy,Polosweater Finn navy 7XL,Polosweater Finn navy 7XL,"Deze polosweater is de ideale keuze voor modieuze werkkleding. Met een 3-knoops placket en ton-sur-ton knopen straalt hij verfijning uit, terwijl hij comfortabel en functioneel blijft. Perfect voor een professionele uitstraling, deze polosweater biedt stijl en gemak voor elke werkdag.<br/><br/>- Dubbel gestikte naden, gekleurde nektape ter versteviging en 60°C wasbaar.<br/>- Geborstelde fleece aan de binnenkant voor meer draagcomfort, set-in mouwen, brede ribgebreide boorden.<br/>- Afgewerkt met ton-sur-ton knopen. Halve maan in de nek.<br/>- Duurzame 280-grams polosweater, vervaardigd uit 70% voorgekrompen katoen en 30% gerecycled polyester. <br/>- Neutraal, enkel maatlabel aanwezig, dus uitermate geschikt voor rebranding. <br/>- Hangtag en polybags met barcode.<br/>- Geschikt voor werk- & casual vrijetijdskleding.<br/>- Beschikbaar van maat XS t/m 7XL.<br/><br/>Ook mogelijk in uw gewenste PMS-kleur aan dezelfde prijs, minimaal 300 stuks door de maten heen.",https://tghimages.nl/B2B_PLSW_NAVY_FRONT.JPG
B2B-PLSW,B2B Polosweater Finn,B2B-PLSWRB00,1,Back To Basics,,B2B-PLSWRB00,B2B Polosweater Finn,"6,10E+12",1,"28,3",XS,royal blue,Polosweater Finn royal blue XS,Polosweater Finn royal blue XS,"Deze polosweater is de ideale keuze voor modieuze werkkleding. Met een 3-knoops placket en ton-sur-ton knopen straalt hij verfijning uit, terwijl hij comfortabel en functioneel blijft. Perfect voor een professionele uitstraling, deze polosweater biedt stijl en gemak voor elke werkdag.<br/><br/>- Dubbel gestikte naden, gekleurde nektape ter versteviging en 60°C wasbaar.<br/>- Geborstelde fleece aan de binnenkant voor meer draagcomfort, set-in mouwen, brede ribgebreide boorden.<br/>- Afgewerkt met ton-sur-ton knopen. Halve maan in de nek.<br/>- Duurzame 280-grams polosweater, vervaardigd uit 70% voorgekrompen katoen en 30% gerecycled polyester. <br/>- Neutraal, enkel maatlabel aanwezig, dus uitermate geschikt voor rebranding. <br/>- Hangtag en polybags met barcode.<br/>- Geschikt voor werk- & casual vrijetijdskleding.<br/>- Beschikbaar van maat XS t/m 7XL.<br/><br/>Ook mogelijk in uw gewenste PMS-kleur aan dezelfde prijs, minimaal 300 stuks door de maten heen.",https://tghimages.nl/B2B_PLSW_ROYAL_BLUE_FRONT.JPG
B2B-PLSW,B2B Polosweater Finn,B2B-PLSWRB01,1,Back To Basics,,B2B-PLSWRB01,B2B Polosweater Finn,"6,10E+12",1,"28,4",S,royal blue,Polosweater Finn royal blue S,Polosweater Finn royal blue S,"Deze polosweater is de ideale keuze voor modieuze werkkleding. Met een 3-knoops placket en ton-sur-ton knopen straalt hij verfijning uit, terwijl hij comfortabel en functioneel blijft. Perfect voor een professionele uitstraling, deze polosweater biedt stijl en gemak voor elke werkdag.<br/><br/>- Dubbel gestikte naden, gekleurde nektape ter versteviging en 60°C wasbaar.<br/>- Geborstelde fleece aan de binnenkant voor meer draagcomfort, set-in mouwen, brede ribgebreide boorden.<br/>- Afgewerkt met ton-sur-ton knopen. Halve maan in de nek.<br/>- Duurzame 280-grams polosweater, vervaardigd uit 70% voorgekrompen katoen en 30% gerecycled polyester. <br/>- Neutraal, enkel maatlabel aanwezig, dus uitermate geschikt voor rebranding. <br/>- Hangtag en polybags met barcode.<br/>- Geschikt voor werk- & casual vrijetijdskleding.<br/>- Beschikbaar van maat XS t/m 7XL.<br/><br/>Ook mogelijk in uw gewenste PMS-kleur aan dezelfde prijs, minimaal 300 stuks door de maten heen.",https://tghimages.nl/B2B_PLSW_ROYAL_BLUE_FRONT.JPG
B2B-PLSW,B2B Polosweater Finn,B2B-PLSWRB02,1,Back To Basics,,B2B-PLSWRB02,B2B Polosweater Finn,"6,10E+12",1,"28,5",M,royal blue,Polosweater Finn royal blue M,Polosweater Finn royal blue M,"Deze polosweater is de ideale keuze voor modieuze werkkleding. Met een 3-knoops placket en ton-sur-ton knopen straalt hij verfijning uit, terwijl hij comfortabel en functioneel blijft. Perfect voor een professionele uitstraling, deze polosweater biedt stijl en gemak voor elke werkdag.<br/><br/>- Dubbel gestikte naden, gekleurde nektape ter versteviging en 60°C wasbaar.<br/>- Geborstelde fleece aan de binnenkant voor meer draagcomfort, set-in mouwen, brede ribgebreide boorden.<br/>- Afgewerkt met ton-sur-ton knopen. Halve maan in de nek.<br/>- Duurzame 280-grams polosweater, vervaardigd uit 70% voorgekrompen katoen en 30% gerecycled polyester. <br/>- Neutraal, enkel maatlabel aanwezig, dus uitermate geschikt voor rebranding. <br/>- Hangtag en polybags met barcode.<br/>- Geschikt voor werk- & casual vrijetijdskleding.<br/>- Beschikbaar van maat XS t/m 7XL.<br/><br/>Ook mogelijk in uw gewenste PMS-kleur aan dezelfde prijs, minimaal 300 stuks door de maten heen.",https://tghimages.nl/B2B_PLSW_ROYAL_BLUE_FRONT.JPG
B2B-PLSW,B2B Polosweater Finn,B2B-PLSWRB03,1,Back To Basics,,B2B-PLSWRB03,B2B Polosweater Finn,"6,10E+12",1,"28,6",L,royal blue,Polosweater Finn royal blue L,Polosweater Finn royal blue L,"Deze polosweater is de ideale keuze voor modieuze werkkleding. Met een 3-knoops placket en ton-sur-ton knopen straalt hij verfijning uit, terwijl hij comfortabel en functioneel blijft. Perfect voor een professionele uitstraling, deze polosweater biedt stijl en gemak voor elke werkdag.<br/><br/>- Dubbel gestikte naden, gekleurde nektape ter versteviging en 60°C wasbaar.<br/>- Geborstelde fleece aan de binnenkant voor meer draagcomfort, set-in mouwen, brede ribgebreide boorden.<br/>- Afgewerkt met ton-sur-ton knopen. Halve maan in de nek.<br/>- Duurzame 280-grams polosweater, vervaardigd uit 70% voorgekrompen katoen en 30% gerecycled polyester. <br/>- Neutraal, enkel maatlabel aanwezig, dus uitermate geschikt voor rebranding. <br/>- Hangtag en polybags met barcode.<br/>- Geschikt voor werk- & casual vrijetijdskleding.<br/>- Beschikbaar van maat XS t/m 7XL.<br/><br/>Ook mogelijk in uw gewenste PMS-kleur aan dezelfde prijs, minimaal 300 stuks door de maten heen.",https://tghimages.nl/B2B_PLSW_ROYAL_BLUE_FRONT.JPG
B2B-PLSW,B2B Polosweater Finn,B2B-PLSWRB04,1,Back To Basics,,B2B-PLSWRB04,B2B Polosweater Finn,"6,10E+12",1,"28,7",XL,royal blue,Polosweater Finn royal blue XL,Polosweater Finn royal blue XL,"Deze polosweater is de ideale keuze voor modieuze werkkleding. Met een 3-knoops placket en ton-sur-ton knopen straalt hij verfijning uit, terwijl hij comfortabel en functioneel blijft. Perfect voor een professionele uitstraling, deze polosweater biedt stijl en gemak voor elke werkdag.<br/><br/>- Dubbel gestikte naden, gekleurde nektape ter versteviging en 60°C wasbaar.<br/>- Geborstelde fleece aan de binnenkant voor meer draagcomfort, set-in mouwen, brede ribgebreide boorden.<br/>- Afgewerkt met ton-sur-ton knopen. Halve maan in de nek.<br/>- Duurzame 280-grams polosweater, vervaardigd uit 70% voorgekrompen katoen en 30% gerecycled polyester. <br/>- Neutraal, enkel maatlabel aanwezig, dus uitermate geschikt voor rebranding. <br/>- Hangtag en polybags met barcode.<br/>- Geschikt voor werk- & casual vrijetijdskleding.<br/>- Beschikbaar van maat XS t/m 7XL.<br/><br/>Ook mogelijk in uw gewenste PMS-kleur aan dezelfde prijs, minimaal 300 stuks door de maten heen.",https://tghimages.nl/B2B_PLSW_ROYAL_BLUE_FRONT.JPG
B2B-PLSW,B2B Polosweater Finn,B2B-PLSWRB05,1,Back To Basics,,B2B-PLSWRB05,B2B Polosweater Finn,"6,10E+12",1,"28,8",XXL,royal blue,Polosweater Finn royal blue XXL,Polosweater Finn royal blue XXL,"Deze polosweater is de ideale keuze voor modieuze werkkleding. Met een 3-knoops placket en ton-sur-ton knopen straalt hij verfijning uit, terwijl hij comfortabel en functioneel blijft. Perfect voor een professionele uitstraling, deze polosweater biedt stijl en gemak voor elke werkdag.<br/><br/>- Dubbel gestikte naden, gekleurde nektape ter versteviging en 60°C wasbaar.<br/>- Geborstelde fleece aan de binnenkant voor meer draagcomfort, set-in mouwen, brede ribgebreide boorden.<br/>- Afgewerkt met ton-sur-ton knopen. Halve maan in de nek.<br/>- Duurzame 280-grams polosweater, vervaardigd uit 70% voorgekrompen katoen en 30% gerecycled polyester. <br/>- Neutraal, enkel maatlabel aanwezig, dus uitermate geschikt voor rebranding. <br/>- Hangtag en polybags met barcode.<br/>- Geschikt voor werk- & casual vrijetijdskleding.<br/>- Beschikbaar van maat XS t/m 7XL.<br/><br/>Ook mogelijk in uw gewenste PMS-kleur aan dezelfde prijs, minimaal 300 stuks door de maten heen.",https://tghimages.nl/B2B_PLSW_ROYAL_BLUE_FRONT.JPG
B2B-PLSW,B2B Polosweater Finn,B2B-PLSWRB06,1,Back To Basics,,B2B-PLSWRB06,B2B Polosweater Finn,"6,10E+12",1,"28,9",3XL,royal blue,Polosweater Finn royal blue 3XL,Polosweater Finn royal blue 3XL,"Deze polosweater is de ideale keuze voor modieuze werkkleding. Met een 3-knoops placket en ton-sur-ton knopen straalt hij verfijning uit, terwijl hij comfortabel en functioneel blijft. Perfect voor een professionele uitstraling, deze polosweater biedt stijl en gemak voor elke werkdag.<br/><br/>- Dubbel gestikte naden, gekleurde nektape ter versteviging en 60°C wasbaar.<br/>- Geborstelde fleece aan de binnenkant voor meer draagcomfort, set-in mouwen, brede ribgebreide boorden.<br/>- Afgewerkt met ton-sur-ton knopen. Halve maan in de nek.<br/>- Duurzame 280-grams polosweater, vervaardigd uit 70% voorgekrompen katoen en 30% gerecycled polyester. <br/>- Neutraal, enkel maatlabel aanwezig, dus uitermate geschikt voor rebranding. <br/>- Hangtag en polybags met barcode.<br/>- Geschikt voor werk- & casual vrijetijdskleding.<br/>- Beschikbaar van maat XS t/m 7XL.<br/><br/>Ook mogelijk in uw gewenste PMS-kleur aan dezelfde prijs, minimaal 300 stuks door de maten heen.",https://tghimages.nl/B2B_PLSW_ROYAL_BLUE_FRONT.JPG
B2B-PLSW,B2B Polosweater Finn,B2B-PLSWRB07,1,Back To Basics,,B2B-PLSWRB07,B2B Polosweater Finn,"6,10E+12",1,29,4XL,royal blue,Polosweater Finn royal blue 4XL,Polosweater Finn royal blue 4XL,"Deze polosweater is de ideale keuze voor modieuze werkkleding. Met een 3-knoops placket en ton-sur-ton knopen straalt hij verfijning uit, terwijl hij comfortabel en functioneel blijft. Perfect voor een professionele uitstraling, deze polosweater biedt stijl en gemak voor elke werkdag.<br/><br/>- Dubbel gestikte naden, gekleurde nektape ter versteviging en 60°C wasbaar.<br/>- Geborstelde fleece aan de binnenkant voor meer draagcomfort, set-in mouwen, brede ribgebreide boorden.<br/>- Afgewerkt met ton-sur-ton knopen. Halve maan in de nek.<br/>- Duurzame 280-grams polosweater, vervaardigd uit 70% voorgekrompen katoen en 30% gerecycled polyester. <br/>- Neutraal, enkel maatlabel aanwezig, dus uitermate geschikt voor rebranding. <br/>- Hangtag en polybags met barcode.<br/>- Geschikt voor werk- & casual vrijetijdskleding.<br/>- Beschikbaar van maat XS t/m 7XL.<br/><br/>Ook mogelijk in uw gewenste PMS-kleur aan dezelfde prijs, minimaal 300 stuks door de maten heen.",https://tghimages.nl/B2B_PLSW_ROYAL_BLUE_FRONT.JPG
B2B-PLSW,B2B Polosweater Finn,B2B-PLSWRB08,1,Back To Basics,,B2B-PLSWRB08,B2B Polosweater Finn,"6,10E+12",1,"29,1",5XL,royal blue,Polosweater Finn royal blue 5XL,Polosweater Finn royal blue 5XL,"Deze polosweater is de ideale keuze voor modieuze werkkleding. Met een 3-knoops placket en ton-sur-ton knopen straalt hij verfijning uit, terwijl hij comfortabel en functioneel blijft. Perfect voor een professionele uitstraling, deze polosweater biedt stijl en gemak voor elke werkdag.<br/><br/>- Dubbel gestikte naden, gekleurde nektape ter versteviging en 60°C wasbaar.<br/>- Geborstelde fleece aan de binnenkant voor meer draagcomfort, set-in mouwen, brede ribgebreide boorden.<br/>- Afgewerkt met ton-sur-ton knopen. Halve maan in de nek.<br/>- Duurzame 280-grams polosweater, vervaardigd uit 70% voorgekrompen katoen en 30% gerecycled polyester. <br/>- Neutraal, enkel maatlabel aanwezig, dus uitermate geschikt voor rebranding. <br/>- Hangtag en polybags met barcode.<br/>- Geschikt voor werk- & casual vrijetijdskleding.<br/>- Beschikbaar van maat XS t/m 7XL.<br/><br/>Ook mogelijk in uw gewenste PMS-kleur aan dezelfde prijs, minimaal 300 stuks door de maten heen.",https://tghimages.nl/B2B_PLSW_ROYAL_BLUE_FRONT.JPG
B2B-PLSW,B2B Polosweater Finn,B2B-PLSWRB09,1,Back To Basics,,B2B-PLSWRB09,B2B Polosweater Finn,"6,10E+12",1,"29,2",6XL,royal blue,Polosweater Finn royal blue 6XL,Polosweater Finn royal blue 6XL,"Deze polosweater is de ideale keuze voor modieuze werkkleding. Met een 3-knoops placket en ton-sur-ton knopen straalt hij verfijning uit, terwijl hij comfortabel en functioneel blijft. Perfect voor een professionele uitstraling, deze polosweater biedt stijl en gemak voor elke werkdag.<br/><br/>- Dubbel gestikte naden, gekleurde nektape ter versteviging en 60°C wasbaar.<br/>- Geborstelde fleece aan de binnenkant voor meer draagcomfort, set-in mouwen, brede ribgebreide boorden.<br/>- Afgewerkt met ton-sur-ton knopen. Halve maan in de nek.<br/>- Duurzame 280-grams polosweater, vervaardigd uit 70% voorgekrompen katoen en 30% gerecycled polyester. <br/>- Neutraal, enkel maatlabel aanwezig, dus uitermate geschikt voor rebranding. <br/>- Hangtag en polybags met barcode.<br/>- Geschikt voor werk- & casual vrijetijdskleding.<br/>- Beschikbaar van maat XS t/m 7XL.<br/><br/>Ook mogelijk in uw gewenste PMS-kleur aan dezelfde prijs, minimaal 300 stuks door de maten heen.",https://tghimages.nl/B2B_PLSW_ROYAL_BLUE_FRONT.JPG
B2B-PLSW,B2B Polosweater Finn,B2B-PLSWRB10,1,Back To Basics,,B2B-PLSWRB10,B2B Polosweater Finn,"6,10E+12",1,"29,3",7XL,royal blue,Polosweater Finn royal blue 7XL,Polosweater Finn royal blue 7XL,"Deze polosweater is de ideale keuze voor modieuze werkkleding. Met een 3-knoops placket en ton-sur-ton knopen straalt hij verfijning uit, terwijl hij comfortabel en functioneel blijft. Perfect voor een professionele uitstraling, deze polosweater biedt stijl en gemak voor elke werkdag.<br/><br/>- Dubbel gestikte naden, gekleurde nektape ter versteviging en 60°C wasbaar.<br/>- Geborstelde fleece aan de binnenkant voor meer draagcomfort, set-in mouwen, brede ribgebreide boorden.<br/>- Afgewerkt met ton-sur-ton knopen. Halve maan in de nek.<br/>- Duurzame 280-grams polosweater, vervaardigd uit 70% voorgekrompen katoen en 30% gerecycled polyester. <br/>- Neutraal, enkel maatlabel aanwezig, dus uitermate geschikt voor rebranding. <br/>- Hangtag en polybags met barcode.<br/>- Geschikt voor werk- & casual vrijetijdskleding.<br/>- Beschikbaar van maat XS t/m 7XL.<br/><br/>Ook mogelijk in uw gewenste PMS-kleur aan dezelfde prijs, minimaal 300 stuks door de maten heen.",https://tghimages.nl/B2B_PLSW_ROYAL_BLUE_FRONT.JPG
B2B-PLSW,B2B Polosweater Finn,B2B-PLSWRE00,1,Back To Basics,,B2B-PLSWRE00,B2B Polosweater Finn,"6,10E+12",1,"29,4",XS,red,Polosweater Finn red XS,Polosweater Finn red XS,"Deze polosweater is de ideale keuze voor modieuze werkkleding. Met een 3-knoops placket en ton-sur-ton knopen straalt hij verfijning uit, terwijl hij comfortabel en functioneel blijft. Perfect voor een professionele uitstraling, deze polosweater biedt stijl en gemak voor elke werkdag.<br/><br/>- Dubbel gestikte naden, gekleurde nektape ter versteviging en 60°C wasbaar.<br/>- Geborstelde fleece aan de binnenkant voor meer draagcomfort, set-in mouwen, brede ribgebreide boorden.<br/>- Afgewerkt met ton-sur-ton knopen. Halve maan in de nek.<br/>- Duurzame 280-grams polosweater, vervaardigd uit 70% voorgekrompen katoen en 30% gerecycled polyester. <br/>- Neutraal, enkel maatlabel aanwezig, dus uitermate geschikt voor rebranding. <br/>- Hangtag en polybags met barcode.<br/>- Geschikt voor werk- & casual vrijetijdskleding.<br/>- Beschikbaar van maat XS t/m 7XL.<br/><br/>Ook mogelijk in uw gewenste PMS-kleur aan dezelfde prijs, minimaal 300 stuks door de maten heen.",https://tghimages.nl/B2B_PLSW_RED_FRONT.JPG
B2B-PLSW,B2B Polosweater Finn,B2B-PLSWRE01,1,Back To Basics,,B2B-PLSWRE01,B2B Polosweater Finn,"6,10E+12",1,"29,5",S,red,Polosweater Finn red S,Polosweater Finn red S,"Deze polosweater is de ideale keuze voor modieuze werkkleding. Met een 3-knoops placket en ton-sur-ton knopen straalt hij verfijning uit, terwijl hij comfortabel en functioneel blijft. Perfect voor een professionele uitstraling, deze polosweater biedt stijl en gemak voor elke werkdag.<br/><br/>- Dubbel gestikte naden, gekleurde nektape ter versteviging en 60°C wasbaar.<br/>- Geborstelde fleece aan de binnenkant voor meer draagcomfort, set-in mouwen, brede ribgebreide boorden.<br/>- Afgewerkt met ton-sur-ton knopen. Halve maan in de nek.<br/>- Duurzame 280-grams polosweater, vervaardigd uit 70% voorgekrompen katoen en 30% gerecycled polyester. <br/>- Neutraal, enkel maatlabel aanwezig, dus uitermate geschikt voor rebranding. <br/>- Hangtag en polybags met barcode.<br/>- Geschikt voor werk- & casual vrijetijdskleding.<br/>- Beschikbaar van maat XS t/m 7XL.<br/><br/>Ook mogelijk in uw gewenste PMS-kleur aan dezelfde prijs, minimaal 300 stuks door de maten heen.",https://tghimages.nl/B2B_PLSW_RED_FRONT.JPG
B2B-PLSW,B2B Polosweater Finn,B2B-PLSWRE02,1,Back To Basics,,B2B-PLSWRE02,B2B Polosweater Finn,"6,10E+12",1,"29,6",M,red,Polosweater Finn red M,Polosweater Finn red M,"Deze polosweater is de ideale keuze voor modieuze werkkleding. Met een 3-knoops placket en ton-sur-ton knopen straalt hij verfijning uit, terwijl hij comfortabel en functioneel blijft. Perfect voor een professionele uitstraling, deze polosweater biedt stijl en gemak voor elke werkdag.<br/><br/>- Dubbel gestikte naden, gekleurde nektape ter versteviging en 60°C wasbaar.<br/>- Geborstelde fleece aan de binnenkant voor meer draagcomfort, set-in mouwen, brede ribgebreide boorden.<br/>- Afgewerkt met ton-sur-ton knopen. Halve maan in de nek.<br/>- Duurzame 280-grams polosweater, vervaardigd uit 70% voorgekrompen katoen en 30% gerecycled polyester. <br/>- Neutraal, enkel maatlabel aanwezig, dus uitermate geschikt voor rebranding. <br/>- Hangtag en polybags met barcode.<br/>- Geschikt voor werk- & casual vrijetijdskleding.<br/>- Beschikbaar van maat XS t/m 7XL.<br/><br/>Ook mogelijk in uw gewenste PMS-kleur aan dezelfde prijs, minimaal 300 stuks door de maten heen.",https://tghimages.nl/B2B_PLSW_RED_FRONT.JPG
B2B-PLSW,B2B Polosweater Finn,B2B-PLSWRE03,1,Back To Basics,,B2B-PLSWRE03,B2B Polosweater Finn,"6,10E+12",1,"29,7",L,red,Polosweater Finn red L,Polosweater Finn red L,"Deze polosweater is de ideale keuze voor modieuze werkkleding. Met een 3-knoops placket en ton-sur-ton knopen straalt hij verfijning uit, terwijl hij comfortabel en functioneel blijft. Perfect voor een professionele uitstraling, deze polosweater biedt stijl en gemak voor elke werkdag.<br/><br/>- Dubbel gestikte naden, gekleurde nektape ter versteviging en 60°C wasbaar.<br/>- Geborstelde fleece aan de binnenkant voor meer draagcomfort, set-in mouwen, brede ribgebreide boorden.<br/>- Afgewerkt met ton-sur-ton knopen. Halve maan in de nek.<br/>- Duurzame 280-grams polosweater, vervaardigd uit 70% voorgekrompen katoen en 30% gerecycled polyester. <br/>- Neutraal, enkel maatlabel aanwezig, dus uitermate geschikt voor rebranding. <br/>- Hangtag en polybags met barcode.<br/>- Geschikt voor werk- & casual vrijetijdskleding.<br/>- Beschikbaar van maat XS t/m 7XL.<br/><br/>Ook mogelijk in uw gewenste PMS-kleur aan dezelfde prijs, minimaal 300 stuks door de maten heen.",https://tghimages.nl/B2B_PLSW_RED_FRONT.JPG
B2B-PLSW,B2B Polosweater Finn,B2B-PLSWRE04,1,Back To Basics,,B2B-PLSWRE04,B2B Polosweater Finn,"6,10E+12",1,"29,8",XL,red,Polosweater Finn red XL,Polosweater Finn red XL,"Deze polosweater is de ideale keuze voor modieuze werkkleding. Met een 3-knoops placket en ton-sur-ton knopen straalt hij verfijning uit, terwijl hij comfortabel en functioneel blijft. Perfect voor een professionele uitstraling, deze polosweater biedt stijl en gemak voor elke werkdag.<br/><br/>- Dubbel gestikte naden, gekleurde nektape ter versteviging en 60°C wasbaar.<br/>- Geborstelde fleece aan de binnenkant voor meer draagcomfort, set-in mouwen, brede ribgebreide boorden.<br/>- Afgewerkt met ton-sur-ton knopen. Halve maan in de nek.<br/>- Duurzame 280-grams polosweater, vervaardigd uit 70% voorgekrompen katoen en 30% gerecycled polyester. <br/>- Neutraal, enkel maatlabel aanwezig, dus uitermate geschikt voor rebranding. <br/>- Hangtag en polybags met barcode.<br/>- Geschikt voor werk- & casual vrijetijdskleding.<br/>- Beschikbaar van maat XS t/m 7XL.<br/><br/>Ook mogelijk in uw gewenste PMS-kleur aan dezelfde prijs, minimaal 300 stuks door de maten heen.",https://tghimages.nl/B2B_PLSW_RED_FRONT.JPG
B2B-PLSW,B2B Polosweater Finn,B2B-PLSWRE05,1,Back To Basics,,B2B-PLSWRE05,B2B Polosweater Finn,"6,10E+12",1,"29,9",XXL,red,Polosweater Finn red XXL,Polosweater Finn red XXL,"Deze polosweater is de ideale keuze voor modieuze werkkleding. Met een 3-knoops placket en ton-sur-ton knopen straalt hij verfijning uit, terwijl hij comfortabel en functioneel blijft. Perfect voor een professionele uitstraling, deze polosweater biedt stijl en gemak voor elke werkdag.<br/><br/>- Dubbel gestikte naden, gekleurde nektape ter versteviging en 60°C wasbaar.<br/>- Geborstelde fleece aan de binnenkant voor meer draagcomfort, set-in mouwen, brede ribgebreide boorden.<br/>- Afgewerkt met ton-sur-ton knopen. Halve maan in de nek.<br/>- Duurzame 280-grams polosweater, vervaardigd uit 70% voorgekrompen katoen en 30% gerecycled polyester. <br/>- Neutraal, enkel maatlabel aanwezig, dus uitermate geschikt voor rebranding. <br/>- Hangtag en polybags met barcode.<br/>- Geschikt voor werk- & casual vrijetijdskleding.<br/>- Beschikbaar van maat XS t/m 7XL.<br/><br/>Ook mogelijk in uw gewenste PMS-kleur aan dezelfde prijs, minimaal 300 stuks door de maten heen.",https://tghimages.nl/B2B_PLSW_RED_FRONT.JPG
B2B-PLSW,B2B Polosweater Finn,B2B-PLSWRE06,1,Back To Basics,,B2B-PLSWRE06,B2B Polosweater Finn,"6,10E+12",1,30,3XL,red,Polosweater Finn red 3XL,Polosweater Finn red 3XL,"Deze polosweater is de ideale keuze voor modieuze werkkleding. Met een 3-knoops placket en ton-sur-ton knopen straalt hij verfijning uit, terwijl hij comfortabel en functioneel blijft. Perfect voor een professionele uitstraling, deze polosweater biedt stijl en gemak voor elke werkdag.<br/><br/>- Dubbel gestikte naden, gekleurde nektape ter versteviging en 60°C wasbaar.<br/>- Geborstelde fleece aan de binnenkant voor meer draagcomfort, set-in mouwen, brede ribgebreide boorden.<br/>- Afgewerkt met ton-sur-ton knopen. Halve maan in de nek.<br/>- Duurzame 280-grams polosweater, vervaardigd uit 70% voorgekrompen katoen en 30% gerecycled polyester. <br/>- Neutraal, enkel maatlabel aanwezig, dus uitermate geschikt voor rebranding. <br/>- Hangtag en polybags met barcode.<br/>- Geschikt voor werk- & casual vrijetijdskleding.<br/>- Beschikbaar van maat XS t/m 7XL.<br/><br/>Ook mogelijk in uw gewenste PMS-kleur aan dezelfde prijs, minimaal 300 stuks door de maten heen.",https://tghimages.nl/B2B_PLSW_RED_FRONT.JPG
B2B-PLSW,B2B Polosweater Finn,B2B-PLSWRE07,1,Back To Basics,,B2B-PLSWRE07,B2B Polosweater Finn,"6,10E+12",1,"30,1",4XL,red,Polosweater Finn red 4XL,Polosweater Finn red 4XL,"Deze polosweater is de ideale keuze voor modieuze werkkleding. Met een 3-knoops placket en ton-sur-ton knopen straalt hij verfijning uit, terwijl hij comfortabel en functioneel blijft. Perfect voor een professionele uitstraling, deze polosweater biedt stijl en gemak voor elke werkdag.<br/><br/>- Dubbel gestikte naden, gekleurde nektape ter versteviging en 60°C wasbaar.<br/>- Geborstelde fleece aan de binnenkant voor meer draagcomfort, set-in mouwen, brede ribgebreide boorden.<br/>- Afgewerkt met ton-sur-ton knopen. Halve maan in de nek.<br/>- Duurzame 280-grams polosweater, vervaardigd uit 70% voorgekrompen katoen en 30% gerecycled polyester. <br/>- Neutraal, enkel maatlabel aanwezig, dus uitermate geschikt voor rebranding. <br/>- Hangtag en polybags met barcode.<br/>- Geschikt voor werk- & casual vrijetijdskleding.<br/>- Beschikbaar van maat XS t/m 7XL.<br/><br/>Ook mogelijk in uw gewenste PMS-kleur aan dezelfde prijs, minimaal 300 stuks door de maten heen.",https://tghimages.nl/B2B_PLSW_RED_FRONT.JPG
B2B-PLSW,B2B Polosweater Finn,B2B-PLSWRE08,1,Back To Basics,,B2B-PLSWRE08,B2B Polosweater Finn,"6,10E+12",1,"30,2",5XL,red,Polosweater Finn red 5XL,Polosweater Finn red 5XL,"Deze polosweater is de ideale keuze voor modieuze werkkleding. Met een 3-knoops placket en ton-sur-ton knopen straalt hij verfijning uit, terwijl hij comfortabel en functioneel blijft. Perfect voor een professionele uitstraling, deze polosweater biedt stijl en gemak voor elke werkdag.<br/><br/>- Dubbel gestikte naden, gekleurde nektape ter versteviging en 60°C wasbaar.<br/>- Geborstelde fleece aan de binnenkant voor meer draagcomfort, set-in mouwen, brede ribgebreide boorden.<br/>- Afgewerkt met ton-sur-ton knopen. Halve maan in de nek.<br/>- Duurzame 280-grams polosweater, vervaardigd uit 70% voorgekrompen katoen en 30% gerecycled polyester. <br/>- Neutraal, enkel maatlabel aanwezig, dus uitermate geschikt voor rebranding. <br/>- Hangtag en polybags met barcode.<br/>- Geschikt voor werk- & casual vrijetijdskleding.<br/>- Beschikbaar van maat XS t/m 7XL.<br/><br/>Ook mogelijk in uw gewenste PMS-kleur aan dezelfde prijs, minimaal 300 stuks door de maten heen.",https://tghimages.nl/B2B_PLSW_RED_FRONT.JPG
B2B-PLSW,B2B Polosweater Finn,B2B-PLSWRE09,1,Back To Basics,,B2B-PLSWRE09,B2B Polosweater Finn,"6,10E+12",1,"30,3",6XL,red,Polosweater Finn red 6XL,Polosweater Finn red 6XL,"Deze polosweater is de ideale keuze voor modieuze werkkleding. Met een 3-knoops placket en ton-sur-ton knopen straalt hij verfijning uit, terwijl hij comfortabel en functioneel blijft. Perfect voor een professionele uitstraling, deze polosweater biedt stijl en gemak voor elke werkdag.<br/><br/>- Dubbel gestikte naden, gekleurde nektape ter versteviging en 60°C wasbaar.<br/>- Geborstelde fleece aan de binnenkant voor meer draagcomfort, set-in mouwen, brede ribgebreide boorden.<br/>- Afgewerkt met ton-sur-ton knopen. Halve maan in de nek.<br/>- Duurzame 280-grams polosweater, vervaardigd uit 70% voorgekrompen katoen en 30% gerecycled polyester. <br/>- Neutraal, enkel maatlabel aanwezig, dus uitermate geschikt voor rebranding. <br/>- Hangtag en polybags met barcode.<br/>- Geschikt voor werk- & casual vrijetijdskleding.<br/>- Beschikbaar van maat XS t/m 7XL.<br/><br/>Ook mogelijk in uw gewenste PMS-kleur aan dezelfde prijs, minimaal 300 stuks door de maten heen.",https://tghimages.nl/B2B_PLSW_RED_FRONT.JPG
B2B-PLSW,B2B Polosweater Finn,B2B-PLSWRE10,1,Back To Basics,,B2B-PLSWRE10,B2B Polosweater Finn,"6,10E+12",1,"30,4",7XL,red,Polosweater Finn red 7XL,Polosweater Finn red 7XL,"Deze polosweater is de ideale keuze voor modieuze werkkleding. Met een 3-knoops placket en ton-sur-ton knopen straalt hij verfijning uit, terwijl hij comfortabel en functioneel blijft. Perfect voor een professionele uitstraling, deze polosweater biedt stijl en gemak voor elke werkdag.<br/><br/>- Dubbel gestikte naden, gekleurde nektape ter versteviging en 60°C wasbaar.<br/>- Geborstelde fleece aan de binnenkant voor meer draagcomfort, set-in mouwen, brede ribgebreide boorden.<br/>- Afgewerkt met ton-sur-ton knopen. Halve maan in de nek.<br/>- Duurzame 280-grams polosweater, vervaardigd uit 70% voorgekrompen katoen en 30% gerecycled polyester. <br/>- Neutraal, enkel maatlabel aanwezig, dus uitermate geschikt voor rebranding. <br/>- Hangtag en polybags met barcode.<br/>- Geschikt voor werk- & casual vrijetijdskleding.<br/>- Beschikbaar van maat XS t/m 7XL.<br/><br/>Ook mogelijk in uw gewenste PMS-kleur aan dezelfde prijs, minimaal 300 stuks door de maten heen.",https://tghimages.nl/B2B_PLSW_RED_FRONT.JPG
B2B-PLSW,B2B Polosweater Finn,B2B-PLSWWH00,1,Back To Basics,,B2B-PLSWWH00,B2B Polosweater Finn,"6,10E+12",1,"30,5",XS,white,Polosweater Finn white XS,Polosweater Finn white XS,"Deze polosweater is de ideale keuze voor modieuze werkkleding. Met een 3-knoops placket en ton-sur-ton knopen straalt hij verfijning uit, terwijl hij comfortabel en functioneel blijft. Perfect voor een professionele uitstraling, deze polosweater biedt stijl en gemak voor elke werkdag.<br/><br/>- Dubbel gestikte naden, gekleurde nektape ter versteviging en 60°C wasbaar.<br/>- Geborstelde fleece aan de binnenkant voor meer draagcomfort, set-in mouwen, brede ribgebreide boorden.<br/>- Afgewerkt met ton-sur-ton knopen. Halve maan in de nek.<br/>- Duurzame 280-grams polosweater, vervaardigd uit 70% voorgekrompen katoen en 30% gerecycled polyester. <br/>- Neutraal, enkel maatlabel aanwezig, dus uitermate geschikt voor rebranding. <br/>- Hangtag en polybags met barcode.<br/>- Geschikt voor werk- & casual vrijetijdskleding.<br/>- Beschikbaar van maat XS t/m 7XL.<br/><br/>Ook mogelijk in uw gewenste PMS-kleur aan dezelfde prijs, minimaal 300 stuks door de maten heen.",https://tghimages.nl/B2B_PLSW_WHITE_FRONT.JPG
B2B-PLSW,B2B Polosweater Finn,B2B-PLSWWH01,1,Back To Basics,,B2B-PLSWWH01,B2B Polosweater Finn,"6,10E+12",1,"30,6",S,white,Polosweater Finn white S,Polosweater Finn white S,"Deze polosweater is de ideale keuze voor modieuze werkkleding. Met een 3-knoops placket en ton-sur-ton knopen straalt hij verfijning uit, terwijl hij comfortabel en functioneel blijft. Perfect voor een professionele uitstraling, deze polosweater biedt stijl en gemak voor elke werkdag.<br/><br/>- Dubbel gestikte naden, gekleurde nektape ter versteviging en 60°C wasbaar.<br/>- Geborstelde fleece aan de binnenkant voor meer draagcomfort, set-in mouwen, brede ribgebreide boorden.<br/>- Afgewerkt met ton-sur-ton knopen. Halve maan in de nek.<br/>- Duurzame 280-grams polosweater, vervaardigd uit 70% voorgekrompen katoen en 30% gerecycled polyester. <br/>- Neutraal, enkel maatlabel aanwezig, dus uitermate geschikt voor rebranding. <br/>- Hangtag en polybags met barcode.<br/>- Geschikt voor werk- & casual vrijetijdskleding.<br/>- Beschikbaar van maat XS t/m 7XL.<br/><br/>Ook mogelijk in uw gewenste PMS-kleur aan dezelfde prijs, minimaal 300 stuks door de maten heen.",https://tghimages.nl/B2B_PLSW_WHITE_FRONT.JPG
B2B-PLSW,B2B Polosweater Finn,B2B-PLSWWH02,1,Back To Basics,,B2B-PLSWWH02,B2B Polosweater Finn,"6,10E+12",1,"30,7",M,white,Polosweater Finn white M,Polosweater Finn white M,"Deze polosweater is de ideale keuze voor modieuze werkkleding. Met een 3-knoops placket en ton-sur-ton knopen straalt hij verfijning uit, terwijl hij comfortabel en functioneel blijft. Perfect voor een professionele uitstraling, deze polosweater biedt stijl en gemak voor elke werkdag.<br/><br/>- Dubbel gestikte naden, gekleurde nektape ter versteviging en 60°C wasbaar.<br/>- Geborstelde fleece aan de binnenkant voor meer draagcomfort, set-in mouwen, brede ribgebreide boorden.<br/>- Afgewerkt met ton-sur-ton knopen. Halve maan in de nek.<br/>- Duurzame 280-grams polosweater, vervaardigd uit 70% voorgekrompen katoen en 30% gerecycled polyester. <br/>- Neutraal, enkel maatlabel aanwezig, dus uitermate geschikt voor rebranding. <br/>- Hangtag en polybags met barcode.<br/>- Geschikt voor werk- & casual vrijetijdskleding.<br/>- Beschikbaar van maat XS t/m 7XL.<br/><br/>Ook mogelijk in uw gewenste PMS-kleur aan dezelfde prijs, minimaal 300 stuks door de maten heen.",https://tghimages.nl/B2B_PLSW_WHITE_FRONT.JPG
B2B-PLSW,B2B Polosweater Finn,B2B-PLSWWH03,1,Back To Basics,,B2B-PLSWWH03,B2B Polosweater Finn,"6,10E+12",1,"30,8",L,white,Polosweater Finn white L,Polosweater Finn white L,"Deze polosweater is de ideale keuze voor modieuze werkkleding. Met een 3-knoops placket en ton-sur-ton knopen straalt hij verfijning uit, terwijl hij comfortabel en functioneel blijft. Perfect voor een professionele uitstraling, deze polosweater biedt stijl en gemak voor elke werkdag.<br/><br/>- Dubbel gestikte naden, gekleurde nektape ter versteviging en 60°C wasbaar.<br/>- Geborstelde fleece aan de binnenkant voor meer draagcomfort, set-in mouwen, brede ribgebreide boorden.<br/>- Afgewerkt met ton-sur-ton knopen. Halve maan in de nek.<br/>- Duurzame 280-grams polosweater, vervaardigd uit 70% voorgekrompen katoen en 30% gerecycled polyester. <br/>- Neutraal, enkel maatlabel aanwezig, dus uitermate geschikt voor rebranding. <br/>- Hangtag en polybags met barcode.<br/>- Geschikt voor werk- & casual vrijetijdskleding.<br/>- Beschikbaar van maat XS t/m 7XL.<br/><br/>Ook mogelijk in uw gewenste PMS-kleur aan dezelfde prijs, minimaal 300 stuks door de maten heen.",https://tghimages.nl/B2B_PLSW_WHITE_FRONT.JPG
B2B-PLSW,B2B Polosweater Finn,B2B-PLSWWH04,1,Back To Basics,,B2B-PLSWWH04,B2B Polosweater Finn,"6,10E+12",1,"30,9",XL,white,Polosweater Finn white XL,Polosweater Finn white XL,"Deze polosweater is de ideale keuze voor modieuze werkkleding. Met een 3-knoops placket en ton-sur-ton knopen straalt hij verfijning uit, terwijl hij comfortabel en functioneel blijft. Perfect voor een professionele uitstraling, deze polosweater biedt stijl en gemak voor elke werkdag.<br/><br/>- Dubbel gestikte naden, gekleurde nektape ter versteviging en 60°C wasbaar.<br/>- Geborstelde fleece aan de binnenkant voor meer draagcomfort, set-in mouwen, brede ribgebreide boorden.<br/>- Afgewerkt met ton-sur-ton knopen. Halve maan in de nek.<br/>- Duurzame 280-grams polosweater, vervaardigd uit 70% voorgekrompen katoen en 30% gerecycled polyester. <br/>- Neutraal, enkel maatlabel aanwezig, dus uitermate geschikt voor rebranding. <br/>- Hangtag en polybags met barcode.<br/>- Geschikt voor werk- & casual vrijetijdskleding.<br/>- Beschikbaar van maat XS t/m 7XL.<br/><br/>Ook mogelijk in uw gewenste PMS-kleur aan dezelfde prijs, minimaal 300 stuks door de maten heen.",https://tghimages.nl/B2B_PLSW_WHITE_FRONT.JPG
B2B-PLSW,B2B Polosweater Finn,B2B-PLSWWH05,1,Back To Basics,,B2B-PLSWWH05,B2B Polosweater Finn,"6,10E+12",1,31,XXL,white,Polosweater Finn white XXL,Polosweater Finn white XXL,"Deze polosweater is de ideale keuze voor modieuze werkkleding. Met een 3-knoops placket en ton-sur-ton knopen straalt hij verfijning uit, terwijl hij comfortabel en functioneel blijft. Perfect voor een professionele uitstraling, deze polosweater biedt stijl en gemak voor elke werkdag.<br/><br/>- Dubbel gestikte naden, gekleurde nektape ter versteviging en 60°C wasbaar.<br/>- Geborstelde fleece aan de binnenkant voor meer draagcomfort, set-in mouwen, brede ribgebreide boorden.<br/>- Afgewerkt met ton-sur-ton knopen. Halve maan in de nek.<br/>- Duurzame 280-grams polosweater, vervaardigd uit 70% voorgekrompen katoen en 30% gerecycled polyester. <br/>- Neutraal, enkel maatlabel aanwezig, dus uitermate geschikt voor rebranding. <br/>- Hangtag en polybags met barcode.<br/>- Geschikt voor werk- & casual vrijetijdskleding.<br/>- Beschikbaar van maat XS t/m 7XL.<br/><br/>Ook mogelijk in uw gewenste PMS-kleur aan dezelfde prijs, minimaal 300 stuks door de maten heen.",https://tghimages.nl/B2B_PLSW_WHITE_FRONT.JPG
B2B-PLSW,B2B Polosweater Finn,B2B-PLSWWH06,1,Back To Basics,,B2B-PLSWWH06,B2B Polosweater Finn,"6,10E+12",1,"31,1",3XL,white,Polosweater Finn white 3XL,Polosweater Finn white 3XL,"Deze polosweater is de ideale keuze voor modieuze werkkleding. Met een 3-knoops placket en ton-sur-ton knopen straalt hij verfijning uit, terwijl hij comfortabel en functioneel blijft. Perfect voor een professionele uitstraling, deze polosweater biedt stijl en gemak voor elke werkdag.<br/><br/>- Dubbel gestikte naden, gekleurde nektape ter versteviging en 60°C wasbaar.<br/>- Geborstelde fleece aan de binnenkant voor meer draagcomfort, set-in mouwen, brede ribgebreide boorden.<br/>- Afgewerkt met ton-sur-ton knopen. Halve maan in de nek.<br/>- Duurzame 280-grams polosweater, vervaardigd uit 70% voorgekrompen katoen en 30% gerecycled polyester. <br/>- Neutraal, enkel maatlabel aanwezig, dus uitermate geschikt voor rebranding. <br/>- Hangtag en polybags met barcode.<br/>- Geschikt voor werk- & casual vrijetijdskleding.<br/>- Beschikbaar van maat XS t/m 7XL.<br/><br/>Ook mogelijk in uw gewenste PMS-kleur aan dezelfde prijs, minimaal 300 stuks door de maten heen.",https://tghimages.nl/B2B_PLSW_WHITE_FRONT.JPG
B2B-PLSW,B2B Polosweater Finn,B2B-PLSWWH07,1,Back To Basics,,B2B-PLSWWH07,B2B Polosweater Finn,"6,10E+12",1,"31,2",4XL,white,Polosweater Finn white 4XL,Polosweater Finn white 4XL,"Deze polosweater is de ideale keuze voor modieuze werkkleding. Met een 3-knoops placket en ton-sur-ton knopen straalt hij verfijning uit, terwijl hij comfortabel en functioneel blijft. Perfect voor een professionele uitstraling, deze polosweater biedt stijl en gemak voor elke werkdag.<br/><br/>- Dubbel gestikte naden, gekleurde nektape ter versteviging en 60°C wasbaar.<br/>- Geborstelde fleece aan de binnenkant voor meer draagcomfort, set-in mouwen, brede ribgebreide boorden.<br/>- Afgewerkt met ton-sur-ton knopen. Halve maan in de nek.<br/>- Duurzame 280-grams polosweater, vervaardigd uit 70% voorgekrompen katoen en 30% gerecycled polyester. <br/>- Neutraal, enkel maatlabel aanwezig, dus uitermate geschikt voor rebranding. <br/>- Hangtag en polybags met barcode.<br/>- Geschikt voor werk- & casual vrijetijdskleding.<br/>- Beschikbaar van maat XS t/m 7XL.<br/><br/>Ook mogelijk in uw gewenste PMS-kleur aan dezelfde prijs, minimaal 300 stuks door de maten heen.",https://tghimages.nl/B2B_PLSW_WHITE_FRONT.JPG
B2B-PLSW,B2B Polosweater Finn,B2B-PLSWWH08,1,Back To Basics,,B2B-PLSWWH08,B2B Polosweater Finn,"6,10E+12",1,"31,3",5XL,white,Polosweater Finn white 5XL,Polosweater Finn white 5XL,"Deze polosweater is de ideale keuze voor modieuze werkkleding. Met een 3-knoops placket en ton-sur-ton knopen straalt hij verfijning uit, terwijl hij comfortabel en functioneel blijft. Perfect voor een professionele uitstraling, deze polosweater biedt stijl en gemak voor elke werkdag.<br/><br/>- Dubbel gestikte naden, gekleurde nektape ter versteviging en 60°C wasbaar.<br/>- Geborstelde fleece aan de binnenkant voor meer draagcomfort, set-in mouwen, brede ribgebreide boorden.<br/>- Afgewerkt met ton-sur-ton knopen. Halve maan in de nek.<br/>- Duurzame 280-grams polosweater, vervaardigd uit 70% voorgekrompen katoen en 30% gerecycled polyester. <br/>- Neutraal, enkel maatlabel aanwezig, dus uitermate geschikt voor rebranding. <br/>- Hangtag en polybags met barcode.<br/>- Geschikt voor werk- & casual vrijetijdskleding.<br/>- Beschikbaar van maat XS t/m 7XL.<br/><br/>Ook mogelijk in uw gewenste PMS-kleur aan dezelfde prijs, minimaal 300 stuks door de maten heen.",https://tghimages.nl/B2B_PLSW_WHITE_FRONT.JPG
B2B-PLSW,B2B Polosweater Finn,B2B-PLSWWH09,1,Back To Basics,,B2B-PLSWWH09,B2B Polosweater Finn,"6,10E+12",1,"31,4",6XL,white,Polosweater Finn white 6XL,Polosweater Finn white 6XL,"Deze polosweater is de ideale keuze voor modieuze werkkleding. Met een 3-knoops placket en ton-sur-ton knopen straalt hij verfijning uit, terwijl hij comfortabel en functioneel blijft. Perfect voor een professionele uitstraling, deze polosweater biedt stijl en gemak voor elke werkdag.<br/><br/>- Dubbel gestikte naden, gekleurde nektape ter versteviging en 60°C wasbaar.<br/>- Geborstelde fleece aan de binnenkant voor meer draagcomfort, set-in mouwen, brede ribgebreide boorden.<br/>- Afgewerkt met ton-sur-ton knopen. Halve maan in de nek.<br/>- Duurzame 280-grams polosweater, vervaardigd uit 70% voorgekrompen katoen en 30% gerecycled polyester. <br/>- Neutraal, enkel maatlabel aanwezig, dus uitermate geschikt voor rebranding. <br/>- Hangtag en polybags met barcode.<br/>- Geschikt voor werk- & casual vrijetijdskleding.<br/>- Beschikbaar van maat XS t/m 7XL.<br/><br/>Ook mogelijk in uw gewenste PMS-kleur aan dezelfde prijs, minimaal 300 stuks door de maten heen.",https://tghimages.nl/B2B_PLSW_WHITE_FRONT.JPG
B2B-PLSW,B2B Polosweater Finn,B2B-PLSWWH10,1,Back To Basics,,B2B-PLSWWH10,B2B Polosweater Finn,"6,10E+12",1,"31,5",7XL,white,Polosweater Finn white 7XL,Polosweater Finn white 7XL,"Deze polosweater is de ideale keuze voor modieuze werkkleding. Met een 3-knoops placket en ton-sur-ton knopen straalt hij verfijning uit, terwijl hij comfortabel en functioneel blijft. Perfect voor een professionele uitstraling, deze polosweater biedt stijl en gemak voor elke werkdag.<br/><br/>- Dubbel gestikte naden, gekleurde nektape ter versteviging en 60°C wasbaar.<br/>- Geborstelde fleece aan de binnenkant voor meer draagcomfort, set-in mouwen, brede ribgebreide boorden.<br/>- Afgewerkt met ton-sur-ton knopen. Halve maan in de nek.<br/>- Duurzame 280-grams polosweater, vervaardigd uit 70% voorgekrompen katoen en 30% gerecycled polyester. <br/>- Neutraal, enkel maatlabel aanwezig, dus uitermate geschikt voor rebranding. <br/>- Hangtag en polybags met barcode.<br/>- Geschikt voor werk- & casual vrijetijdskleding.<br/>- Beschikbaar van maat XS t/m 7XL.<br/><br/>Ook mogelijk in uw gewenste PMS-kleur aan dezelfde prijs, minimaal 300 stuks door de maten heen.",https://tghimages.nl/B2B_PLSW_WHITE_FRONT.JPG
B2B-PS200,B2B Poloshirt Gabriel,B2B-PS200AN00,1,Back To Basics,,B2B-PS200AN00,B2B Poloshirt Gabriel,"6,10E+12",1,"31,6",XS,anthracite,Poloshirt Gabriel anthracite XS,Poloshirt Gabriel anthracite XS,"Dit poloshirt is gemaakt van 50% katoen en 50% gerecycled polyester voor een comfortabele en duurzame keuze. Met nauwsluitende ribboorden bij de mouwen en zijsplitten biedt het zowel stijl als bewegingsvrijheid. Perfect voor elke gelegenheid.<br/><br/>- Dubbel gestikte naden, gekleurde nektape ter versteviging en 60°C wasbaar.<br/>- Set-in mouwen, zijnaden, zijsplitten. Ribkraag.<br/>- 3-Knoops kraag, ton-sur-ton knopen.<br/>- Nauwsluitende ribboorden op de mouwen. Halve maan in de nek.<br/>- Duurzaam 200-grams poloshirt, vervaardigd uit 50% voorgekrompen katoen en 50% gerecycled polyester. <br/>- Neutraal, enkel maatlabel aanwezig, dus uitermate geschikt voor rebranding. <br/>- Hangtag en polybags met barcode.<br/>- Geschikt voor werk- & casual vrijetijdskleding.<br/>- Beschikbaar van maat XS t/m 7XL.<br/><br/>Ook mogelijk in uw gewenste PMS-kleur aan dezelfde prijs, minimaal 300 stuks door de maten heen.",https://tghimages.nl/B2B_PS200_ANTHRACITE_FRONT.JPG
B2B-PS200,B2B Poloshirt Gabriel,B2B-PS200AN01,1,Back To Basics,,B2B-PS200AN01,B2B Poloshirt Gabriel,"6,10E+12",1,"31,7",S,anthracite,Poloshirt Gabriel anthracite S,Poloshirt Gabriel anthracite S,"Dit poloshirt is gemaakt van 50% katoen en 50% gerecycled polyester voor een comfortabele en duurzame keuze. Met nauwsluitende ribboorden bij de mouwen en zijsplitten biedt het zowel stijl als bewegingsvrijheid. Perfect voor elke gelegenheid.<br/><br/>- Dubbel gestikte naden, gekleurde nektape ter versteviging en 60°C wasbaar.<br/>- Set-in mouwen, zijnaden, zijsplitten. Ribkraag.<br/>- 3-Knoops kraag, ton-sur-ton knopen.<br/>- Nauwsluitende ribboorden op de mouwen. Halve maan in de nek.<br/>- Duurzaam 200-grams poloshirt, vervaardigd uit 50% voorgekrompen katoen en 50% gerecycled polyester. <br/>- Neutraal, enkel maatlabel aanwezig, dus uitermate geschikt voor rebranding. <br/>- Hangtag en polybags met barcode.<br/>- Geschikt voor werk- & casual vrijetijdskleding.<br/>- Beschikbaar van maat XS t/m 7XL.<br/><br/>Ook mogelijk in uw gewenste PMS-kleur aan dezelfde prijs, minimaal 300 stuks door de maten heen.",https://tghimages.nl/B2B_PS200_ANTHRACITE_FRONT.JPG
B2B-PS200,B2B Poloshirt Gabriel,B2B-PS200AN02,1,Back To Basics,,B2B-PS200AN02,B2B Poloshirt Gabriel,"6,10E+12",1,"31,8",M,anthracite,Poloshirt Gabriel anthracite M,Poloshirt Gabriel anthracite M,"Dit poloshirt is gemaakt van 50% katoen en 50% gerecycled polyester voor een comfortabele en duurzame keuze. Met nauwsluitende ribboorden bij de mouwen en zijsplitten biedt het zowel stijl als bewegingsvrijheid. Perfect voor elke gelegenheid.<br/><br/>- Dubbel gestikte naden, gekleurde nektape ter versteviging en 60°C wasbaar.<br/>- Set-in mouwen, zijnaden, zijsplitten. Ribkraag.<br/>- 3-Knoops kraag, ton-sur-ton knopen.<br/>- Nauwsluitende ribboorden op de mouwen. Halve maan in de nek.<br/>- Duurzaam 200-grams poloshirt, vervaardigd uit 50% voorgekrompen katoen en 50% gerecycled polyester. <br/>- Neutraal, enkel maatlabel aanwezig, dus uitermate geschikt voor rebranding. <br/>- Hangtag en polybags met barcode.<br/>- Geschikt voor werk- & casual vrijetijdskleding.<br/>- Beschikbaar van maat XS t/m 7XL.<br/><br/>Ook mogelijk in uw gewenste PMS-kleur aan dezelfde prijs, minimaal 300 stuks door de maten heen.",https://tghimages.nl/B2B_PS200_ANTHRACITE_FRONT.JPG
B2B-PS200,B2B Poloshirt Gabriel,B2B-PS200AN03,1,Back To Basics,,B2B-PS200AN03,B2B Poloshirt Gabriel,"6,10E+12",1,"31,9",L,anthracite,Poloshirt Gabriel anthracite L,Poloshirt Gabriel anthracite L,"Dit poloshirt is gemaakt van 50% katoen en 50% gerecycled polyester voor een comfortabele en duurzame keuze. Met nauwsluitende ribboorden bij de mouwen en zijsplitten biedt het zowel stijl als bewegingsvrijheid. Perfect voor elke gelegenheid.<br/><br/>- Dubbel gestikte naden, gekleurde nektape ter versteviging en 60°C wasbaar.<br/>- Set-in mouwen, zijnaden, zijsplitten. Ribkraag.<br/>- 3-Knoops kraag, ton-sur-ton knopen.<br/>- Nauwsluitende ribboorden op de mouwen. Halve maan in de nek.<br/>- Duurzaam 200-grams poloshirt, vervaardigd uit 50% voorgekrompen katoen en 50% gerecycled polyester. <br/>- Neutraal, enkel maatlabel aanwezig, dus uitermate geschikt voor rebranding. <br/>- Hangtag en polybags met barcode.<br/>- Geschikt voor werk- & casual vrijetijdskleding.<br/>- Beschikbaar van maat XS t/m 7XL.<br/><br/>Ook mogelijk in uw gewenste PMS-kleur aan dezelfde prijs, minimaal 300 stuks door de maten heen.",https://tghimages.nl/B2B_PS200_ANTHRACITE_FRONT.JPG
B2B-PS200,B2B Poloshirt Gabriel,B2B-PS200AN04,1,Back To Basics,,B2B-PS200AN04,B2B Poloshirt Gabriel,"6,10E+12",1,32,XL,anthracite,Poloshirt Gabriel anthracite XL,Poloshirt Gabriel anthracite XL,"Dit poloshirt is gemaakt van 50% katoen en 50% gerecycled polyester voor een comfortabele en duurzame keuze. Met nauwsluitende ribboorden bij de mouwen en zijsplitten biedt het zowel stijl als bewegingsvrijheid. Perfect voor elke gelegenheid.<br/><br/>- Dubbel gestikte naden, gekleurde nektape ter versteviging en 60°C wasbaar.<br/>- Set-in mouwen, zijnaden, zijsplitten. Ribkraag.<br/>- 3-Knoops kraag, ton-sur-ton knopen.<br/>- Nauwsluitende ribboorden op de mouwen. Halve maan in de nek.<br/>- Duurzaam 200-grams poloshirt, vervaardigd uit 50% voorgekrompen katoen en 50% gerecycled polyester. <br/>- Neutraal, enkel maatlabel aanwezig, dus uitermate geschikt voor rebranding. <br/>- Hangtag en polybags met barcode.<br/>- Geschikt voor werk- & casual vrijetijdskleding.<br/>- Beschikbaar van maat XS t/m 7XL.<br/><br/>Ook mogelijk in uw gewenste PMS-kleur aan dezelfde prijs, minimaal 300 stuks door de maten heen.",https://tghimages.nl/B2B_PS200_ANTHRACITE_FRONT.JPG
B2B-PS200,B2B Poloshirt Gabriel,B2B-PS200AN05,1,Back To Basics,,B2B-PS200AN05,B2B Poloshirt Gabriel,"6,10E+12",1,"32,1",XXL,anthracite,Poloshirt Gabriel anthracite XXL,Poloshirt Gabriel anthracite XXL,"Dit poloshirt is gemaakt van 50% katoen en 50% gerecycled polyester voor een comfortabele en duurzame keuze. Met nauwsluitende ribboorden bij de mouwen en zijsplitten biedt het zowel stijl als bewegingsvrijheid. Perfect voor elke gelegenheid.<br/><br/>- Dubbel gestikte naden, gekleurde nektape ter versteviging en 60°C wasbaar.<br/>- Set-in mouwen, zijnaden, zijsplitten. Ribkraag.<br/>- 3-Knoops kraag, ton-sur-ton knopen.<br/>- Nauwsluitende ribboorden op de mouwen. Halve maan in de nek.<br/>- Duurzaam 200-grams poloshirt, vervaardigd uit 50% voorgekrompen katoen en 50% gerecycled polyester. <br/>- Neutraal, enkel maatlabel aanwezig, dus uitermate geschikt voor rebranding. <br/>- Hangtag en polybags met barcode.<br/>- Geschikt voor werk- & casual vrijetijdskleding.<br/>- Beschikbaar van maat XS t/m 7XL.<br/><br/>Ook mogelijk in uw gewenste PMS-kleur aan dezelfde prijs, minimaal 300 stuks door de maten heen.",https://tghimages.nl/B2B_PS200_ANTHRACITE_FRONT.JPG
B2B-PS200,B2B Poloshirt Gabriel,B2B-PS200AN06,1,Back To Basics,,B2B-PS200AN06,B2B Poloshirt Gabriel,"6,10E+12",1,"32,2",3XL,anthracite,Poloshirt Gabriel anthracite 3XL,Poloshirt Gabriel anthracite 3XL,"Dit poloshirt is gemaakt van 50% katoen en 50% gerecycled polyester voor een comfortabele en duurzame keuze. Met nauwsluitende ribboorden bij de mouwen en zijsplitten biedt het zowel stijl als bewegingsvrijheid. Perfect voor elke gelegenheid.<br/><br/>- Dubbel gestikte naden, gekleurde nektape ter versteviging en 60°C wasbaar.<br/>- Set-in mouwen, zijnaden, zijsplitten. Ribkraag.<br/>- 3-Knoops kraag, ton-sur-ton knopen.<br/>- Nauwsluitende ribboorden op de mouwen. Halve maan in de nek.<br/>- Duurzaam 200-grams poloshirt, vervaardigd uit 50% voorgekrompen katoen en 50% gerecycled polyester. <br/>- Neutraal, enkel maatlabel aanwezig, dus uitermate geschikt voor rebranding. <br/>- Hangtag en polybags met barcode.<br/>- Geschikt voor werk- & casual vrijetijdskleding.<br/>- Beschikbaar van maat XS t/m 7XL.<br/><br/>Ook mogelijk in uw gewenste PMS-kleur aan dezelfde prijs, minimaal 300 stuks door de maten heen.",https://tghimages.nl/B2B_PS200_ANTHRACITE_FRONT.JPG
B2B-PS200,B2B Poloshirt Gabriel,B2B-PS200AN07,1,Back To Basics,,B2B-PS200AN07,B2B Poloshirt Gabriel,"6,10E+12",1,"32,3",4XL,anthracite,Poloshirt Gabriel anthracite 4XL,Poloshirt Gabriel anthracite 4XL,"Dit poloshirt is gemaakt van 50% katoen en 50% gerecycled polyester voor een comfortabele en duurzame keuze. Met nauwsluitende ribboorden bij de mouwen en zijsplitten biedt het zowel stijl als bewegingsvrijheid. Perfect voor elke gelegenheid.<br/><br/>- Dubbel gestikte naden, gekleurde nektape ter versteviging en 60°C wasbaar.<br/>- Set-in mouwen, zijnaden, zijsplitten. Ribkraag.<br/>- 3-Knoops kraag, ton-sur-ton knopen.<br/>- Nauwsluitende ribboorden op de mouwen. Halve maan in de nek.<br/>- Duurzaam 200-grams poloshirt, vervaardigd uit 50% voorgekrompen katoen en 50% gerecycled polyester. <br/>- Neutraal, enkel maatlabel aanwezig, dus uitermate geschikt voor rebranding. <br/>- Hangtag en polybags met barcode.<br/>- Geschikt voor werk- & casual vrijetijdskleding.<br/>- Beschikbaar van maat XS t/m 7XL.<br/><br/>Ook mogelijk in uw gewenste PMS-kleur aan dezelfde prijs, minimaal 300 stuks door de maten heen.",https://tghimages.nl/B2B_PS200_ANTHRACITE_FRONT.JPG
B2B-PS200,B2B Poloshirt Gabriel,B2B-PS200AN08,1,Back To Basics,,B2B-PS200AN08,B2B Poloshirt Gabriel,"6,10E+12",1,"32,4",5XL,anthracite,Poloshirt Gabriel anthracite 5XL,Poloshirt Gabriel anthracite 5XL,"Dit poloshirt is gemaakt van 50% katoen en 50% gerecycled polyester voor een comfortabele en duurzame keuze. Met nauwsluitende ribboorden bij de mouwen en zijsplitten biedt het zowel stijl als bewegingsvrijheid. Perfect voor elke gelegenheid.<br/><br/>- Dubbel gestikte naden, gekleurde nektape ter versteviging en 60°C wasbaar.<br/>- Set-in mouwen, zijnaden, zijsplitten. Ribkraag.<br/>- 3-Knoops kraag, ton-sur-ton knopen.<br/>- Nauwsluitende ribboorden op de mouwen. Halve maan in de nek.<br/>- Duurzaam 200-grams poloshirt, vervaardigd uit 50% voorgekrompen katoen en 50% gerecycled polyester. <br/>- Neutraal, enkel maatlabel aanwezig, dus uitermate geschikt voor rebranding. <br/>- Hangtag en polybags met barcode.<br/>- Geschikt voor werk- & casual vrijetijdskleding.<br/>- Beschikbaar van maat XS t/m 7XL.<br/><br/>Ook mogelijk in uw gewenste PMS-kleur aan dezelfde prijs, minimaal 300 stuks door de maten heen.",https://tghimages.nl/B2B_PS200_ANTHRACITE_FRONT.JPG
B2B-PS200,B2B Poloshirt Gabriel,B2B-PS200AN09,1,Back To Basics,,B2B-PS200AN09,B2B Poloshirt Gabriel,"6,10E+12",1,"32,5",6XL,anthracite,Poloshirt Gabriel anthracite 6XL,Poloshirt Gabriel anthracite 6XL,"Dit poloshirt is gemaakt van 50% katoen en 50% gerecycled polyester voor een comfortabele en duurzame keuze. Met nauwsluitende ribboorden bij de mouwen en zijsplitten biedt het zowel stijl als bewegingsvrijheid. Perfect voor elke gelegenheid.<br/><br/>- Dubbel gestikte naden, gekleurde nektape ter versteviging en 60°C wasbaar.<br/>- Set-in mouwen, zijnaden, zijsplitten. Ribkraag.<br/>- 3-Knoops kraag, ton-sur-ton knopen.<br/>- Nauwsluitende ribboorden op de mouwen. Halve maan in de nek.<br/>- Duurzaam 200-grams poloshirt, vervaardigd uit 50% voorgekrompen katoen en 50% gerecycled polyester. <br/>- Neutraal, enkel maatlabel aanwezig, dus uitermate geschikt voor rebranding. <br/>- Hangtag en polybags met barcode.<br/>- Geschikt voor werk- & casual vrijetijdskleding.<br/>- Beschikbaar van maat XS t/m 7XL.<br/><br/>Ook mogelijk in uw gewenste PMS-kleur aan dezelfde prijs, minimaal 300 stuks door de maten heen.",https://tghimages.nl/B2B_PS200_ANTHRACITE_FRONT.JPG
B2B-PS200,B2B Poloshirt Gabriel,B2B-PS200AN10,1,Back To Basics,,B2B-PS200AN10,B2B Poloshirt Gabriel,"6,10E+12",1,"32,6",7XL,anthracite,Poloshirt Gabriel anthracite 7XL,Poloshirt Gabriel anthracite 7XL,"Dit poloshirt is gemaakt van 50% katoen en 50% gerecycled polyester voor een comfortabele en duurzame keuze. Met nauwsluitende ribboorden bij de mouwen en zijsplitten biedt het zowel stijl als bewegingsvrijheid. Perfect voor elke gelegenheid.<br/><br/>- Dubbel gestikte naden, gekleurde nektape ter versteviging en 60°C wasbaar.<br/>- Set-in mouwen, zijnaden, zijsplitten. Ribkraag.<br/>- 3-Knoops kraag, ton-sur-ton knopen.<br/>- Nauwsluitende ribboorden op de mouwen. Halve maan in de nek.<br/>- Duurzaam 200-grams poloshirt, vervaardigd uit 50% voorgekrompen katoen en 50% gerecycled polyester. <br/>- Neutraal, enkel maatlabel aanwezig, dus uitermate geschikt voor rebranding. <br/>- Hangtag en polybags met barcode.<br/>- Geschikt voor werk- & casual vrijetijdskleding.<br/>- Beschikbaar van maat XS t/m 7XL.<br/><br/>Ook mogelijk in uw gewenste PMS-kleur aan dezelfde prijs, minimaal 300 stuks door de maten heen.",https://tghimages.nl/B2B_PS200_ANTHRACITE_FRONT.JPG
B2B-PS200,B2B Poloshirt Gabriel,B2B-PS200BL00,1,Back To Basics,,B2B-PS200BL00,B2B Poloshirt Gabriel,"6,10E+12",1,"32,7",XS,black,Poloshirt Gabriel black XS,Poloshirt Gabriel black XS,"Dit poloshirt is gemaakt van 50% katoen en 50% gerecycled polyester voor een comfortabele en duurzame keuze. Met nauwsluitende ribboorden bij de mouwen en zijsplitten biedt het zowel stijl als bewegingsvrijheid. Perfect voor elke gelegenheid.<br/><br/>- Dubbel gestikte naden, gekleurde nektape ter versteviging en 60°C wasbaar.<br/>- Set-in mouwen, zijnaden, zijsplitten. Ribkraag.<br/>- 3-Knoops kraag, ton-sur-ton knopen.<br/>- Nauwsluitende ribboorden op de mouwen. Halve maan in de nek.<br/>- Duurzaam 200-grams poloshirt, vervaardigd uit 50% voorgekrompen katoen en 50% gerecycled polyester. <br/>- Neutraal, enkel maatlabel aanwezig, dus uitermate geschikt voor rebranding. <br/>- Hangtag en polybags met barcode.<br/>- Geschikt voor werk- & casual vrijetijdskleding.<br/>- Beschikbaar van maat XS t/m 7XL.<br/><br/>Ook mogelijk in uw gewenste PMS-kleur aan dezelfde prijs, minimaal 300 stuks door de maten heen.",https://tghimages.nl/B2B_PS200_BLACK_FRONT.JPG
B2B-PS200,B2B Poloshirt Gabriel,B2B-PS200BL01,1,Back To Basics,,B2B-PS200BL01,B2B Poloshirt Gabriel,"6,10E+12",1,"32,8",S,black,Poloshirt Gabriel black S,Poloshirt Gabriel black S,"Dit poloshirt is gemaakt van 50% katoen en 50% gerecycled polyester voor een comfortabele en duurzame keuze. Met nauwsluitende ribboorden bij de mouwen en zijsplitten biedt het zowel stijl als bewegingsvrijheid. Perfect voor elke gelegenheid.<br/><br/>- Dubbel gestikte naden, gekleurde nektape ter versteviging en 60°C wasbaar.<br/>- Set-in mouwen, zijnaden, zijsplitten. Ribkraag.<br/>- 3-Knoops kraag, ton-sur-ton knopen.<br/>- Nauwsluitende ribboorden op de mouwen. Halve maan in de nek.<br/>- Duurzaam 200-grams poloshirt, vervaardigd uit 50% voorgekrompen katoen en 50% gerecycled polyester. <br/>- Neutraal, enkel maatlabel aanwezig, dus uitermate geschikt voor rebranding. <br/>- Hangtag en polybags met barcode.<br/>- Geschikt voor werk- & casual vrijetijdskleding.<br/>- Beschikbaar van maat XS t/m 7XL.<br/><br/>Ook mogelijk in uw gewenste PMS-kleur aan dezelfde prijs, minimaal 300 stuks door de maten heen.",https://tghimages.nl/B2B_PS200_BLACK_FRONT.JPG
B2B-PS200,B2B Poloshirt Gabriel,B2B-PS200BL02,1,Back To Basics,,B2B-PS200BL02,B2B Poloshirt Gabriel,"6,10E+12",1,"32,9",M,black,Poloshirt Gabriel black M,Poloshirt Gabriel black M,"Dit poloshirt is gemaakt van 50% katoen en 50% gerecycled polyester voor een comfortabele en duurzame keuze. Met nauwsluitende ribboorden bij de mouwen en zijsplitten biedt het zowel stijl als bewegingsvrijheid. Perfect voor elke gelegenheid.<br/><br/>- Dubbel gestikte naden, gekleurde nektape ter versteviging en 60°C wasbaar.<br/>- Set-in mouwen, zijnaden, zijsplitten. Ribkraag.<br/>- 3-Knoops kraag, ton-sur-ton knopen.<br/>- Nauwsluitende ribboorden op de mouwen. Halve maan in de nek.<br/>- Duurzaam 200-grams poloshirt, vervaardigd uit 50% voorgekrompen katoen en 50% gerecycled polyester. <br/>- Neutraal, enkel maatlabel aanwezig, dus uitermate geschikt voor rebranding. <br/>- Hangtag en polybags met barcode.<br/>- Geschikt voor werk- & casual vrijetijdskleding.<br/>- Beschikbaar van maat XS t/m 7XL.<br/><br/>Ook mogelijk in uw gewenste PMS-kleur aan dezelfde prijs, minimaal 300 stuks door de maten heen.",https://tghimages.nl/B2B_PS200_BLACK_FRONT.JPG
B2B-PS200,B2B Poloshirt Gabriel,B2B-PS200BL03,1,Back To Basics,,B2B-PS200BL03,B2B Poloshirt Gabriel,"6,10E+12",1,33,L,black,Poloshirt Gabriel black L,Poloshirt Gabriel black L,"Dit poloshirt is gemaakt van 50% katoen en 50% gerecycled polyester voor een comfortabele en duurzame keuze. Met nauwsluitende ribboorden bij de mouwen en zijsplitten biedt het zowel stijl als bewegingsvrijheid. Perfect voor elke gelegenheid.<br/><br/>- Dubbel gestikte naden, gekleurde nektape ter versteviging en 60°C wasbaar.<br/>- Set-in mouwen, zijnaden, zijsplitten. Ribkraag.<br/>- 3-Knoops kraag, ton-sur-ton knopen.<br/>- Nauwsluitende ribboorden op de mouwen. Halve maan in de nek.<br/>- Duurzaam 200-grams poloshirt, vervaardigd uit 50% voorgekrompen katoen en 50% gerecycled polyester. <br/>- Neutraal, enkel maatlabel aanwezig, dus uitermate geschikt voor rebranding. <br/>- Hangtag en polybags met barcode.<br/>- Geschikt voor werk- & casual vrijetijdskleding.<br/>- Beschikbaar van maat XS t/m 7XL.<br/><br/>Ook mogelijk in uw gewenste PMS-kleur aan dezelfde prijs, minimaal 300 stuks door de maten heen.",https://tghimages.nl/B2B_PS200_BLACK_FRONT.JPG
B2B-PS200,B2B Poloshirt Gabriel,B2B-PS200BL04,1,Back To Basics,,B2B-PS200BL04,B2B Poloshirt Gabriel,"6,10E+12",1,"33,1",XL,black,Poloshirt Gabriel black XL,Poloshirt Gabriel black XL,"Dit poloshirt is gemaakt van 50% katoen en 50% gerecycled polyester voor een comfortabele en duurzame keuze. Met nauwsluitende ribboorden bij de mouwen en zijsplitten biedt het zowel stijl als bewegingsvrijheid. Perfect voor elke gelegenheid.<br/><br/>- Dubbel gestikte naden, gekleurde nektape ter versteviging en 60°C wasbaar.<br/>- Set-in mouwen, zijnaden, zijsplitten. Ribkraag.<br/>- 3-Knoops kraag, ton-sur-ton knopen.<br/>- Nauwsluitende ribboorden op de mouwen. Halve maan in de nek.<br/>- Duurzaam 200-grams poloshirt, vervaardigd uit 50% voorgekrompen katoen en 50% gerecycled polyester. <br/>- Neutraal, enkel maatlabel aanwezig, dus uitermate geschikt voor rebranding. <br/>- Hangtag en polybags met barcode.<br/>- Geschikt voor werk- & casual vrijetijdskleding.<br/>- Beschikbaar van maat XS t/m 7XL.<br/><br/>Ook mogelijk in uw gewenste PMS-kleur aan dezelfde prijs, minimaal 300 stuks door de maten heen.",https://tghimages.nl/B2B_PS200_BLACK_FRONT.JPG
B2B-PS200,B2B Poloshirt Gabriel,B2B-PS200BL05,1,Back To Basics,,B2B-PS200BL05,B2B Poloshirt Gabriel,"6,10E+12",1,"33,2",XXL,black,Poloshirt Gabriel black XXL,Poloshirt Gabriel black XXL,"Dit poloshirt is gemaakt van 50% katoen en 50% gerecycled polyester voor een comfortabele en duurzame keuze. Met nauwsluitende ribboorden bij de mouwen en zijsplitten biedt het zowel stijl als bewegingsvrijheid. Perfect voor elke gelegenheid.<br/><br/>- Dubbel gestikte naden, gekleurde nektape ter versteviging en 60°C wasbaar.<br/>- Set-in mouwen, zijnaden, zijsplitten. Ribkraag.<br/>- 3-Knoops kraag, ton-sur-ton knopen.<br/>- Nauwsluitende ribboorden op de mouwen. Halve maan in de nek.<br/>- Duurzaam 200-grams poloshirt, vervaardigd uit 50% voorgekrompen katoen en 50% gerecycled polyester. <br/>- Neutraal, enkel maatlabel aanwezig, dus uitermate geschikt voor rebranding. <br/>- Hangtag en polybags met barcode.<br/>- Geschikt voor werk- & casual vrijetijdskleding.<br/>- Beschikbaar van maat XS t/m 7XL.<br/><br/>Ook mogelijk in uw gewenste PMS-kleur aan dezelfde prijs, minimaal 300 stuks door de maten heen.",https://tghimages.nl/B2B_PS200_BLACK_FRONT.JPG
B2B-PS200,B2B Poloshirt Gabriel,B2B-PS200BL06,1,Back To Basics,,B2B-PS200BL06,B2B Poloshirt Gabriel,"6,10E+12",1,"33,3",3XL,black,Poloshirt Gabriel black 3XL,Poloshirt Gabriel black 3XL,"Dit poloshirt is gemaakt van 50% katoen en 50% gerecycled polyester voor een comfortabele en duurzame keuze. Met nauwsluitende ribboorden bij de mouwen en zijsplitten biedt het zowel stijl als bewegingsvrijheid. Perfect voor elke gelegenheid.<br/><br/>- Dubbel gestikte naden, gekleurde nektape ter versteviging en 60°C wasbaar.<br/>- Set-in mouwen, zijnaden, zijsplitten. Ribkraag.<br/>- 3-Knoops kraag, ton-sur-ton knopen.<br/>- Nauwsluitende ribboorden op de mouwen. Halve maan in de nek.<br/>- Duurzaam 200-grams poloshirt, vervaardigd uit 50% voorgekrompen katoen en 50% gerecycled polyester. <br/>- Neutraal, enkel maatlabel aanwezig, dus uitermate geschikt voor rebranding. <br/>- Hangtag en polybags met barcode.<br/>- Geschikt voor werk- & casual vrijetijdskleding.<br/>- Beschikbaar van maat XS t/m 7XL.<br/><br/>Ook mogelijk in uw gewenste PMS-kleur aan dezelfde prijs, minimaal 300 stuks door de maten heen.",https://tghimages.nl/B2B_PS200_BLACK_FRONT.JPG
B2B-PS200,B2B Poloshirt Gabriel,B2B-PS200BL07,1,Back To Basics,,B2B-PS200BL07,B2B Poloshirt Gabriel,"6,10E+12",1,"33,4",4XL,black,Poloshirt Gabriel black 4XL,Poloshirt Gabriel black 4XL,"Dit poloshirt is gemaakt van 50% katoen en 50% gerecycled polyester voor een comfortabele en duurzame keuze. Met nauwsluitende ribboorden bij de mouwen en zijsplitten biedt het zowel stijl als bewegingsvrijheid. Perfect voor elke gelegenheid.<br/><br/>- Dubbel gestikte naden, gekleurde nektape ter versteviging en 60°C wasbaar.<br/>- Set-in mouwen, zijnaden, zijsplitten. Ribkraag.<br/>- 3-Knoops kraag, ton-sur-ton knopen.<br/>- Nauwsluitende ribboorden op de mouwen. Halve maan in de nek.<br/>- Duurzaam 200-grams poloshirt, vervaardigd uit 50% voorgekrompen katoen en 50% gerecycled polyester. <br/>- Neutraal, enkel maatlabel aanwezig, dus uitermate geschikt voor rebranding. <br/>- Hangtag en polybags met barcode.<br/>- Geschikt voor werk- & casual vrijetijdskleding.<br/>- Beschikbaar van maat XS t/m 7XL.<br/><br/>Ook mogelijk in uw gewenste PMS-kleur aan dezelfde prijs, minimaal 300 stuks door de maten heen.",https://tghimages.nl/B2B_PS200_BLACK_FRONT.JPG
B2B-PS200,B2B Poloshirt Gabriel,B2B-PS200BL08,1,Back To Basics,,B2B-PS200BL08,B2B Poloshirt Gabriel,"6,10E+12",1,"33,5",5XL,black,Poloshirt Gabriel black 5XL,Poloshirt Gabriel black 5XL,"Dit poloshirt is gemaakt van 50% katoen en 50% gerecycled polyester voor een comfortabele en duurzame keuze. Met nauwsluitende ribboorden bij de mouwen en zijsplitten biedt het zowel stijl als bewegingsvrijheid. Perfect voor elke gelegenheid.<br/><br/>- Dubbel gestikte naden, gekleurde nektape ter versteviging en 60°C wasbaar.<br/>- Set-in mouwen, zijnaden, zijsplitten. Ribkraag.<br/>- 3-Knoops kraag, ton-sur-ton knopen.<br/>- Nauwsluitende ribboorden op de mouwen. Halve maan in de nek.<br/>- Duurzaam 200-grams poloshirt, vervaardigd uit 50% voorgekrompen katoen en 50% gerecycled polyester. <br/>- Neutraal, enkel maatlabel aanwezig, dus uitermate geschikt voor rebranding. <br/>- Hangtag en polybags met barcode.<br/>- Geschikt voor werk- & casual vrijetijdskleding.<br/>- Beschikbaar van maat XS t/m 7XL.<br/><br/>Ook mogelijk in uw gewenste PMS-kleur aan dezelfde prijs, minimaal 300 stuks door de maten heen.",https://tghimages.nl/B2B_PS200_BLACK_FRONT.JPG
B2B-PS200,B2B Poloshirt Gabriel,B2B-PS200BL09,1,Back To Basics,,B2B-PS200BL09,B2B Poloshirt Gabriel,"6,10E+12",1,"33,6",6XL,black,Poloshirt Gabriel black 6XL,Poloshirt Gabriel black 6XL,"Dit poloshirt is gemaakt van 50% katoen en 50% gerecycled polyester voor een comfortabele en duurzame keuze. Met nauwsluitende ribboorden bij de mouwen en zijsplitten biedt het zowel stijl als bewegingsvrijheid. Perfect voor elke gelegenheid.<br/><br/>- Dubbel gestikte naden, gekleurde nektape ter versteviging en 60°C wasbaar.<br/>- Set-in mouwen, zijnaden, zijsplitten. Ribkraag.<br/>- 3-Knoops kraag, ton-sur-ton knopen.<br/>- Nauwsluitende ribboorden op de mouwen. Halve maan in de nek.<br/>- Duurzaam 200-grams poloshirt, vervaardigd uit 50% voorgekrompen katoen en 50% gerecycled polyester. <br/>- Neutraal, enkel maatlabel aanwezig, dus uitermate geschikt voor rebranding. <br/>- Hangtag en polybags met barcode.<br/>- Geschikt voor werk- & casual vrijetijdskleding.<br/>- Beschikbaar van maat XS t/m 7XL.<br/><br/>Ook mogelijk in uw gewenste PMS-kleur aan dezelfde prijs, minimaal 300 stuks door de maten heen.",https://tghimages.nl/B2B_PS200_BLACK_FRONT.JPG
B2B-PS200,B2B Poloshirt Gabriel,B2B-PS200BL10,1,Back To Basics,,B2B-PS200BL10,B2B Poloshirt Gabriel,"6,10E+12",1,"33,7",7XL,black,Poloshirt Gabriel black 7XL,Poloshirt Gabriel black 7XL,"Dit poloshirt is gemaakt van 50% katoen en 50% gerecycled polyester voor een comfortabele en duurzame keuze. Met nauwsluitende ribboorden bij de mouwen en zijsplitten biedt het zowel stijl als bewegingsvrijheid. Perfect voor elke gelegenheid.<br/><br/>- Dubbel gestikte naden, gekleurde nektape ter versteviging en 60°C wasbaar.<br/>- Set-in mouwen, zijnaden, zijsplitten. Ribkraag.<br/>- 3-Knoops kraag, ton-sur-ton knopen.<br/>- Nauwsluitende ribboorden op de mouwen. Halve maan in de nek.<br/>- Duurzaam 200-grams poloshirt, vervaardigd uit 50% voorgekrompen katoen en 50% gerecycled polyester. <br/>- Neutraal, enkel maatlabel aanwezig, dus uitermate geschikt voor rebranding. <br/>- Hangtag en polybags met barcode.<br/>- Geschikt voor werk- & casual vrijetijdskleding.<br/>- Beschikbaar van maat XS t/m 7XL.<br/><br/>Ook mogelijk in uw gewenste PMS-kleur aan dezelfde prijs, minimaal 300 stuks door de maten heen.",https://tghimages.nl/B2B_PS200_BLACK_FRONT.JPG
B2B-PS200,B2B Poloshirt Gabriel,B2B-PS200GR00,1,Back To Basics,,B2B-PS200GR00,B2B Poloshirt Gabriel,"6,10E+12",1,"33,8",XS,grey,Poloshirt Gabriel grey XS,Poloshirt Gabriel grey XS,"Dit poloshirt is gemaakt van 50% katoen en 50% gerecycled polyester voor een comfortabele en duurzame keuze. Met nauwsluitende ribboorden bij de mouwen en zijsplitten biedt het zowel stijl als bewegingsvrijheid. Perfect voor elke gelegenheid.<br/><br/>- Dubbel gestikte naden, gekleurde nektape ter versteviging en 60°C wasbaar.<br/>- Set-in mouwen, zijnaden, zijsplitten. Ribkraag.<br/>- 3-Knoops kraag, ton-sur-ton knopen.<br/>- Nauwsluitende ribboorden op de mouwen. Halve maan in de nek.<br/>- Duurzaam 200-grams poloshirt, vervaardigd uit 50% voorgekrompen katoen en 50% gerecycled polyester. <br/>- Neutraal, enkel maatlabel aanwezig, dus uitermate geschikt voor rebranding. <br/>- Hangtag en polybags met barcode.<br/>- Geschikt voor werk- & casual vrijetijdskleding.<br/>- Beschikbaar van maat XS t/m 7XL.<br/><br/>Ook mogelijk in uw gewenste PMS-kleur aan dezelfde prijs, minimaal 300 stuks door de maten heen.",https://tghimages.nl/B2B_PS200_GREY_FRONT.JPG
B2B-PS200,B2B Poloshirt Gabriel,B2B-PS200GR01,1,Back To Basics,,B2B-PS200GR01,B2B Poloshirt Gabriel,"6,10E+12",1,"33,9",S,grey,Poloshirt Gabriel grey S,Poloshirt Gabriel grey S,"Dit poloshirt is gemaakt van 50% katoen en 50% gerecycled polyester voor een comfortabele en duurzame keuze. Met nauwsluitende ribboorden bij de mouwen en zijsplitten biedt het zowel stijl als bewegingsvrijheid. Perfect voor elke gelegenheid.<br/><br/>- Dubbel gestikte naden, gekleurde nektape ter versteviging en 60°C wasbaar.<br/>- Set-in mouwen, zijnaden, zijsplitten. Ribkraag.<br/>- 3-Knoops kraag, ton-sur-ton knopen.<br/>- Nauwsluitende ribboorden op de mouwen. Halve maan in de nek.<br/>- Duurzaam 200-grams poloshirt, vervaardigd uit 50% voorgekrompen katoen en 50% gerecycled polyester. <br/>- Neutraal, enkel maatlabel aanwezig, dus uitermate geschikt voor rebranding. <br/>- Hangtag en polybags met barcode.<br/>- Geschikt voor werk- & casual vrijetijdskleding.<br/>- Beschikbaar van maat XS t/m 7XL.<br/><br/>Ook mogelijk in uw gewenste PMS-kleur aan dezelfde prijs, minimaal 300 stuks door de maten heen.",https://tghimages.nl/B2B_PS200_GREY_FRONT.JPG
B2B-PS200,B2B Poloshirt Gabriel,B2B-PS200GR02,1,Back To Basics,,B2B-PS200GR02,B2B Poloshirt Gabriel,"6,10E+12",1,34,M,grey,Poloshirt Gabriel grey M,Poloshirt Gabriel grey M,"Dit poloshirt is gemaakt van 50% katoen en 50% gerecycled polyester voor een comfortabele en duurzame keuze. Met nauwsluitende ribboorden bij de mouwen en zijsplitten biedt het zowel stijl als bewegingsvrijheid. Perfect voor elke gelegenheid.<br/><br/>- Dubbel gestikte naden, gekleurde nektape ter versteviging en 60°C wasbaar.<br/>- Set-in mouwen, zijnaden, zijsplitten. Ribkraag.<br/>- 3-Knoops kraag, ton-sur-ton knopen.<br/>- Nauwsluitende ribboorden op de mouwen. Halve maan in de nek.<br/>- Duurzaam 200-grams poloshirt, vervaardigd uit 50% voorgekrompen katoen en 50% gerecycled polyester. <br/>- Neutraal, enkel maatlabel aanwezig, dus uitermate geschikt voor rebranding. <br/>- Hangtag en polybags met barcode.<br/>- Geschikt voor werk- & casual vrijetijdskleding.<br/>- Beschikbaar van maat XS t/m 7XL.<br/><br/>Ook mogelijk in uw gewenste PMS-kleur aan dezelfde prijs, minimaal 300 stuks door de maten heen.",https://tghimages.nl/B2B_PS200_GREY_FRONT.JPG
B2B-PS200,B2B Poloshirt Gabriel,B2B-PS200GR03,1,Back To Basics,,B2B-PS200GR03,B2B Poloshirt Gabriel,"6,10E+12",1,"34,1",L,grey,Poloshirt Gabriel grey L,Poloshirt Gabriel grey L,"Dit poloshirt is gemaakt van 50% katoen en 50% gerecycled polyester voor een comfortabele en duurzame keuze. Met nauwsluitende ribboorden bij de mouwen en zijsplitten biedt het zowel stijl als bewegingsvrijheid. Perfect voor elke gelegenheid.<br/><br/>- Dubbel gestikte naden, gekleurde nektape ter versteviging en 60°C wasbaar.<br/>- Set-in mouwen, zijnaden, zijsplitten. Ribkraag.<br/>- 3-Knoops kraag, ton-sur-ton knopen.<br/>- Nauwsluitende ribboorden op de mouwen. Halve maan in de nek.<br/>- Duurzaam 200-grams poloshirt, vervaardigd uit 50% voorgekrompen katoen en 50% gerecycled polyester. <br/>- Neutraal, enkel maatlabel aanwezig, dus uitermate geschikt voor rebranding. <br/>- Hangtag en polybags met barcode.<br/>- Geschikt voor werk- & casual vrijetijdskleding.<br/>- Beschikbaar van maat XS t/m 7XL.<br/><br/>Ook mogelijk in uw gewenste PMS-kleur aan dezelfde prijs, minimaal 300 stuks door de maten heen.",https://tghimages.nl/B2B_PS200_GREY_FRONT.JPG
B2B-PS200,B2B Poloshirt Gabriel,B2B-PS200GR04,1,Back To Basics,,B2B-PS200GR04,B2B Poloshirt Gabriel,"6,10E+12",1,"34,2",XL,grey,Poloshirt Gabriel grey XL,Poloshirt Gabriel grey XL,"Dit poloshirt is gemaakt van 50% katoen en 50% gerecycled polyester voor een comfortabele en duurzame keuze. Met nauwsluitende ribboorden bij de mouwen en zijsplitten biedt het zowel stijl als bewegingsvrijheid. Perfect voor elke gelegenheid.<br/><br/>- Dubbel gestikte naden, gekleurde nektape ter versteviging en 60°C wasbaar.<br/>- Set-in mouwen, zijnaden, zijsplitten. Ribkraag.<br/>- 3-Knoops kraag, ton-sur-ton knopen.<br/>- Nauwsluitende ribboorden op de mouwen. Halve maan in de nek.<br/>- Duurzaam 200-grams poloshirt, vervaardigd uit 50% voorgekrompen katoen en 50% gerecycled polyester. <br/>- Neutraal, enkel maatlabel aanwezig, dus uitermate geschikt voor rebranding. <br/>- Hangtag en polybags met barcode.<br/>- Geschikt voor werk- & casual vrijetijdskleding.<br/>- Beschikbaar van maat XS t/m 7XL.<br/><br/>Ook mogelijk in uw gewenste PMS-kleur aan dezelfde prijs, minimaal 300 stuks door de maten heen.",https://tghimages.nl/B2B_PS200_GREY_FRONT.JPG
B2B-PS200,B2B Poloshirt Gabriel,B2B-PS200GR05,1,Back To Basics,,B2B-PS200GR05,B2B Poloshirt Gabriel,"6,10E+12",1,"34,3",XXL,grey,Poloshirt Gabriel grey XXL,Poloshirt Gabriel grey XXL,"Dit poloshirt is gemaakt van 50% katoen en 50% gerecycled polyester voor een comfortabele en duurzame keuze. Met nauwsluitende ribboorden bij de mouwen en zijsplitten biedt het zowel stijl als bewegingsvrijheid. Perfect voor elke gelegenheid.<br/><br/>- Dubbel gestikte naden, gekleurde nektape ter versteviging en 60°C wasbaar.<br/>- Set-in mouwen, zijnaden, zijsplitten. Ribkraag.<br/>- 3-Knoops kraag, ton-sur-ton knopen.<br/>- Nauwsluitende ribboorden op de mouwen. Halve maan in de nek.<br/>- Duurzaam 200-grams poloshirt, vervaardigd uit 50% voorgekrompen katoen en 50% gerecycled polyester. <br/>- Neutraal, enkel maatlabel aanwezig, dus uitermate geschikt voor rebranding. <br/>- Hangtag en polybags met barcode.<br/>- Geschikt voor werk- & casual vrijetijdskleding.<br/>- Beschikbaar van maat XS t/m 7XL.<br/><br/>Ook mogelijk in uw gewenste PMS-kleur aan dezelfde prijs, minimaal 300 stuks door de maten heen.",https://tghimages.nl/B2B_PS200_GREY_FRONT.JPG
B2B-PS200,B2B Poloshirt Gabriel,B2B-PS200GR06,1,Back To Basics,,B2B-PS200GR06,B2B Poloshirt Gabriel,"6,10E+12",1,"34,4",3XL,grey,Poloshirt Gabriel grey 3XL,Poloshirt Gabriel grey 3XL,"Dit poloshirt is gemaakt van 50% katoen en 50% gerecycled polyester voor een comfortabele en duurzame keuze. Met nauwsluitende ribboorden bij de mouwen en zijsplitten biedt het zowel stijl als bewegingsvrijheid. Perfect voor elke gelegenheid.<br/><br/>- Dubbel gestikte naden, gekleurde nektape ter versteviging en 60°C wasbaar.<br/>- Set-in mouwen, zijnaden, zijsplitten. Ribkraag.<br/>- 3-Knoops kraag, ton-sur-ton knopen.<br/>- Nauwsluitende ribboorden op de mouwen. Halve maan in de nek.<br/>- Duurzaam 200-grams poloshirt, vervaardigd uit 50% voorgekrompen katoen en 50% gerecycled polyester. <br/>- Neutraal, enkel maatlabel aanwezig, dus uitermate geschikt voor rebranding. <br/>- Hangtag en polybags met barcode.<br/>- Geschikt voor werk- & casual vrijetijdskleding.<br/>- Beschikbaar van maat XS t/m 7XL.<br/><br/>Ook mogelijk in uw gewenste PMS-kleur aan dezelfde prijs, minimaal 300 stuks door de maten heen.",https://tghimages.nl/B2B_PS200_GREY_FRONT.JPG
B2B-PS200,B2B Poloshirt Gabriel,B2B-PS200GR07,1,Back To Basics,,B2B-PS200GR07,B2B Poloshirt Gabriel,"6,10E+12",1,"34,5",4XL,grey,Poloshirt Gabriel grey 4XL,Poloshirt Gabriel grey 4XL,"Dit poloshirt is gemaakt van 50% katoen en 50% gerecycled polyester voor een comfortabele en duurzame keuze. Met nauwsluitende ribboorden bij de mouwen en zijsplitten biedt het zowel stijl als bewegingsvrijheid. Perfect voor elke gelegenheid.<br/><br/>- Dubbel gestikte naden, gekleurde nektape ter versteviging en 60°C wasbaar.<br/>- Set-in mouwen, zijnaden, zijsplitten. Ribkraag.<br/>- 3-Knoops kraag, ton-sur-ton knopen.<br/>- Nauwsluitende ribboorden op de mouwen. Halve maan in de nek.<br/>- Duurzaam 200-grams poloshirt, vervaardigd uit 50% voorgekrompen katoen en 50% gerecycled polyester. <br/>- Neutraal, enkel maatlabel aanwezig, dus uitermate geschikt voor rebranding. <br/>- Hangtag en polybags met barcode.<br/>- Geschikt voor werk- & casual vrijetijdskleding.<br/>- Beschikbaar van maat XS t/m 7XL.<br/><br/>Ook mogelijk in uw gewenste PMS-kleur aan dezelfde prijs, minimaal 300 stuks door de maten heen.",https://tghimages.nl/B2B_PS200_GREY_FRONT.JPG
B2B-PS200,B2B Poloshirt Gabriel,B2B-PS200GR08,1,Back To Basics,,B2B-PS200GR08,B2B Poloshirt Gabriel,"6,10E+12",1,"34,6",5XL,grey,Poloshirt Gabriel grey 5XL,Poloshirt Gabriel grey 5XL,"Dit poloshirt is gemaakt van 50% katoen en 50% gerecycled polyester voor een comfortabele en duurzame keuze. Met nauwsluitende ribboorden bij de mouwen en zijsplitten biedt het zowel stijl als bewegingsvrijheid. Perfect voor elke gelegenheid.<br/><br/>- Dubbel gestikte naden, gekleurde nektape ter versteviging en 60°C wasbaar.<br/>- Set-in mouwen, zijnaden, zijsplitten. Ribkraag.<br/>- 3-Knoops kraag, ton-sur-ton knopen.<br/>- Nauwsluitende ribboorden op de mouwen. Halve maan in de nek.<br/>- Duurzaam 200-grams poloshirt, vervaardigd uit 50% voorgekrompen katoen en 50% gerecycled polyester. <br/>- Neutraal, enkel maatlabel aanwezig, dus uitermate geschikt voor rebranding. <br/>- Hangtag en polybags met barcode.<br/>- Geschikt voor werk- & casual vrijetijdskleding.<br/>- Beschikbaar van maat XS t/m 7XL.<br/><br/>Ook mogelijk in uw gewenste PMS-kleur aan dezelfde prijs, minimaal 300 stuks door de maten heen.",https://tghimages.nl/B2B_PS200_GREY_FRONT.JPG
B2B-PS200,B2B Poloshirt Gabriel,B2B-PS200GR09,1,Back To Basics,,B2B-PS200GR09,B2B Poloshirt Gabriel,"6,10E+12",1,"34,7",6XL,grey,Poloshirt Gabriel grey 6XL,Poloshirt Gabriel grey 6XL,"Dit poloshirt is gemaakt van 50% katoen en 50% gerecycled polyester voor een comfortabele en duurzame keuze. Met nauwsluitende ribboorden bij de mouwen en zijsplitten biedt het zowel stijl als bewegingsvrijheid. Perfect voor elke gelegenheid.<br/><br/>- Dubbel gestikte naden, gekleurde nektape ter versteviging en 60°C wasbaar.<br/>- Set-in mouwen, zijnaden, zijsplitten. Ribkraag.<br/>- 3-Knoops kraag, ton-sur-ton knopen.<br/>- Nauwsluitende ribboorden op de mouwen. Halve maan in de nek.<br/>- Duurzaam 200-grams poloshirt, vervaardigd uit 50% voorgekrompen katoen en 50% gerecycled polyester. <br/>- Neutraal, enkel maatlabel aanwezig, dus uitermate geschikt voor rebranding. <br/>- Hangtag en polybags met barcode.<br/>- Geschikt voor werk- & casual vrijetijdskleding.<br/>- Beschikbaar van maat XS t/m 7XL.<br/><br/>Ook mogelijk in uw gewenste PMS-kleur aan dezelfde prijs, minimaal 300 stuks door de maten heen.",https://tghimages.nl/B2B_PS200_GREY_FRONT.JPG
B2B-PS200,B2B Poloshirt Gabriel,B2B-PS200GR10,1,Back To Basics,,B2B-PS200GR10,B2B Poloshirt Gabriel,"6,10E+12",1,"34,8",7XL,grey,Poloshirt Gabriel grey 7XL,Poloshirt Gabriel grey 7XL,"Dit poloshirt is gemaakt van 50% katoen en 50% gerecycled polyester voor een comfortabele en duurzame keuze. Met nauwsluitende ribboorden bij de mouwen en zijsplitten biedt het zowel stijl als bewegingsvrijheid. Perfect voor elke gelegenheid.<br/><br/>- Dubbel gestikte naden, gekleurde nektape ter versteviging en 60°C wasbaar.<br/>- Set-in mouwen, zijnaden, zijsplitten. Ribkraag.<br/>- 3-Knoops kraag, ton-sur-ton knopen.<br/>- Nauwsluitende ribboorden op de mouwen. Halve maan in de nek.<br/>- Duurzaam 200-grams poloshirt, vervaardigd uit 50% voorgekrompen katoen en 50% gerecycled polyester. <br/>- Neutraal, enkel maatlabel aanwezig, dus uitermate geschikt voor rebranding. <br/>- Hangtag en polybags met barcode.<br/>- Geschikt voor werk- & casual vrijetijdskleding.<br/>- Beschikbaar van maat XS t/m 7XL.<br/><br/>Ook mogelijk in uw gewenste PMS-kleur aan dezelfde prijs, minimaal 300 stuks door de maten heen.",https://tghimages.nl/B2B_PS200_GREY_FRONT.JPG
B2B-PS200L,B2B Ladies Poloshirt Jessie,B2B-PS200LAN00,1,Back To Basics,,B2B-PS200LAN00,B2B Ladies Poloshirt Jessie,"6,10E+12",1,"34,9",XS,anthracite,Ladies Poloshirt Jessie anthracite XS,Ladies Poloshirt Jessie anthracite XS,"Dit poloshirt is gemaakt van 50% katoen en 50% gerecycled polyester voor een comfortabele en duurzame keuze. Met ribboorden bij de mouwen en zijsplitten biedt het zowel stijl als bewegingsvrijheid. Perfect voor elke gelegenheid.<br/><br/>- Dubbel gestikte naden, gekleurde nektape ter versteviging en 60°C wasbaar.<br/>- Set-in mouwen, zijnaden, zijsplitten. Ribkraag.<br/>- 4-Knoops kraag, ton-sur-ton knopen.<br/>- Ribboorden op de mouwen. Halve maan in de nek.<br/>- Duurzaam 200-grams poloshirt, vervaardigd uit 50% voorgekrompen katoen en 50% gerecycled polyester. <br/>- Neutraal, enkel maatlabel aanwezig, dus uitermate geschikt voor rebranding. <br/>- Hangtag en polybags met barcode.<br/>- Geschikt voor werk- & casual vrijetijdskleding.<br/>- Beschikbaar van maat XS t/m 5XL.<br/><br/>Ook mogelijk in uw gewenste PMS-kleur aan dezelfde prijs, minimaal 300 stuks door de maten heen.",https://tghimages.nl/B2B_PS200L_ANTHRACITE_FRONT.JPG
B2B-PS200L,B2B Ladies Poloshirt Jessie,B2B-PS200LAN01,1,Back To Basics,,B2B-PS200LAN01,B2B Ladies Poloshirt Jessie,"6,10E+12",1,35,S,anthracite,Ladies Poloshirt Jessie anthracite S,Ladies Poloshirt Jessie anthracite S,"Dit poloshirt is gemaakt van 50% katoen en 50% gerecycled polyester voor een comfortabele en duurzame keuze. Met ribboorden bij de mouwen en zijsplitten biedt het zowel stijl als bewegingsvrijheid. Perfect voor elke gelegenheid.<br/><br/>- Dubbel gestikte naden, gekleurde nektape ter versteviging en 60°C wasbaar.<br/>- Set-in mouwen, zijnaden, zijsplitten. Ribkraag.<br/>- 4-Knoops kraag, ton-sur-ton knopen.<br/>- Ribboorden op de mouwen. Halve maan in de nek.<br/>- Duurzaam 200-grams poloshirt, vervaardigd uit 50% voorgekrompen katoen en 50% gerecycled polyester. <br/>- Neutraal, enkel maatlabel aanwezig, dus uitermate geschikt voor rebranding. <br/>- Hangtag en polybags met barcode.<br/>- Geschikt voor werk- & casual vrijetijdskleding.<br/>- Beschikbaar van maat XS t/m 5XL.<br/><br/>Ook mogelijk in uw gewenste PMS-kleur aan dezelfde prijs, minimaal 300 stuks door de maten heen.",https://tghimages.nl/B2B_PS200L_ANTHRACITE_FRONT.JPG
B2B-PS200L,B2B Ladies Poloshirt Jessie,B2B-PS200LAN02,1,Back To Basics,,B2B-PS200LAN02,B2B Ladies Poloshirt Jessie,"6,10E+12",1,"35,1",M,anthracite,Ladies Poloshirt Jessie anthracite M,Ladies Poloshirt Jessie anthracite M,"Dit poloshirt is gemaakt van 50% katoen en 50% gerecycled polyester voor een comfortabele en duurzame keuze. Met ribboorden bij de mouwen en zijsplitten biedt het zowel stijl als bewegingsvrijheid. Perfect voor elke gelegenheid.<br/><br/>- Dubbel gestikte naden, gekleurde nektape ter versteviging en 60°C wasbaar.<br/>- Set-in mouwen, zijnaden, zijsplitten. Ribkraag.<br/>- 4-Knoops kraag, ton-sur-ton knopen.<br/>- Ribboorden op de mouwen. Halve maan in de nek.<br/>- Duurzaam 200-grams poloshirt, vervaardigd uit 50% voorgekrompen katoen en 50% gerecycled polyester. <br/>- Neutraal, enkel maatlabel aanwezig, dus uitermate geschikt voor rebranding. <br/>- Hangtag en polybags met barcode.<br/>- Geschikt voor werk- & casual vrijetijdskleding.<br/>- Beschikbaar van maat XS t/m 5XL.<br/><br/>Ook mogelijk in uw gewenste PMS-kleur aan dezelfde prijs, minimaal 300 stuks door de maten heen.",https://tghimages.nl/B2B_PS200L_ANTHRACITE_FRONT.JPG
B2B-PS200L,B2B Ladies Poloshirt Jessie,B2B-PS200LAN03,1,Back To Basics,,B2B-PS200LAN03,B2B Ladies Poloshirt Jessie,"6,10E+12",1,"35,2",L,anthracite,Ladies Poloshirt Jessie anthracite L,Ladies Poloshirt Jessie anthracite L,"Dit poloshirt is gemaakt van 50% katoen en 50% gerecycled polyester voor een comfortabele en duurzame keuze. Met ribboorden bij de mouwen en zijsplitten biedt het zowel stijl als bewegingsvrijheid. Perfect voor elke gelegenheid.<br/><br/>- Dubbel gestikte naden, gekleurde nektape ter versteviging en 60°C wasbaar.<br/>- Set-in mouwen, zijnaden, zijsplitten. Ribkraag.<br/>- 4-Knoops kraag, ton-sur-ton knopen.<br/>- Ribboorden op de mouwen. Halve maan in de nek.<br/>- Duurzaam 200-grams poloshirt, vervaardigd uit 50% voorgekrompen katoen en 50% gerecycled polyester. <br/>- Neutraal, enkel maatlabel aanwezig, dus uitermate geschikt voor rebranding. <br/>- Hangtag en polybags met barcode.<br/>- Geschikt voor werk- & casual vrijetijdskleding.<br/>- Beschikbaar van maat XS t/m 5XL.<br/><br/>Ook mogelijk in uw gewenste PMS-kleur aan dezelfde prijs, minimaal 300 stuks door de maten heen.",https://tghimages.nl/B2B_PS200L_ANTHRACITE_FRONT.JPG
B2B-PS200L,B2B Ladies Poloshirt Jessie,B2B-PS200LAN04,1,Back To Basics,,B2B-PS200LAN04,B2B Ladies Poloshirt Jessie,"6,10E+12",1,"35,3",XL,anthracite,Ladies Poloshirt Jessie anthracite XL,Ladies Poloshirt Jessie anthracite XL,"Dit poloshirt is gemaakt van 50% katoen en 50% gerecycled polyester voor een comfortabele en duurzame keuze. Met ribboorden bij de mouwen en zijsplitten biedt het zowel stijl als bewegingsvrijheid. Perfect voor elke gelegenheid.<br/><br/>- Dubbel gestikte naden, gekleurde nektape ter versteviging en 60°C wasbaar.<br/>- Set-in mouwen, zijnaden, zijsplitten. Ribkraag.<br/>- 4-Knoops kraag, ton-sur-ton knopen.<br/>- Ribboorden op de mouwen. Halve maan in de nek.<br/>- Duurzaam 200-grams poloshirt, vervaardigd uit 50% voorgekrompen katoen en 50% gerecycled polyester. <br/>- Neutraal, enkel maatlabel aanwezig, dus uitermate geschikt voor rebranding. <br/>- Hangtag en polybags met barcode.<br/>- Geschikt voor werk- & casual vrijetijdskleding.<br/>- Beschikbaar van maat XS t/m 5XL.<br/><br/>Ook mogelijk in uw gewenste PMS-kleur aan dezelfde prijs, minimaal 300 stuks door de maten heen.",https://tghimages.nl/B2B_PS200L_ANTHRACITE_FRONT.JPG
B2B-PS200L,B2B Ladies Poloshirt Jessie,B2B-PS200LAN05,1,Back To Basics,,B2B-PS200LAN05,B2B Ladies Poloshirt Jessie,"6,10E+12",1,"35,4",XXL,anthracite,Ladies Poloshirt Jessie anthracite XXL,Ladies Poloshirt Jessie anthracite XXL,"Dit poloshirt is gemaakt van 50% katoen en 50% gerecycled polyester voor een comfortabele en duurzame keuze. Met ribboorden bij de mouwen en zijsplitten biedt het zowel stijl als bewegingsvrijheid. Perfect voor elke gelegenheid.<br/><br/>- Dubbel gestikte naden, gekleurde nektape ter versteviging en 60°C wasbaar.<br/>- Set-in mouwen, zijnaden, zijsplitten. Ribkraag.<br/>- 4-Knoops kraag, ton-sur-ton knopen.<br/>- Ribboorden op de mouwen. Halve maan in de nek.<br/>- Duurzaam 200-grams poloshirt, vervaardigd uit 50% voorgekrompen katoen en 50% gerecycled polyester. <br/>- Neutraal, enkel maatlabel aanwezig, dus uitermate geschikt voor rebranding. <br/>- Hangtag en polybags met barcode.<br/>- Geschikt voor werk- & casual vrijetijdskleding.<br/>- Beschikbaar van maat XS t/m 5XL.<br/><br/>Ook mogelijk in uw gewenste PMS-kleur aan dezelfde prijs, minimaal 300 stuks door de maten heen.",https://tghimages.nl/B2B_PS200L_ANTHRACITE_FRONT.JPG
B2B-PS200L,B2B Ladies Poloshirt Jessie,B2B-PS200LAN06,1,Back To Basics,,B2B-PS200LAN06,B2B Ladies Poloshirt Jessie,"6,10E+12",1,"35,5",3XL,anthracite,Ladies Poloshirt Jessie anthracite 3XL,Ladies Poloshirt Jessie anthracite 3XL,"Dit poloshirt is gemaakt van 50% katoen en 50% gerecycled polyester voor een comfortabele en duurzame keuze. Met ribboorden bij de mouwen en zijsplitten biedt het zowel stijl als bewegingsvrijheid. Perfect voor elke gelegenheid.<br/><br/>- Dubbel gestikte naden, gekleurde nektape ter versteviging en 60°C wasbaar.<br/>- Set-in mouwen, zijnaden, zijsplitten. Ribkraag.<br/>- 4-Knoops kraag, ton-sur-ton knopen.<br/>- Ribboorden op de mouwen. Halve maan in de nek.<br/>- Duurzaam 200-grams poloshirt, vervaardigd uit 50% voorgekrompen katoen en 50% gerecycled polyester. <br/>- Neutraal, enkel maatlabel aanwezig, dus uitermate geschikt voor rebranding. <br/>- Hangtag en polybags met barcode.<br/>- Geschikt voor werk- & casual vrijetijdskleding.<br/>- Beschikbaar van maat XS t/m 5XL.<br/><br/>Ook mogelijk in uw gewenste PMS-kleur aan dezelfde prijs, minimaal 300 stuks door de maten heen.",https://tghimages.nl/B2B_PS200L_ANTHRACITE_FRONT.JPG
B2B-PS200L,B2B Ladies Poloshirt Jessie,B2B-PS200LAN07,1,Back To Basics,,B2B-PS200LAN07,B2B Ladies Poloshirt Jessie,"6,10E+12",1,"35,6",4XL,anthracite,Ladies Poloshirt Jessie anthracite 4XL,Ladies Poloshirt Jessie anthracite 4XL,"Dit poloshirt is gemaakt van 50% katoen en 50% gerecycled polyester voor een comfortabele en duurzame keuze. Met ribboorden bij de mouwen en zijsplitten biedt het zowel stijl als bewegingsvrijheid. Perfect voor elke gelegenheid.<br/><br/>- Dubbel gestikte naden, gekleurde nektape ter versteviging en 60°C wasbaar.<br/>- Set-in mouwen, zijnaden, zijsplitten. Ribkraag.<br/>- 4-Knoops kraag, ton-sur-ton knopen.<br/>- Ribboorden op de mouwen. Halve maan in de nek.<br/>- Duurzaam 200-grams poloshirt, vervaardigd uit 50% voorgekrompen katoen en 50% gerecycled polyester. <br/>- Neutraal, enkel maatlabel aanwezig, dus uitermate geschikt voor rebranding. <br/>- Hangtag en polybags met barcode.<br/>- Geschikt voor werk- & casual vrijetijdskleding.<br/>- Beschikbaar van maat XS t/m 5XL.<br/><br/>Ook mogelijk in uw gewenste PMS-kleur aan dezelfde prijs, minimaal 300 stuks door de maten heen.",https://tghimages.nl/B2B_PS200L_ANTHRACITE_FRONT.JPG
B2B-PS200L,B2B Ladies Poloshirt Jessie,B2B-PS200LAN08,1,Back To Basics,,B2B-PS200LAN08,B2B Ladies Poloshirt Jessie,"6,10E+12",1,"35,7",5XL,anthracite,Ladies Poloshirt Jessie anthracite 5XL,Ladies Poloshirt Jessie anthracite 5XL,"Dit poloshirt is gemaakt van 50% katoen en 50% gerecycled polyester voor een comfortabele en duurzame keuze. Met ribboorden bij de mouwen en zijsplitten biedt het zowel stijl als bewegingsvrijheid. Perfect voor elke gelegenheid.<br/><br/>- Dubbel gestikte naden, gekleurde nektape ter versteviging en 60°C wasbaar.<br/>- Set-in mouwen, zijnaden, zijsplitten. Ribkraag.<br/>- 4-Knoops kraag, ton-sur-ton knopen.<br/>- Ribboorden op de mouwen. Halve maan in de nek.<br/>- Duurzaam 200-grams poloshirt, vervaardigd uit 50% voorgekrompen katoen en 50% gerecycled polyester. <br/>- Neutraal, enkel maatlabel aanwezig, dus uitermate geschikt voor rebranding. <br/>- Hangtag en polybags met barcode.<br/>- Geschikt voor werk- & casual vrijetijdskleding.<br/>- Beschikbaar van maat XS t/m 5XL.<br/><br/>Ook mogelijk in uw gewenste PMS-kleur aan dezelfde prijs, minimaal 300 stuks door de maten heen.",https://tghimages.nl/B2B_PS200L_ANTHRACITE_FRONT.JPG
B2B-PS200L,B2B Ladies Poloshirt Jessie,B2B-PS200LBL00,1,Back To Basics,,B2B-PS200LBL00,B2B Ladies Poloshirt Jessie,"6,10E+12",1,"35,8",XS,black,Ladies Poloshirt Jessie black XS,Ladies Poloshirt Jessie black XS,"Dit poloshirt is gemaakt van 50% katoen en 50% gerecycled polyester voor een comfortabele en duurzame keuze. Met ribboorden bij de mouwen en zijsplitten biedt het zowel stijl als bewegingsvrijheid. Perfect voor elke gelegenheid.<br/><br/>- Dubbel gestikte naden, gekleurde nektape ter versteviging en 60°C wasbaar.<br/>- Set-in mouwen, zijnaden, zijsplitten. Ribkraag.<br/>- 4-Knoops kraag, ton-sur-ton knopen.<br/>- Ribboorden op de mouwen. Halve maan in de nek.<br/>- Duurzaam 200-grams poloshirt, vervaardigd uit 50% voorgekrompen katoen en 50% gerecycled polyester. <br/>- Neutraal, enkel maatlabel aanwezig, dus uitermate geschikt voor rebranding. <br/>- Hangtag en polybags met barcode.<br/>- Geschikt voor werk- & casual vrijetijdskleding.<br/>- Beschikbaar van maat XS t/m 5XL.<br/><br/>Ook mogelijk in uw gewenste PMS-kleur aan dezelfde prijs, minimaal 300 stuks door de maten heen.",https://tghimages.nl/B2B_PS200L_BLACK_FRONT.JPG
B2B-PS200L,B2B Ladies Poloshirt Jessie,B2B-PS200LBL01,1,Back To Basics,,B2B-PS200LBL01,B2B Ladies Poloshirt Jessie,"6,10E+12",1,"35,9",S,black,Ladies Poloshirt Jessie black S,Ladies Poloshirt Jessie black S,"Dit poloshirt is gemaakt van 50% katoen en 50% gerecycled polyester voor een comfortabele en duurzame keuze. Met ribboorden bij de mouwen en zijsplitten biedt het zowel stijl als bewegingsvrijheid. Perfect voor elke gelegenheid.<br/><br/>- Dubbel gestikte naden, gekleurde nektape ter versteviging en 60°C wasbaar.<br/>- Set-in mouwen, zijnaden, zijsplitten. Ribkraag.<br/>- 4-Knoops kraag, ton-sur-ton knopen.<br/>- Ribboorden op de mouwen. Halve maan in de nek.<br/>- Duurzaam 200-grams poloshirt, vervaardigd uit 50% voorgekrompen katoen en 50% gerecycled polyester. <br/>- Neutraal, enkel maatlabel aanwezig, dus uitermate geschikt voor rebranding. <br/>- Hangtag en polybags met barcode.<br/>- Geschikt voor werk- & casual vrijetijdskleding.<br/>- Beschikbaar van maat XS t/m 5XL.<br/><br/>Ook mogelijk in uw gewenste PMS-kleur aan dezelfde prijs, minimaal 300 stuks door de maten heen.",https://tghimages.nl/B2B_PS200L_BLACK_FRONT.JPG
B2B-PS200L,B2B Ladies Poloshirt Jessie,B2B-PS200LBL02,1,Back To Basics,,B2B-PS200LBL02,B2B Ladies Poloshirt Jessie,"6,10E+12",1,36,M,black,Ladies Poloshirt Jessie black M,Ladies Poloshirt Jessie black M,"Dit poloshirt is gemaakt van 50% katoen en 50% gerecycled polyester voor een comfortabele en duurzame keuze. Met ribboorden bij de mouwen en zijsplitten biedt het zowel stijl als bewegingsvrijheid. Perfect voor elke gelegenheid.<br/><br/>- Dubbel gestikte naden, gekleurde nektape ter versteviging en 60°C wasbaar.<br/>- Set-in mouwen, zijnaden, zijsplitten. Ribkraag.<br/>- 4-Knoops kraag, ton-sur-ton knopen.<br/>- Ribboorden op de mouwen. Halve maan in de nek.<br/>- Duurzaam 200-grams poloshirt, vervaardigd uit 50% voorgekrompen katoen en 50% gerecycled polyester. <br/>- Neutraal, enkel maatlabel aanwezig, dus uitermate geschikt voor rebranding. <br/>- Hangtag en polybags met barcode.<br/>- Geschikt voor werk- & casual vrijetijdskleding.<br/>- Beschikbaar van maat XS t/m 5XL.<br/><br/>Ook mogelijk in uw gewenste PMS-kleur aan dezelfde prijs, minimaal 300 stuks door de maten heen.",https://tghimages.nl/B2B_PS200L_BLACK_FRONT.JPG
B2B-PS200L,B2B Ladies Poloshirt Jessie,B2B-PS200LBL03,1,Back To Basics,,B2B-PS200LBL03,B2B Ladies Poloshirt Jessie,"6,10E+12",1,"36,1",L,black,Ladies Poloshirt Jessie black L,Ladies Poloshirt Jessie black L,"Dit poloshirt is gemaakt van 50% katoen en 50% gerecycled polyester voor een comfortabele en duurzame keuze. Met ribboorden bij de mouwen en zijsplitten biedt het zowel stijl als bewegingsvrijheid. Perfect voor elke gelegenheid.<br/><br/>- Dubbel gestikte naden, gekleurde nektape ter versteviging en 60°C wasbaar.<br/>- Set-in mouwen, zijnaden, zijsplitten. Ribkraag.<br/>- 4-Knoops kraag, ton-sur-ton knopen.<br/>- Ribboorden op de mouwen. Halve maan in de nek.<br/>- Duurzaam 200-grams poloshirt, vervaardigd uit 50% voorgekrompen katoen en 50% gerecycled polyester. <br/>- Neutraal, enkel maatlabel aanwezig, dus uitermate geschikt voor rebranding. <br/>- Hangtag en polybags met barcode.<br/>- Geschikt voor werk- & casual vrijetijdskleding.<br/>- Beschikbaar van maat XS t/m 5XL.<br/><br/>Ook mogelijk in uw gewenste PMS-kleur aan dezelfde prijs, minimaal 300 stuks door de maten heen.",https://tghimages.nl/B2B_PS200L_BLACK_FRONT.JPG
B2B-PS200L,B2B Ladies Poloshirt Jessie,B2B-PS200LBL04,1,Back To Basics,,B2B-PS200LBL04,B2B Ladies Poloshirt Jessie,"6,10E+12",1,"36,2",XL,black,Ladies Poloshirt Jessie black XL,Ladies Poloshirt Jessie black XL,"Dit poloshirt is gemaakt van 50% katoen en 50% gerecycled polyester voor een comfortabele en duurzame keuze. Met ribboorden bij de mouwen en zijsplitten biedt het zowel stijl als bewegingsvrijheid. Perfect voor elke gelegenheid.<br/><br/>- Dubbel gestikte naden, gekleurde nektape ter versteviging en 60°C wasbaar.<br/>- Set-in mouwen, zijnaden, zijsplitten. Ribkraag.<br/>- 4-Knoops kraag, ton-sur-ton knopen.<br/>- Ribboorden op de mouwen. Halve maan in de nek.<br/>- Duurzaam 200-grams poloshirt, vervaardigd uit 50% voorgekrompen katoen en 50% gerecycled polyester. <br/>- Neutraal, enkel maatlabel aanwezig, dus uitermate geschikt voor rebranding. <br/>- Hangtag en polybags met barcode.<br/>- Geschikt voor werk- & casual vrijetijdskleding.<br/>- Beschikbaar van maat XS t/m 5XL.<br/><br/>Ook mogelijk in uw gewenste PMS-kleur aan dezelfde prijs, minimaal 300 stuks door de maten heen.",https://tghimages.nl/B2B_PS200L_BLACK_FRONT.JPG
B2B-PS200L,B2B Ladies Poloshirt Jessie,B2B-PS200LBL05,1,Back To Basics,,B2B-PS200LBL05,B2B Ladies Poloshirt Jessie,"6,10E+12",1,"36,3",XXL,black,Ladies Poloshirt Jessie black XXL,Ladies Poloshirt Jessie black XXL,"Dit poloshirt is gemaakt van 50% katoen en 50% gerecycled polyester voor een comfortabele en duurzame keuze. Met ribboorden bij de mouwen en zijsplitten biedt het zowel stijl als bewegingsvrijheid. Perfect voor elke gelegenheid.<br/><br/>- Dubbel gestikte naden, gekleurde nektape ter versteviging en 60°C wasbaar.<br/>- Set-in mouwen, zijnaden, zijsplitten. Ribkraag.<br/>- 4-Knoops kraag, ton-sur-ton knopen.<br/>- Ribboorden op de mouwen. Halve maan in de nek.<br/>- Duurzaam 200-grams poloshirt, vervaardigd uit 50% voorgekrompen katoen en 50% gerecycled polyester. <br/>- Neutraal, enkel maatlabel aanwezig, dus uitermate geschikt voor rebranding. <br/>- Hangtag en polybags met barcode.<br/>- Geschikt voor werk- & casual vrijetijdskleding.<br/>- Beschikbaar van maat XS t/m 5XL.<br/><br/>Ook mogelijk in uw gewenste PMS-kleur aan dezelfde prijs, minimaal 300 stuks door de maten heen.",https://tghimages.nl/B2B_PS200L_BLACK_FRONT.JPG
B2B-PS200L,B2B Ladies Poloshirt Jessie,B2B-PS200LBL06,1,Back To Basics,,B2B-PS200LBL06,B2B Ladies Poloshirt Jessie,"6,10E+12",1,"36,4",3XL,black,Ladies Poloshirt Jessie black 3XL,Ladies Poloshirt Jessie black 3XL,"Dit poloshirt is gemaakt van 50% katoen en 50% gerecycled polyester voor een comfortabele en duurzame keuze. Met ribboorden bij de mouwen en zijsplitten biedt het zowel stijl als bewegingsvrijheid. Perfect voor elke gelegenheid.<br/><br/>- Dubbel gestikte naden, gekleurde nektape ter versteviging en 60°C wasbaar.<br/>- Set-in mouwen, zijnaden, zijsplitten. Ribkraag.<br/>- 4-Knoops kraag, ton-sur-ton knopen.<br/>- Ribboorden op de mouwen. Halve maan in de nek.<br/>- Duurzaam 200-grams poloshirt, vervaardigd uit 50% voorgekrompen katoen en 50% gerecycled polyester. <br/>- Neutraal, enkel maatlabel aanwezig, dus uitermate geschikt voor rebranding. <br/>- Hangtag en polybags met barcode.<br/>- Geschikt voor werk- & casual vrijetijdskleding.<br/>- Beschikbaar van maat XS t/m 5XL.<br/><br/>Ook mogelijk in uw gewenste PMS-kleur aan dezelfde prijs, minimaal 300 stuks door de maten heen.",https://tghimages.nl/B2B_PS200L_BLACK_FRONT.JPG
B2B-PS200L,B2B Ladies Poloshirt Jessie,B2B-PS200LBL07,1,Back To Basics,,B2B-PS200LBL07,B2B Ladies Poloshirt Jessie,"6,10E+12",1,"36,5",4XL,black,Ladies Poloshirt Jessie black 4XL,Ladies Poloshirt Jessie black 4XL,"Dit poloshirt is gemaakt van 50% katoen en 50% gerecycled polyester voor een comfortabele en duurzame keuze. Met ribboorden bij de mouwen en zijsplitten biedt het zowel stijl als bewegingsvrijheid. Perfect voor elke gelegenheid.<br/><br/>- Dubbel gestikte naden, gekleurde nektape ter versteviging en 60°C wasbaar.<br/>- Set-in mouwen, zijnaden, zijsplitten. Ribkraag.<br/>- 4-Knoops kraag, ton-sur-ton knopen.<br/>- Ribboorden op de mouwen. Halve maan in de nek.<br/>- Duurzaam 200-grams poloshirt, vervaardigd uit 50% voorgekrompen katoen en 50% gerecycled polyester. <br/>- Neutraal, enkel maatlabel aanwezig, dus uitermate geschikt voor rebranding. <br/>- Hangtag en polybags met barcode.<br/>- Geschikt voor werk- & casual vrijetijdskleding.<br/>- Beschikbaar van maat XS t/m 5XL.<br/><br/>Ook mogelijk in uw gewenste PMS-kleur aan dezelfde prijs, minimaal 300 stuks door de maten heen.",https://tghimages.nl/B2B_PS200L_BLACK_FRONT.JPG
B2B-PS200L,B2B Ladies Poloshirt Jessie,B2B-PS200LBL08,1,Back To Basics,,B2B-PS200LBL08,B2B Ladies Poloshirt Jessie,"6,10E+12",1,"36,6",5XL,black,Ladies Poloshirt Jessie black 5XL,Ladies Poloshirt Jessie black 5XL,"Dit poloshirt is gemaakt van 50% katoen en 50% gerecycled polyester voor een comfortabele en duurzame keuze. Met ribboorden bij de mouwen en zijsplitten biedt het zowel stijl als bewegingsvrijheid. Perfect voor elke gelegenheid.<br/><br/>- Dubbel gestikte naden, gekleurde nektape ter versteviging en 60°C wasbaar.<br/>- Set-in mouwen, zijnaden, zijsplitten. Ribkraag.<br/>- 4-Knoops kraag, ton-sur-ton knopen.<br/>- Ribboorden op de mouwen. Halve maan in de nek.<br/>- Duurzaam 200-grams poloshirt, vervaardigd uit 50% voorgekrompen katoen en 50% gerecycled polyester. <br/>- Neutraal, enkel maatlabel aanwezig, dus uitermate geschikt voor rebranding. <br/>- Hangtag en polybags met barcode.<br/>- Geschikt voor werk- & casual vrijetijdskleding.<br/>- Beschikbaar van maat XS t/m 5XL.<br/><br/>Ook mogelijk in uw gewenste PMS-kleur aan dezelfde prijs, minimaal 300 stuks door de maten heen.",https://tghimages.nl/B2B_PS200L_BLACK_FRONT.JPG
B2B-PS200L,B2B Ladies Poloshirt Jessie,B2B-PS200LNA00,1,Back To Basics,,B2B-PS200LNA00,B2B Ladies Poloshirt Jessie,"6,10E+12",1,"36,7",XS,navy,Ladies Poloshirt Jessie navy XS,Ladies Poloshirt Jessie navy XS,"Dit poloshirt is gemaakt van 50% katoen en 50% gerecycled polyester voor een comfortabele en duurzame keuze. Met ribboorden bij de mouwen en zijsplitten biedt het zowel stijl als bewegingsvrijheid. Perfect voor elke gelegenheid.<br/><br/>- Dubbel gestikte naden, gekleurde nektape ter versteviging en 60°C wasbaar.<br/>- Set-in mouwen, zijnaden, zijsplitten. Ribkraag.<br/>- 4-Knoops kraag, ton-sur-ton knopen.<br/>- Ribboorden op de mouwen. Halve maan in de nek.<br/>- Duurzaam 200-grams poloshirt, vervaardigd uit 50% voorgekrompen katoen en 50% gerecycled polyester. <br/>- Neutraal, enkel maatlabel aanwezig, dus uitermate geschikt voor rebranding. <br/>- Hangtag en polybags met barcode.<br/>- Geschikt voor werk- & casual vrijetijdskleding.<br/>- Beschikbaar van maat XS t/m 5XL.<br/><br/>Ook mogelijk in uw gewenste PMS-kleur aan dezelfde prijs, minimaal 300 stuks door de maten heen.",https://tghimages.nl/B2B_PS200L_NAVY_FRONT.JPG
B2B-PS200L,B2B Ladies Poloshirt Jessie,B2B-PS200LNA01,1,Back To Basics,,B2B-PS200LNA01,B2B Ladies Poloshirt Jessie,"6,10E+12",1,"36,8",S,navy,Ladies Poloshirt Jessie navy S,Ladies Poloshirt Jessie navy S,"Dit poloshirt is gemaakt van 50% katoen en 50% gerecycled polyester voor een comfortabele en duurzame keuze. Met ribboorden bij de mouwen en zijsplitten biedt het zowel stijl als bewegingsvrijheid. Perfect voor elke gelegenheid.<br/><br/>- Dubbel gestikte naden, gekleurde nektape ter versteviging en 60°C wasbaar.<br/>- Set-in mouwen, zijnaden, zijsplitten. Ribkraag.<br/>- 4-Knoops kraag, ton-sur-ton knopen.<br/>- Ribboorden op de mouwen. Halve maan in de nek.<br/>- Duurzaam 200-grams poloshirt, vervaardigd uit 50% voorgekrompen katoen en 50% gerecycled polyester. <br/>- Neutraal, enkel maatlabel aanwezig, dus uitermate geschikt voor rebranding. <br/>- Hangtag en polybags met barcode.<br/>- Geschikt voor werk- & casual vrijetijdskleding.<br/>- Beschikbaar van maat XS t/m 5XL.<br/><br/>Ook mogelijk in uw gewenste PMS-kleur aan dezelfde prijs, minimaal 300 stuks door de maten heen.",https://tghimages.nl/B2B_PS200L_NAVY_FRONT.JPG
B2B-PS200L,B2B Ladies Poloshirt Jessie,B2B-PS200LNA02,1,Back To Basics,,B2B-PS200LNA02,B2B Ladies Poloshirt Jessie,"6,10E+12",1,"36,9",M,navy,Ladies Poloshirt Jessie navy M,Ladies Poloshirt Jessie navy M,"Dit poloshirt is gemaakt van 50% katoen en 50% gerecycled polyester voor een comfortabele en duurzame keuze. Met ribboorden bij de mouwen en zijsplitten biedt het zowel stijl als bewegingsvrijheid. Perfect voor elke gelegenheid.<br/><br/>- Dubbel gestikte naden, gekleurde nektape ter versteviging en 60°C wasbaar.<br/>- Set-in mouwen, zijnaden, zijsplitten. Ribkraag.<br/>- 4-Knoops kraag, ton-sur-ton knopen.<br/>- Ribboorden op de mouwen. Halve maan in de nek.<br/>- Duurzaam 200-grams poloshirt, vervaardigd uit 50% voorgekrompen katoen en 50% gerecycled polyester. <br/>- Neutraal, enkel maatlabel aanwezig, dus uitermate geschikt voor rebranding. <br/>- Hangtag en polybags met barcode.<br/>- Geschikt voor werk- & casual vrijetijdskleding.<br/>- Beschikbaar van maat XS t/m 5XL.<br/><br/>Ook mogelijk in uw gewenste PMS-kleur aan dezelfde prijs, minimaal 300 stuks door de maten heen.",https://tghimages.nl/B2B_PS200L_NAVY_FRONT.JPG
B2B-PS200L,B2B Ladies Poloshirt Jessie,B2B-PS200LNA03,1,Back To Basics,,B2B-PS200LNA03,B2B Ladies Poloshirt Jessie,"6,10E+12",1,37,L,navy,Ladies Poloshirt Jessie navy L,Ladies Poloshirt Jessie navy L,"Dit poloshirt is gemaakt van 50% katoen en 50% gerecycled polyester voor een comfortabele en duurzame keuze. Met ribboorden bij de mouwen en zijsplitten biedt het zowel stijl als bewegingsvrijheid. Perfect voor elke gelegenheid.<br/><br/>- Dubbel gestikte naden, gekleurde nektape ter versteviging en 60°C wasbaar.<br/>- Set-in mouwen, zijnaden, zijsplitten. Ribkraag.<br/>- 4-Knoops kraag, ton-sur-ton knopen.<br/>- Ribboorden op de mouwen. Halve maan in de nek.<br/>- Duurzaam 200-grams poloshirt, vervaardigd uit 50% voorgekrompen katoen en 50% gerecycled polyester. <br/>- Neutraal, enkel maatlabel aanwezig, dus uitermate geschikt voor rebranding. <br/>- Hangtag en polybags met barcode.<br/>- Geschikt voor werk- & casual vrijetijdskleding.<br/>- Beschikbaar van maat XS t/m 5XL.<br/><br/>Ook mogelijk in uw gewenste PMS-kleur aan dezelfde prijs, minimaal 300 stuks door de maten heen.",https://tghimages.nl/B2B_PS200L_NAVY_FRONT.JPG
B2B-PS200L,B2B Ladies Poloshirt Jessie,B2B-PS200LNA04,1,Back To Basics,,B2B-PS200LNA04,B2B Ladies Poloshirt Jessie,"6,10E+12",1,"37,1",XL,navy,Ladies Poloshirt Jessie navy XL,Ladies Poloshirt Jessie navy XL,"Dit poloshirt is gemaakt van 50% katoen en 50% gerecycled polyester voor een comfortabele en duurzame keuze. Met ribboorden bij de mouwen en zijsplitten biedt het zowel stijl als bewegingsvrijheid. Perfect voor elke gelegenheid.<br/><br/>- Dubbel gestikte naden, gekleurde nektape ter versteviging en 60°C wasbaar.<br/>- Set-in mouwen, zijnaden, zijsplitten. Ribkraag.<br/>- 4-Knoops kraag, ton-sur-ton knopen.<br/>- Ribboorden op de mouwen. Halve maan in de nek.<br/>- Duurzaam 200-grams poloshirt, vervaardigd uit 50% voorgekrompen katoen en 50% gerecycled polyester. <br/>- Neutraal, enkel maatlabel aanwezig, dus uitermate geschikt voor rebranding. <br/>- Hangtag en polybags met barcode.<br/>- Geschikt voor werk- & casual vrijetijdskleding.<br/>- Beschikbaar van maat XS t/m 5XL.<br/><br/>Ook mogelijk in uw gewenste PMS-kleur aan dezelfde prijs, minimaal 300 stuks door de maten heen.",https://tghimages.nl/B2B_PS200L_NAVY_FRONT.JPG
B2B-PS200L,B2B Ladies Poloshirt Jessie,B2B-PS200LNA05,1,Back To Basics,,B2B-PS200LNA05,B2B Ladies Poloshirt Jessie,"6,10E+12",1,"37,2",XXL,navy,Ladies Poloshirt Jessie navy XXL,Ladies Poloshirt Jessie navy XXL,"Dit poloshirt is gemaakt van 50% katoen en 50% gerecycled polyester voor een comfortabele en duurzame keuze. Met ribboorden bij de mouwen en zijsplitten biedt het zowel stijl als bewegingsvrijheid. Perfect voor elke gelegenheid.<br/><br/>- Dubbel gestikte naden, gekleurde nektape ter versteviging en 60°C wasbaar.<br/>- Set-in mouwen, zijnaden, zijsplitten. Ribkraag.<br/>- 4-Knoops kraag, ton-sur-ton knopen.<br/>- Ribboorden op de mouwen. Halve maan in de nek.<br/>- Duurzaam 200-grams poloshirt, vervaardigd uit 50% voorgekrompen katoen en 50% gerecycled polyester. <br/>- Neutraal, enkel maatlabel aanwezig, dus uitermate geschikt voor rebranding. <br/>- Hangtag en polybags met barcode.<br/>- Geschikt voor werk- & casual vrijetijdskleding.<br/>- Beschikbaar van maat XS t/m 5XL.<br/><br/>Ook mogelijk in uw gewenste PMS-kleur aan dezelfde prijs, minimaal 300 stuks door de maten heen.",https://tghimages.nl/B2B_PS200L_NAVY_FRONT.JPG
B2B-PS200L,B2B Ladies Poloshirt Jessie,B2B-PS200LNA06,1,Back To Basics,,B2B-PS200LNA06,B2B Ladies Poloshirt Jessie,"6,10E+12",1,"37,3",3XL,navy,Ladies Poloshirt Jessie navy 3XL,Ladies Poloshirt Jessie navy 3XL,"Dit poloshirt is gemaakt van 50% katoen en 50% gerecycled polyester voor een comfortabele en duurzame keuze. Met ribboorden bij de mouwen en zijsplitten biedt het zowel stijl als bewegingsvrijheid. Perfect voor elke gelegenheid.<br/><br/>- Dubbel gestikte naden, gekleurde nektape ter versteviging en 60°C wasbaar.<br/>- Set-in mouwen, zijnaden, zijsplitten. Ribkraag.<br/>- 4-Knoops kraag, ton-sur-ton knopen.<br/>- Ribboorden op de mouwen. Halve maan in de nek.<br/>- Duurzaam 200-grams poloshirt, vervaardigd uit 50% voorgekrompen katoen en 50% gerecycled polyester. <br/>- Neutraal, enkel maatlabel aanwezig, dus uitermate geschikt voor rebranding. <br/>- Hangtag en polybags met barcode.<br/>- Geschikt voor werk- & casual vrijetijdskleding.<br/>- Beschikbaar van maat XS t/m 5XL.<br/><br/>Ook mogelijk in uw gewenste PMS-kleur aan dezelfde prijs, minimaal 300 stuks door de maten heen.",https://tghimages.nl/B2B_PS200L_NAVY_FRONT.JPG
B2B-PS200L,B2B Ladies Poloshirt Jessie,B2B-PS200LNA07,1,Back To Basics,,B2B-PS200LNA07,B2B Ladies Poloshirt Jessie,"6,10E+12",1,"37,4",4XL,navy,Ladies Poloshirt Jessie navy 4XL,Ladies Poloshirt Jessie navy 4XL,"Dit poloshirt is gemaakt van 50% katoen en 50% gerecycled polyester voor een comfortabele en duurzame keuze. Met ribboorden bij de mouwen en zijsplitten biedt het zowel stijl als bewegingsvrijheid. Perfect voor elke gelegenheid.<br/><br/>- Dubbel gestikte naden, gekleurde nektape ter versteviging en 60°C wasbaar.<br/>- Set-in mouwen, zijnaden, zijsplitten. Ribkraag.<br/>- 4-Knoops kraag, ton-sur-ton knopen.<br/>- Ribboorden op de mouwen. Halve maan in de nek.<br/>- Duurzaam 200-grams poloshirt, vervaardigd uit 50% voorgekrompen katoen en 50% gerecycled polyester. <br/>- Neutraal, enkel maatlabel aanwezig, dus uitermate geschikt voor rebranding. <br/>- Hangtag en polybags met barcode.<br/>- Geschikt voor werk- & casual vrijetijdskleding.<br/>- Beschikbaar van maat XS t/m 5XL.<br/><br/>Ook mogelijk in uw gewenste PMS-kleur aan dezelfde prijs, minimaal 300 stuks door de maten heen.",https://tghimages.nl/B2B_PS200L_NAVY_FRONT.JPG
B2B-PS200L,B2B Ladies Poloshirt Jessie,B2B-PS200LNA08,1,Back To Basics,,B2B-PS200LNA08,B2B Ladies Poloshirt Jessie,"6,10E+12",1,"37,5",5XL,navy,Ladies Poloshirt Jessie navy 5XL,Ladies Poloshirt Jessie navy 5XL,"Dit poloshirt is gemaakt van 50% katoen en 50% gerecycled polyester voor een comfortabele en duurzame keuze. Met ribboorden bij de mouwen en zijsplitten biedt het zowel stijl als bewegingsvrijheid. Perfect voor elke gelegenheid.<br/><br/>- Dubbel gestikte naden, gekleurde nektape ter versteviging en 60°C wasbaar.<br/>- Set-in mouwen, zijnaden, zijsplitten. Ribkraag.<br/>- 4-Knoops kraag, ton-sur-ton knopen.<br/>- Ribboorden op de mouwen. Halve maan in de nek.<br/>- Duurzaam 200-grams poloshirt, vervaardigd uit 50% voorgekrompen katoen en 50% gerecycled polyester. <br/>- Neutraal, enkel maatlabel aanwezig, dus uitermate geschikt voor rebranding. <br/>- Hangtag en polybags met barcode.<br/>- Geschikt voor werk- & casual vrijetijdskleding.<br/>- Beschikbaar van maat XS t/m 5XL.<br/><br/>Ook mogelijk in uw gewenste PMS-kleur aan dezelfde prijs, minimaal 300 stuks door de maten heen.",https://tghimages.nl/B2B_PS200L_NAVY_FRONT.JPG
B2B-PS200L,B2B Ladies Poloshirt Jessie,B2B-PS200LRB00,1,Back To Basics,,B2B-PS200LRB00,B2B Ladies Poloshirt Jessie,"6,10E+12",1,"37,6",XS,royal blue,Ladies Poloshirt Jessie royal blue XS,Ladies Poloshirt Jessie royal blue XS,"Dit poloshirt is gemaakt van 50% katoen en 50% gerecycled polyester voor een comfortabele en duurzame keuze. Met ribboorden bij de mouwen en zijsplitten biedt het zowel stijl als bewegingsvrijheid. Perfect voor elke gelegenheid.<br/><br/>- Dubbel gestikte naden, gekleurde nektape ter versteviging en 60°C wasbaar.<br/>- Set-in mouwen, zijnaden, zijsplitten. Ribkraag.<br/>- 4-Knoops kraag, ton-sur-ton knopen.<br/>- Ribboorden op de mouwen. Halve maan in de nek.<br/>- Duurzaam 200-grams poloshirt, vervaardigd uit 50% voorgekrompen katoen en 50% gerecycled polyester. <br/>- Neutraal, enkel maatlabel aanwezig, dus uitermate geschikt voor rebranding. <br/>- Hangtag en polybags met barcode.<br/>- Geschikt voor werk- & casual vrijetijdskleding.<br/>- Beschikbaar van maat XS t/m 5XL.<br/><br/>Ook mogelijk in uw gewenste PMS-kleur aan dezelfde prijs, minimaal 300 stuks door de maten heen.",https://tghimages.nl/B2B_PS200L_ROYAL_BLUE_FRONT.JPG
B2B-PS200L,B2B Ladies Poloshirt Jessie,B2B-PS200LRB01,1,Back To Basics,,B2B-PS200LRB01,B2B Ladies Poloshirt Jessie,"6,10E+12",1,"37,7",S,royal blue,Ladies Poloshirt Jessie royal blue S,Ladies Poloshirt Jessie royal blue S,"Dit poloshirt is gemaakt van 50% katoen en 50% gerecycled polyester voor een comfortabele en duurzame keuze. Met ribboorden bij de mouwen en zijsplitten biedt het zowel stijl als bewegingsvrijheid. Perfect voor elke gelegenheid.<br/><br/>- Dubbel gestikte naden, gekleurde nektape ter versteviging en 60°C wasbaar.<br/>- Set-in mouwen, zijnaden, zijsplitten. Ribkraag.<br/>- 4-Knoops kraag, ton-sur-ton knopen.<br/>- Ribboorden op de mouwen. Halve maan in de nek.<br/>- Duurzaam 200-grams poloshirt, vervaardigd uit 50% voorgekrompen katoen en 50% gerecycled polyester. <br/>- Neutraal, enkel maatlabel aanwezig, dus uitermate geschikt voor rebranding. <br/>- Hangtag en polybags met barcode.<br/>- Geschikt voor werk- & casual vrijetijdskleding.<br/>- Beschikbaar van maat XS t/m 5XL.<br/><br/>Ook mogelijk in uw gewenste PMS-kleur aan dezelfde prijs, minimaal 300 stuks door de maten heen.",https://tghimages.nl/B2B_PS200L_ROYAL_BLUE_FRONT.JPG
B2B-PS200L,B2B Ladies Poloshirt Jessie,B2B-PS200LRB02,1,Back To Basics,,B2B-PS200LRB02,B2B Ladies Poloshirt Jessie,"6,10E+12",1,"37,8",M,royal blue,Ladies Poloshirt Jessie royal blue M,Ladies Poloshirt Jessie royal blue M,"Dit poloshirt is gemaakt van 50% katoen en 50% gerecycled polyester voor een comfortabele en duurzame keuze. Met ribboorden bij de mouwen en zijsplitten biedt het zowel stijl als bewegingsvrijheid. Perfect voor elke gelegenheid.<br/><br/>- Dubbel gestikte naden, gekleurde nektape ter versteviging en 60°C wasbaar.<br/>- Set-in mouwen, zijnaden, zijsplitten. Ribkraag.<br/>- 4-Knoops kraag, ton-sur-ton knopen.<br/>- Ribboorden op de mouwen. Halve maan in de nek.<br/>- Duurzaam 200-grams poloshirt, vervaardigd uit 50% voorgekrompen katoen en 50% gerecycled polyester. <br/>- Neutraal, enkel maatlabel aanwezig, dus uitermate geschikt voor rebranding. <br/>- Hangtag en polybags met barcode.<br/>- Geschikt voor werk- & casual vrijetijdskleding.<br/>- Beschikbaar van maat XS t/m 5XL.<br/><br/>Ook mogelijk in uw gewenste PMS-kleur aan dezelfde prijs, minimaal 300 stuks door de maten heen.",https://tghimages.nl/B2B_PS200L_ROYAL_BLUE_FRONT.JPG
B2B-PS200L,B2B Ladies Poloshirt Jessie,B2B-PS200LRB03,1,Back To Basics,,B2B-PS200LRB03,B2B Ladies Poloshirt Jessie,"6,10E+12",1,"37,9",L,royal blue,Ladies Poloshirt Jessie royal blue L,Ladies Poloshirt Jessie royal blue L,"Dit poloshirt is gemaakt van 50% katoen en 50% gerecycled polyester voor een comfortabele en duurzame keuze. Met ribboorden bij de mouwen en zijsplitten biedt het zowel stijl als bewegingsvrijheid. Perfect voor elke gelegenheid.<br/><br/>- Dubbel gestikte naden, gekleurde nektape ter versteviging en 60°C wasbaar.<br/>- Set-in mouwen, zijnaden, zijsplitten. Ribkraag.<br/>- 4-Knoops kraag, ton-sur-ton knopen.<br/>- Ribboorden op de mouwen. Halve maan in de nek.<br/>- Duurzaam 200-grams poloshirt, vervaardigd uit 50% voorgekrompen katoen en 50% gerecycled polyester. <br/>- Neutraal, enkel maatlabel aanwezig, dus uitermate geschikt voor rebranding. <br/>- Hangtag en polybags met barcode.<br/>- Geschikt voor werk- & casual vrijetijdskleding.<br/>- Beschikbaar van maat XS t/m 5XL.<br/><br/>Ook mogelijk in uw gewenste PMS-kleur aan dezelfde prijs, minimaal 300 stuks door de maten heen.",https://tghimages.nl/B2B_PS200L_ROYAL_BLUE_FRONT.JPG
B2B-PS200L,B2B Ladies Poloshirt Jessie,B2B-PS200LRB04,1,Back To Basics,,B2B-PS200LRB04,B2B Ladies Poloshirt Jessie,"6,10E+12",1,38,XL,royal blue,Ladies Poloshirt Jessie royal blue XL,Ladies Poloshirt Jessie royal blue XL,"Dit poloshirt is gemaakt van 50% katoen en 50% gerecycled polyester voor een comfortabele en duurzame keuze. Met ribboorden bij de mouwen en zijsplitten biedt het zowel stijl als bewegingsvrijheid. Perfect voor elke gelegenheid.<br/><br/>- Dubbel gestikte naden, gekleurde nektape ter versteviging en 60°C wasbaar.<br/>- Set-in mouwen, zijnaden, zijsplitten. Ribkraag.<br/>- 4-Knoops kraag, ton-sur-ton knopen.<br/>- Ribboorden op de mouwen. Halve maan in de nek.<br/>- Duurzaam 200-grams poloshirt, vervaardigd uit 50% voorgekrompen katoen en 50% gerecycled polyester. <br/>- Neutraal, enkel maatlabel aanwezig, dus uitermate geschikt voor rebranding. <br/>- Hangtag en polybags met barcode.<br/>- Geschikt voor werk- & casual vrijetijdskleding.<br/>- Beschikbaar van maat XS t/m 5XL.<br/><br/>Ook mogelijk in uw gewenste PMS-kleur aan dezelfde prijs, minimaal 300 stuks door de maten heen.",https://tghimages.nl/B2B_PS200L_ROYAL_BLUE_FRONT.JPG
B2B-PS200L,B2B Ladies Poloshirt Jessie,B2B-PS200LRB05,1,Back To Basics,,B2B-PS200LRB05,B2B Ladies Poloshirt Jessie,"6,10E+12",1,"38,1",XXL,royal blue,Ladies Poloshirt Jessie royal blue XXL,Ladies Poloshirt Jessie royal blue XXL,"Dit poloshirt is gemaakt van 50% katoen en 50% gerecycled polyester voor een comfortabele en duurzame keuze. Met ribboorden bij de mouwen en zijsplitten biedt het zowel stijl als bewegingsvrijheid. Perfect voor elke gelegenheid.<br/><br/>- Dubbel gestikte naden, gekleurde nektape ter versteviging en 60°C wasbaar.<br/>- Set-in mouwen, zijnaden, zijsplitten. Ribkraag.<br/>- 4-Knoops kraag, ton-sur-ton knopen.<br/>- Ribboorden op de mouwen. Halve maan in de nek.<br/>- Duurzaam 200-grams poloshirt, vervaardigd uit 50% voorgekrompen katoen en 50% gerecycled polyester. <br/>- Neutraal, enkel maatlabel aanwezig, dus uitermate geschikt voor rebranding. <br/>- Hangtag en polybags met barcode.<br/>- Geschikt voor werk- & casual vrijetijdskleding.<br/>- Beschikbaar van maat XS t/m 5XL.<br/><br/>Ook mogelijk in uw gewenste PMS-kleur aan dezelfde prijs, minimaal 300 stuks door de maten heen.",https://tghimages.nl/B2B_PS200L_ROYAL_BLUE_FRONT.JPG
B2B-PS200L,B2B Ladies Poloshirt Jessie,B2B-PS200LRB06,1,Back To Basics,,B2B-PS200LRB06,B2B Ladies Poloshirt Jessie,"6,10E+12",1,"38,2",3XL,royal blue,Ladies Poloshirt Jessie royal blue 3XL,Ladies Poloshirt Jessie royal blue 3XL,"Dit poloshirt is gemaakt van 50% katoen en 50% gerecycled polyester voor een comfortabele en duurzame keuze. Met ribboorden bij de mouwen en zijsplitten biedt het zowel stijl als bewegingsvrijheid. Perfect voor elke gelegenheid.<br/><br/>- Dubbel gestikte naden, gekleurde nektape ter versteviging en 60°C wasbaar.<br/>- Set-in mouwen, zijnaden, zijsplitten. Ribkraag.<br/>- 4-Knoops kraag, ton-sur-ton knopen.<br/>- Ribboorden op de mouwen. Halve maan in de nek.<br/>- Duurzaam 200-grams poloshirt, vervaardigd uit 50% voorgekrompen katoen en 50% gerecycled polyester. <br/>- Neutraal, enkel maatlabel aanwezig, dus uitermate geschikt voor rebranding. <br/>- Hangtag en polybags met barcode.<br/>- Geschikt voor werk- & casual vrijetijdskleding.<br/>- Beschikbaar van maat XS t/m 5XL.<br/><br/>Ook mogelijk in uw gewenste PMS-kleur aan dezelfde prijs, minimaal 300 stuks door de maten heen.",https://tghimages.nl/B2B_PS200L_ROYAL_BLUE_FRONT.JPG
B2B-PS200L,B2B Ladies Poloshirt Jessie,B2B-PS200LRB07,1,Back To Basics,,B2B-PS200LRB07,B2B Ladies Poloshirt Jessie,"6,10E+12",1,"38,3",4XL,royal blue,Ladies Poloshirt Jessie royal blue 4XL,Ladies Poloshirt Jessie royal blue 4XL,"Dit poloshirt is gemaakt van 50% katoen en 50% gerecycled polyester voor een comfortabele en duurzame keuze. Met ribboorden bij de mouwen en zijsplitten biedt het zowel stijl als bewegingsvrijheid. Perfect voor elke gelegenheid.<br/><br/>- Dubbel gestikte naden, gekleurde nektape ter versteviging en 60°C wasbaar.<br/>- Set-in mouwen, zijnaden, zijsplitten. Ribkraag.<br/>- 4-Knoops kraag, ton-sur-ton knopen.<br/>- Ribboorden op de mouwen. Halve maan in de nek.<br/>- Duurzaam 200-grams poloshirt, vervaardigd uit 50% voorgekrompen katoen en 50% gerecycled polyester. <br/>- Neutraal, enkel maatlabel aanwezig, dus uitermate geschikt voor rebranding. <br/>- Hangtag en polybags met barcode.<br/>- Geschikt voor werk- & casual vrijetijdskleding.<br/>- Beschikbaar van maat XS t/m 5XL.<br/><br/>Ook mogelijk in uw gewenste PMS-kleur aan dezelfde prijs, minimaal 300 stuks door de maten heen.",https://tghimages.nl/B2B_PS200L_ROYAL_BLUE_FRONT.JPG
B2B-PS200L,B2B Ladies Poloshirt Jessie,B2B-PS200LRB08,1,Back To Basics,,B2B-PS200LRB08,B2B Ladies Poloshirt Jessie,"6,10E+12",1,"38,4",5XL,royal blue,Ladies Poloshirt Jessie royal blue 5XL,Ladies Poloshirt Jessie royal blue 5XL,"Dit poloshirt is gemaakt van 50% katoen en 50% gerecycled polyester voor een comfortabele en duurzame keuze. Met ribboorden bij de mouwen en zijsplitten biedt het zowel stijl als bewegingsvrijheid. Perfect voor elke gelegenheid.<br/><br/>- Dubbel gestikte naden, gekleurde nektape ter versteviging en 60°C wasbaar.<br/>- Set-in mouwen, zijnaden, zijsplitten. Ribkraag.<br/>- 4-Knoops kraag, ton-sur-ton knopen.<br/>- Ribboorden op de mouwen. Halve maan in de nek.<br/>- Duurzaam 200-grams poloshirt, vervaardigd uit 50% voorgekrompen katoen en 50% gerecycled polyester. <br/>- Neutraal, enkel maatlabel aanwezig, dus uitermate geschikt voor rebranding. <br/>- Hangtag en polybags met barcode.<br/>- Geschikt voor werk- & casual vrijetijdskleding.<br/>- Beschikbaar van maat XS t/m 5XL.<br/><br/>Ook mogelijk in uw gewenste PMS-kleur aan dezelfde prijs, minimaal 300 stuks door de maten heen.",https://tghimages.nl/B2B_PS200L_ROYAL_BLUE_FRONT.JPG
B2B-PS200L,B2B Ladies Poloshirt Jessie,B2B-PS200LRE00,1,Back To Basics,,B2B-PS200LRE00,B2B Ladies Poloshirt Jessie,"6,10E+12",1,"38,5",XS,red,Ladies Poloshirt Jessie red XS,Ladies Poloshirt Jessie red XS,"Dit poloshirt is gemaakt van 50% katoen en 50% gerecycled polyester voor een comfortabele en duurzame keuze. Met ribboorden bij de mouwen en zijsplitten biedt het zowel stijl als bewegingsvrijheid. Perfect voor elke gelegenheid.<br/><br/>- Dubbel gestikte naden, gekleurde nektape ter versteviging en 60°C wasbaar.<br/>- Set-in mouwen, zijnaden, zijsplitten. Ribkraag.<br/>- 4-Knoops kraag, ton-sur-ton knopen.<br/>- Ribboorden op de mouwen. Halve maan in de nek.<br/>- Duurzaam 200-grams poloshirt, vervaardigd uit 50% voorgekrompen katoen en 50% gerecycled polyester. <br/>- Neutraal, enkel maatlabel aanwezig, dus uitermate geschikt voor rebranding. <br/>- Hangtag en polybags met barcode.<br/>- Geschikt voor werk- & casual vrijetijdskleding.<br/>- Beschikbaar van maat XS t/m 5XL.<br/><br/>Ook mogelijk in uw gewenste PMS-kleur aan dezelfde prijs, minimaal 300 stuks door de maten heen.",https://tghimages.nl/B2B_PS200L_RED_FRONT.JPG
B2B-PS200L,B2B Ladies Poloshirt Jessie,B2B-PS200LRE01,1,Back To Basics,,B2B-PS200LRE01,B2B Ladies Poloshirt Jessie,"6,10E+12",1,"38,6",S,red,Ladies Poloshirt Jessie red S,Ladies Poloshirt Jessie red S,"Dit poloshirt is gemaakt van 50% katoen en 50% gerecycled polyester voor een comfortabele en duurzame keuze. Met ribboorden bij de mouwen en zijsplitten biedt het zowel stijl als bewegingsvrijheid. Perfect voor elke gelegenheid.<br/><br/>- Dubbel gestikte naden, gekleurde nektape ter versteviging en 60°C wasbaar.<br/>- Set-in mouwen, zijnaden, zijsplitten. Ribkraag.<br/>- 4-Knoops kraag, ton-sur-ton knopen.<br/>- Ribboorden op de mouwen. Halve maan in de nek.<br/>- Duurzaam 200-grams poloshirt, vervaardigd uit 50% voorgekrompen katoen en 50% gerecycled polyester. <br/>- Neutraal, enkel maatlabel aanwezig, dus uitermate geschikt voor rebranding. <br/>- Hangtag en polybags met barcode.<br/>- Geschikt voor werk- & casual vrijetijdskleding.<br/>- Beschikbaar van maat XS t/m 5XL.<br/><br/>Ook mogelijk in uw gewenste PMS-kleur aan dezelfde prijs, minimaal 300 stuks door de maten heen.",https://tghimages.nl/B2B_PS200L_RED_FRONT.JPG
B2B-PS200L,B2B Ladies Poloshirt Jessie,B2B-PS200LRE02,1,Back To Basics,,B2B-PS200LRE02,B2B Ladies Poloshirt Jessie,"6,10E+12",1,"38,7",M,red,Ladies Poloshirt Jessie red M,Ladies Poloshirt Jessie red M,"Dit poloshirt is gemaakt van 50% katoen en 50% gerecycled polyester voor een comfortabele en duurzame keuze. Met ribboorden bij de mouwen en zijsplitten biedt het zowel stijl als bewegingsvrijheid. Perfect voor elke gelegenheid.<br/><br/>- Dubbel gestikte naden, gekleurde nektape ter versteviging en 60°C wasbaar.<br/>- Set-in mouwen, zijnaden, zijsplitten. Ribkraag.<br/>- 4-Knoops kraag, ton-sur-ton knopen.<br/>- Ribboorden op de mouwen. Halve maan in de nek.<br/>- Duurzaam 200-grams poloshirt, vervaardigd uit 50% voorgekrompen katoen en 50% gerecycled polyester. <br/>- Neutraal, enkel maatlabel aanwezig, dus uitermate geschikt voor rebranding. <br/>- Hangtag en polybags met barcode.<br/>- Geschikt voor werk- & casual vrijetijdskleding.<br/>- Beschikbaar van maat XS t/m 5XL.<br/><br/>Ook mogelijk in uw gewenste PMS-kleur aan dezelfde prijs, minimaal 300 stuks door de maten heen.",https://tghimages.nl/B2B_PS200L_RED_FRONT.JPG
B2B-PS200L,B2B Ladies Poloshirt Jessie,B2B-PS200LRE03,1,Back To Basics,,B2B-PS200LRE03,B2B Ladies Poloshirt Jessie,"6,10E+12",1,"38,8",L,red,Ladies Poloshirt Jessie red L,Ladies Poloshirt Jessie red L,"Dit poloshirt is gemaakt van 50% katoen en 50% gerecycled polyester voor een comfortabele en duurzame keuze. Met ribboorden bij de mouwen en zijsplitten biedt het zowel stijl als bewegingsvrijheid. Perfect voor elke gelegenheid.<br/><br/>- Dubbel gestikte naden, gekleurde nektape ter versteviging en 60°C wasbaar.<br/>- Set-in mouwen, zijnaden, zijsplitten. Ribkraag.<br/>- 4-Knoops kraag, ton-sur-ton knopen.<br/>- Ribboorden op de mouwen. Halve maan in de nek.<br/>- Duurzaam 200-grams poloshirt, vervaardigd uit 50% voorgekrompen katoen en 50% gerecycled polyester. <br/>- Neutraal, enkel maatlabel aanwezig, dus uitermate geschikt voor rebranding. <br/>- Hangtag en polybags met barcode.<br/>- Geschikt voor werk- & casual vrijetijdskleding.<br/>- Beschikbaar van maat XS t/m 5XL.<br/><br/>Ook mogelijk in uw gewenste PMS-kleur aan dezelfde prijs, minimaal 300 stuks door de maten heen.",https://tghimages.nl/B2B_PS200L_RED_FRONT.JPG
B2B-PS200L,B2B Ladies Poloshirt Jessie,B2B-PS200LRE04,1,Back To Basics,,B2B-PS200LRE04,B2B Ladies Poloshirt Jessie,"6,10E+12",1,"38,9",XL,red,Ladies Poloshirt Jessie red XL,Ladies Poloshirt Jessie red XL,"Dit poloshirt is gemaakt van 50% katoen en 50% gerecycled polyester voor een comfortabele en duurzame keuze. Met ribboorden bij de mouwen en zijsplitten biedt het zowel stijl als bewegingsvrijheid. Perfect voor elke gelegenheid.<br/><br/>- Dubbel gestikte naden, gekleurde nektape ter versteviging en 60°C wasbaar.<br/>- Set-in mouwen, zijnaden, zijsplitten. Ribkraag.<br/>- 4-Knoops kraag, ton-sur-ton knopen.<br/>- Ribboorden op de mouwen. Halve maan in de nek.<br/>- Duurzaam 200-grams poloshirt, vervaardigd uit 50% voorgekrompen katoen en 50% gerecycled polyester. <br/>- Neutraal, enkel maatlabel aanwezig, dus uitermate geschikt voor rebranding. <br/>- Hangtag en polybags met barcode.<br/>- Geschikt voor werk- & casual vrijetijdskleding.<br/>- Beschikbaar van maat XS t/m 5XL.<br/><br/>Ook mogelijk in uw gewenste PMS-kleur aan dezelfde prijs, minimaal 300 stuks door de maten heen.",https://tghimages.nl/B2B_PS200L_RED_FRONT.JPG
B2B-PS200L,B2B Ladies Poloshirt Jessie,B2B-PS200LRE05,1,Back To Basics,,B2B-PS200LRE05,B2B Ladies Poloshirt Jessie,"6,10E+12",1,39,XXL,red,Ladies Poloshirt Jessie red XXL,Ladies Poloshirt Jessie red XXL,"Dit poloshirt is gemaakt van 50% katoen en 50% gerecycled polyester voor een comfortabele en duurzame keuze. Met ribboorden bij de mouwen en zijsplitten biedt het zowel stijl als bewegingsvrijheid. Perfect voor elke gelegenheid.<br/><br/>- Dubbel gestikte naden, gekleurde nektape ter versteviging en 60°C wasbaar.<br/>- Set-in mouwen, zijnaden, zijsplitten. Ribkraag.<br/>- 4-Knoops kraag, ton-sur-ton knopen.<br/>- Ribboorden op de mouwen. Halve maan in de nek.<br/>- Duurzaam 200-grams poloshirt, vervaardigd uit 50% voorgekrompen katoen en 50% gerecycled polyester. <br/>- Neutraal, enkel maatlabel aanwezig, dus uitermate geschikt voor rebranding. <br/>- Hangtag en polybags met barcode.<br/>- Geschikt voor werk- & casual vrijetijdskleding.<br/>- Beschikbaar van maat XS t/m 5XL.<br/><br/>Ook mogelijk in uw gewenste PMS-kleur aan dezelfde prijs, minimaal 300 stuks door de maten heen.",https://tghimages.nl/B2B_PS200L_RED_FRONT.JPG
B2B-PS200L,B2B Ladies Poloshirt Jessie,B2B-PS200LRE06,1,Back To Basics,,B2B-PS200LRE06,B2B Ladies Poloshirt Jessie,"6,10E+12",1,"39,1",3XL,red,Ladies Poloshirt Jessie red 3XL,Ladies Poloshirt Jessie red 3XL,"Dit poloshirt is gemaakt van 50% katoen en 50% gerecycled polyester voor een comfortabele en duurzame keuze. Met ribboorden bij de mouwen en zijsplitten biedt het zowel stijl als bewegingsvrijheid. Perfect voor elke gelegenheid.<br/><br/>- Dubbel gestikte naden, gekleurde nektape ter versteviging en 60°C wasbaar.<br/>- Set-in mouwen, zijnaden, zijsplitten. Ribkraag.<br/>- 4-Knoops kraag, ton-sur-ton knopen.<br/>- Ribboorden op de mouwen. Halve maan in de nek.<br/>- Duurzaam 200-grams poloshirt, vervaardigd uit 50% voorgekrompen katoen en 50% gerecycled polyester. <br/>- Neutraal, enkel maatlabel aanwezig, dus uitermate geschikt voor rebranding. <br/>- Hangtag en polybags met barcode.<br/>- Geschikt voor werk- & casual vrijetijdskleding.<br/>- Beschikbaar van maat XS t/m 5XL.<br/><br/>Ook mogelijk in uw gewenste PMS-kleur aan dezelfde prijs, minimaal 300 stuks door de maten heen.",https://tghimages.nl/B2B_PS200L_RED_FRONT.JPG
B2B-PS200L,B2B Ladies Poloshirt Jessie,B2B-PS200LRE07,1,Back To Basics,,B2B-PS200LRE07,B2B Ladies Poloshirt Jessie,"6,10E+12",1,"39,2",4XL,red,Ladies Poloshirt Jessie red 4XL,Ladies Poloshirt Jessie red 4XL,"Dit poloshirt is gemaakt van 50% katoen en 50% gerecycled polyester voor een comfortabele en duurzame keuze. Met ribboorden bij de mouwen en zijsplitten biedt het zowel stijl als bewegingsvrijheid. Perfect voor elke gelegenheid.<br/><br/>- Dubbel gestikte naden, gekleurde nektape ter versteviging en 60°C wasbaar.<br/>- Set-in mouwen, zijnaden, zijsplitten. Ribkraag.<br/>- 4-Knoops kraag, ton-sur-ton knopen.<br/>- Ribboorden op de mouwen. Halve maan in de nek.<br/>- Duurzaam 200-grams poloshirt, vervaardigd uit 50% voorgekrompen katoen en 50% gerecycled polyester. <br/>- Neutraal, enkel maatlabel aanwezig, dus uitermate geschikt voor rebranding. <br/>- Hangtag en polybags met barcode.<br/>- Geschikt voor werk- & casual vrijetijdskleding.<br/>- Beschikbaar van maat XS t/m 5XL.<br/><br/>Ook mogelijk in uw gewenste PMS-kleur aan dezelfde prijs, minimaal 300 stuks door de maten heen.",https://tghimages.nl/B2B_PS200L_RED_FRONT.JPG
B2B-PS200L,B2B Ladies Poloshirt Jessie,B2B-PS200LRE08,1,Back To Basics,,B2B-PS200LRE08,B2B Ladies Poloshirt Jessie,"6,10E+12",1,"39,3",5XL,red,Ladies Poloshirt Jessie red 5XL,Ladies Poloshirt Jessie red 5XL,"Dit poloshirt is gemaakt van 50% katoen en 50% gerecycled polyester voor een comfortabele en duurzame keuze. Met ribboorden bij de mouwen en zijsplitten biedt het zowel stijl als bewegingsvrijheid. Perfect voor elke gelegenheid.<br/><br/>- Dubbel gestikte naden, gekleurde nektape ter versteviging en 60°C wasbaar.<br/>- Set-in mouwen, zijnaden, zijsplitten. Ribkraag.<br/>- 4-Knoops kraag, ton-sur-ton knopen.<br/>- Ribboorden op de mouwen. Halve maan in de nek.<br/>- Duurzaam 200-grams poloshirt, vervaardigd uit 50% voorgekrompen katoen en 50% gerecycled polyester. <br/>- Neutraal, enkel maatlabel aanwezig, dus uitermate geschikt voor rebranding. <br/>- Hangtag en polybags met barcode.<br/>- Geschikt voor werk- & casual vrijetijdskleding.<br/>- Beschikbaar van maat XS t/m 5XL.<br/><br/>Ook mogelijk in uw gewenste PMS-kleur aan dezelfde prijs, minimaal 300 stuks door de maten heen.",https://tghimages.nl/B2B_PS200L_RED_FRONT.JPG
B2B-PS200L,B2B Ladies Poloshirt Jessie,B2B-PS200LWH00,1,Back To Basics,,B2B-PS200LWH00,B2B Ladies Poloshirt Jessie,"6,10E+12",1,"39,4",XS,white,Ladies Poloshirt Jessie white XS,Ladies Poloshirt Jessie white XS,"Dit poloshirt is gemaakt van 50% katoen en 50% gerecycled polyester voor een comfortabele en duurzame keuze. Met ribboorden bij de mouwen en zijsplitten biedt het zowel stijl als bewegingsvrijheid. Perfect voor elke gelegenheid.<br/><br/>- Dubbel gestikte naden, gekleurde nektape ter versteviging en 60°C wasbaar.<br/>- Set-in mouwen, zijnaden, zijsplitten. Ribkraag.<br/>- 4-Knoops kraag, ton-sur-ton knopen.<br/>- Ribboorden op de mouwen. Halve maan in de nek.<br/>- Duurzaam 200-grams poloshirt, vervaardigd uit 50% voorgekrompen katoen en 50% gerecycled polyester. <br/>- Neutraal, enkel maatlabel aanwezig, dus uitermate geschikt voor rebranding. <br/>- Hangtag en polybags met barcode.<br/>- Geschikt voor werk- & casual vrijetijdskleding.<br/>- Beschikbaar van maat XS t/m 5XL.<br/><br/>Ook mogelijk in uw gewenste PMS-kleur aan dezelfde prijs, minimaal 300 stuks door de maten heen.",https://tghimages.nl/B2B_PS200L_WHITE_FRONT.JPG
B2B-PS200L,B2B Ladies Poloshirt Jessie,B2B-PS200LWH01,1,Back To Basics,,B2B-PS200LWH01,B2B Ladies Poloshirt Jessie,"6,10E+12",1,"39,5",S,white,Ladies Poloshirt Jessie white S,Ladies Poloshirt Jessie white S,"Dit poloshirt is gemaakt van 50% katoen en 50% gerecycled polyester voor een comfortabele en duurzame keuze. Met ribboorden bij de mouwen en zijsplitten biedt het zowel stijl als bewegingsvrijheid. Perfect voor elke gelegenheid.<br/><br/>- Dubbel gestikte naden, gekleurde nektape ter versteviging en 60°C wasbaar.<br/>- Set-in mouwen, zijnaden, zijsplitten. Ribkraag.<br/>- 4-Knoops kraag, ton-sur-ton knopen.<br/>- Ribboorden op de mouwen. Halve maan in de nek.<br/>- Duurzaam 200-grams poloshirt, vervaardigd uit 50% voorgekrompen katoen en 50% gerecycled polyester. <br/>- Neutraal, enkel maatlabel aanwezig, dus uitermate geschikt voor rebranding. <br/>- Hangtag en polybags met barcode.<br/>- Geschikt voor werk- & casual vrijetijdskleding.<br/>- Beschikbaar van maat XS t/m 5XL.<br/><br/>Ook mogelijk in uw gewenste PMS-kleur aan dezelfde prijs, minimaal 300 stuks door de maten heen.",https://tghimages.nl/B2B_PS200L_WHITE_FRONT.JPG
B2B-PS200L,B2B Ladies Poloshirt Jessie,B2B-PS200LWH02,1,Back To Basics,,B2B-PS200LWH02,B2B Ladies Poloshirt Jessie,"6,10E+12",1,"39,6",M,white,Ladies Poloshirt Jessie white M,Ladies Poloshirt Jessie white M,"Dit poloshirt is gemaakt van 50% katoen en 50% gerecycled polyester voor een comfortabele en duurzame keuze. Met ribboorden bij de mouwen en zijsplitten biedt het zowel stijl als bewegingsvrijheid. Perfect voor elke gelegenheid.<br/><br/>- Dubbel gestikte naden, gekleurde nektape ter versteviging en 60°C wasbaar.<br/>- Set-in mouwen, zijnaden, zijsplitten. Ribkraag.<br/>- 4-Knoops kraag, ton-sur-ton knopen.<br/>- Ribboorden op de mouwen. Halve maan in de nek.<br/>- Duurzaam 200-grams poloshirt, vervaardigd uit 50% voorgekrompen katoen en 50% gerecycled polyester. <br/>- Neutraal, enkel maatlabel aanwezig, dus uitermate geschikt voor rebranding. <br/>- Hangtag en polybags met barcode.<br/>- Geschikt voor werk- & casual vrijetijdskleding.<br/>- Beschikbaar van maat XS t/m 5XL.<br/><br/>Ook mogelijk in uw gewenste PMS-kleur aan dezelfde prijs, minimaal 300 stuks door de maten heen.",https://tghimages.nl/B2B_PS200L_WHITE_FRONT.JPG
B2B-PS200L,B2B Ladies Poloshirt Jessie,B2B-PS200LWH03,1,Back To Basics,,B2B-PS200LWH03,B2B Ladies Poloshirt Jessie,"6,10E+12",1,"39,7",L,white,Ladies Poloshirt Jessie white L,Ladies Poloshirt Jessie white L,"Dit poloshirt is gemaakt van 50% katoen en 50% gerecycled polyester voor een comfortabele en duurzame keuze. Met ribboorden bij de mouwen en zijsplitten biedt het zowel stijl als bewegingsvrijheid. Perfect voor elke gelegenheid.<br/><br/>- Dubbel gestikte naden, gekleurde nektape ter versteviging en 60°C wasbaar.<br/>- Set-in mouwen, zijnaden, zijsplitten. Ribkraag.<br/>- 4-Knoops kraag, ton-sur-ton knopen.<br/>- Ribboorden op de mouwen. Halve maan in de nek.<br/>- Duurzaam 200-grams poloshirt, vervaardigd uit 50% voorgekrompen katoen en 50% gerecycled polyester. <br/>- Neutraal, enkel maatlabel aanwezig, dus uitermate geschikt voor rebranding. <br/>- Hangtag en polybags met barcode.<br/>- Geschikt voor werk- & casual vrijetijdskleding.<br/>- Beschikbaar van maat XS t/m 5XL.<br/><br/>Ook mogelijk in uw gewenste PMS-kleur aan dezelfde prijs, minimaal 300 stuks door de maten heen.",https://tghimages.nl/B2B_PS200L_WHITE_FRONT.JPG
B2B-PS200L,B2B Ladies Poloshirt Jessie,B2B-PS200LWH04,1,Back To Basics,,B2B-PS200LWH04,B2B Ladies Poloshirt Jessie,"6,10E+12",1,"39,8",XL,white,Ladies Poloshirt Jessie white XL,Ladies Poloshirt Jessie white XL,"Dit poloshirt is gemaakt van 50% katoen en 50% gerecycled polyester voor een comfortabele en duurzame keuze. Met ribboorden bij de mouwen en zijsplitten biedt het zowel stijl als bewegingsvrijheid. Perfect voor elke gelegenheid.<br/><br/>- Dubbel gestikte naden, gekleurde nektape ter versteviging en 60°C wasbaar.<br/>- Set-in mouwen, zijnaden, zijsplitten. Ribkraag.<br/>- 4-Knoops kraag, ton-sur-ton knopen.<br/>- Ribboorden op de mouwen. Halve maan in de nek.<br/>- Duurzaam 200-grams poloshirt, vervaardigd uit 50% voorgekrompen katoen en 50% gerecycled polyester. <br/>- Neutraal, enkel maatlabel aanwezig, dus uitermate geschikt voor rebranding. <br/>- Hangtag en polybags met barcode.<br/>- Geschikt voor werk- & casual vrijetijdskleding.<br/>- Beschikbaar van maat XS t/m 5XL.<br/><br/>Ook mogelijk in uw gewenste PMS-kleur aan dezelfde prijs, minimaal 300 stuks door de maten heen.",https://tghimages.nl/B2B_PS200L_WHITE_FRONT.JPG
B2B-PS200L,B2B Ladies Poloshirt Jessie,B2B-PS200LWH05,1,Back To Basics,,B2B-PS200LWH05,B2B Ladies Poloshirt Jessie,"6,10E+12",1,"39,9",XXL,white,Ladies Poloshirt Jessie white XXL,Ladies Poloshirt Jessie white XXL,"Dit poloshirt is gemaakt van 50% katoen en 50% gerecycled polyester voor een comfortabele en duurzame keuze. Met ribboorden bij de mouwen en zijsplitten biedt het zowel stijl als bewegingsvrijheid. Perfect voor elke gelegenheid.<br/><br/>- Dubbel gestikte naden, gekleurde nektape ter versteviging en 60°C wasbaar.<br/>- Set-in mouwen, zijnaden, zijsplitten. Ribkraag.<br/>- 4-Knoops kraag, ton-sur-ton knopen.<br/>- Ribboorden op de mouwen. Halve maan in de nek.<br/>- Duurzaam 200-grams poloshirt, vervaardigd uit 50% voorgekrompen katoen en 50% gerecycled polyester. <br/>- Neutraal, enkel maatlabel aanwezig, dus uitermate geschikt voor rebranding. <br/>- Hangtag en polybags met barcode.<br/>- Geschikt voor werk- & casual vrijetijdskleding.<br/>- Beschikbaar van maat XS t/m 5XL.<br/><br/>Ook mogelijk in uw gewenste PMS-kleur aan dezelfde prijs, minimaal 300 stuks door de maten heen.",https://tghimages.nl/B2B_PS200L_WHITE_FRONT.JPG
B2B-PS200L,B2B Ladies Poloshirt Jessie,B2B-PS200LWH06,1,Back To Basics,,B2B-PS200LWH06,B2B Ladies Poloshirt Jessie,"6,10E+12",1,40,3XL,white,Ladies Poloshirt Jessie white 3XL,Ladies Poloshirt Jessie white 3XL,"Dit poloshirt is gemaakt van 50% katoen en 50% gerecycled polyester voor een comfortabele en duurzame keuze. Met ribboorden bij de mouwen en zijsplitten biedt het zowel stijl als bewegingsvrijheid. Perfect voor elke gelegenheid.<br/><br/>- Dubbel gestikte naden, gekleurde nektape ter versteviging en 60°C wasbaar.<br/>- Set-in mouwen, zijnaden, zijsplitten. Ribkraag.<br/>- 4-Knoops kraag, ton-sur-ton knopen.<br/>- Ribboorden op de mouwen. Halve maan in de nek.<br/>- Duurzaam 200-grams poloshirt, vervaardigd uit 50% voorgekrompen katoen en 50% gerecycled polyester. <br/>- Neutraal, enkel maatlabel aanwezig, dus uitermate geschikt voor rebranding. <br/>- Hangtag en polybags met barcode.<br/>- Geschikt voor werk- & casual vrijetijdskleding.<br/>- Beschikbaar van maat XS t/m 5XL.<br/><br/>Ook mogelijk in uw gewenste PMS-kleur aan dezelfde prijs, minimaal 300 stuks door de maten heen.",https://tghimages.nl/B2B_PS200L_WHITE_FRONT.JPG
B2B-PS200L,B2B Ladies Poloshirt Jessie,B2B-PS200LWH07,1,Back To Basics,,B2B-PS200LWH07,B2B Ladies Poloshirt Jessie,"6,10E+12",1,"40,1",4XL,white,Ladies Poloshirt Jessie white 4XL,Ladies Poloshirt Jessie white 4XL,"Dit poloshirt is gemaakt van 50% katoen en 50% gerecycled polyester voor een comfortabele en duurzame keuze. Met ribboorden bij de mouwen en zijsplitten biedt het zowel stijl als bewegingsvrijheid. Perfect voor elke gelegenheid.<br/><br/>- Dubbel gestikte naden, gekleurde nektape ter versteviging en 60°C wasbaar.<br/>- Set-in mouwen, zijnaden, zijsplitten. Ribkraag.<br/>- 4-Knoops kraag, ton-sur-ton knopen.<br/>- Ribboorden op de mouwen. Halve maan in de nek.<br/>- Duurzaam 200-grams poloshirt, vervaardigd uit 50% voorgekrompen katoen en 50% gerecycled polyester. <br/>- Neutraal, enkel maatlabel aanwezig, dus uitermate geschikt voor rebranding. <br/>- Hangtag en polybags met barcode.<br/>- Geschikt voor werk- & casual vrijetijdskleding.<br/>- Beschikbaar van maat XS t/m 5XL.<br/><br/>Ook mogelijk in uw gewenste PMS-kleur aan dezelfde prijs, minimaal 300 stuks door de maten heen.",https://tghimages.nl/B2B_PS200L_WHITE_FRONT.JPG
B2B-PS200L,B2B Ladies Poloshirt Jessie,B2B-PS200LWH08,1,Back To Basics,,B2B-PS200LWH08,B2B Ladies Poloshirt Jessie,"6,10E+12",1,"40,2",5XL,white,Ladies Poloshirt Jessie white 5XL,Ladies Poloshirt Jessie white 5XL,"Dit poloshirt is gemaakt van 50% katoen en 50% gerecycled polyester voor een comfortabele en duurzame keuze. Met ribboorden bij de mouwen en zijsplitten biedt het zowel stijl als bewegingsvrijheid. Perfect voor elke gelegenheid.<br/><br/>- Dubbel gestikte naden, gekleurde nektape ter versteviging en 60°C wasbaar.<br/>- Set-in mouwen, zijnaden, zijsplitten. Ribkraag.<br/>- 4-Knoops kraag, ton-sur-ton knopen.<br/>- Ribboorden op de mouwen. Halve maan in de nek.<br/>- Duurzaam 200-grams poloshirt, vervaardigd uit 50% voorgekrompen katoen en 50% gerecycled polyester. <br/>- Neutraal, enkel maatlabel aanwezig, dus uitermate geschikt voor rebranding. <br/>- Hangtag en polybags met barcode.<br/>- Geschikt voor werk- & casual vrijetijdskleding.<br/>- Beschikbaar van maat XS t/m 5XL.<br/><br/>Ook mogelijk in uw gewenste PMS-kleur aan dezelfde prijs, minimaal 300 stuks door de maten heen.",https://tghimages.nl/B2B_PS200L_WHITE_FRONT.JPG
B2B-PS200,B2B Poloshirt Gabriel,B2B-PS200NA00,1,Back To Basics,,B2B-PS200NA00,B2B Poloshirt Gabriel,"6,10E+12",1,"40,3",XS,navy,Poloshirt Gabriel navy XS,Poloshirt Gabriel navy XS,"Dit poloshirt is gemaakt van 50% katoen en 50% gerecycled polyester voor een comfortabele en duurzame keuze. Met nauwsluitende ribboorden bij de mouwen en zijsplitten biedt het zowel stijl als bewegingsvrijheid. Perfect voor elke gelegenheid.<br/><br/>- Dubbel gestikte naden, gekleurde nektape ter versteviging en 60°C wasbaar.<br/>- Set-in mouwen, zijnaden, zijsplitten. Ribkraag.<br/>- 3-Knoops kraag, ton-sur-ton knopen.<br/>- Nauwsluitende ribboorden op de mouwen. Halve maan in de nek.<br/>- Duurzaam 200-grams poloshirt, vervaardigd uit 50% voorgekrompen katoen en 50% gerecycled polyester. <br/>- Neutraal, enkel maatlabel aanwezig, dus uitermate geschikt voor rebranding. <br/>- Hangtag en polybags met barcode.<br/>- Geschikt voor werk- & casual vrijetijdskleding.<br/>- Beschikbaar van maat XS t/m 7XL.<br/><br/>Ook mogelijk in uw gewenste PMS-kleur aan dezelfde prijs, minimaal 300 stuks door de maten heen.",https://tghimages.nl/B2B_PS200_NAVY_FRONT.JPG
B2B-PS200,B2B Poloshirt Gabriel,B2B-PS200NA01,1,Back To Basics,,B2B-PS200NA01,B2B Poloshirt Gabriel,"6,10E+12",1,"40,4",S,navy,Poloshirt Gabriel navy S,Poloshirt Gabriel navy S,"Dit poloshirt is gemaakt van 50% katoen en 50% gerecycled polyester voor een comfortabele en duurzame keuze. Met nauwsluitende ribboorden bij de mouwen en zijsplitten biedt het zowel stijl als bewegingsvrijheid. Perfect voor elke gelegenheid.<br/><br/>- Dubbel gestikte naden, gekleurde nektape ter versteviging en 60°C wasbaar.<br/>- Set-in mouwen, zijnaden, zijsplitten. Ribkraag.<br/>- 3-Knoops kraag, ton-sur-ton knopen.<br/>- Nauwsluitende ribboorden op de mouwen. Halve maan in de nek.<br/>- Duurzaam 200-grams poloshirt, vervaardigd uit 50% voorgekrompen katoen en 50% gerecycled polyester. <br/>- Neutraal, enkel maatlabel aanwezig, dus uitermate geschikt voor rebranding. <br/>- Hangtag en polybags met barcode.<br/>- Geschikt voor werk- & casual vrijetijdskleding.<br/>- Beschikbaar van maat XS t/m 7XL.<br/><br/>Ook mogelijk in uw gewenste PMS-kleur aan dezelfde prijs, minimaal 300 stuks door de maten heen.",https://tghimages.nl/B2B_PS200_NAVY_FRONT.JPG
B2B-PS200,B2B Poloshirt Gabriel,B2B-PS200NA02,1,Back To Basics,,B2B-PS200NA02,B2B Poloshirt Gabriel,"6,10E+12",1,"40,5",M,navy,Poloshirt Gabriel navy M,Poloshirt Gabriel navy M,"Dit poloshirt is gemaakt van 50% katoen en 50% gerecycled polyester voor een comfortabele en duurzame keuze. Met nauwsluitende ribboorden bij de mouwen en zijsplitten biedt het zowel stijl als bewegingsvrijheid. Perfect voor elke gelegenheid.<br/><br/>- Dubbel gestikte naden, gekleurde nektape ter versteviging en 60°C wasbaar.<br/>- Set-in mouwen, zijnaden, zijsplitten. Ribkraag.<br/>- 3-Knoops kraag, ton-sur-ton knopen.<br/>- Nauwsluitende ribboorden op de mouwen. Halve maan in de nek.<br/>- Duurzaam 200-grams poloshirt, vervaardigd uit 50% voorgekrompen katoen en 50% gerecycled polyester. <br/>- Neutraal, enkel maatlabel aanwezig, dus uitermate geschikt voor rebranding. <br/>- Hangtag en polybags met barcode.<br/>- Geschikt voor werk- & casual vrijetijdskleding.<br/>- Beschikbaar van maat XS t/m 7XL.<br/><br/>Ook mogelijk in uw gewenste PMS-kleur aan dezelfde prijs, minimaal 300 stuks door de maten heen.",https://tghimages.nl/B2B_PS200_NAVY_FRONT.JPG
B2B-PS200,B2B Poloshirt Gabriel,B2B-PS200NA03,1,Back To Basics,,B2B-PS200NA03,B2B Poloshirt Gabriel,"6,10E+12",1,"40,6",L,navy,Poloshirt Gabriel navy L,Poloshirt Gabriel navy L,"Dit poloshirt is gemaakt van 50% katoen en 50% gerecycled polyester voor een comfortabele en duurzame keuze. Met nauwsluitende ribboorden bij de mouwen en zijsplitten biedt het zowel stijl als bewegingsvrijheid. Perfect voor elke gelegenheid.<br/><br/>- Dubbel gestikte naden, gekleurde nektape ter versteviging en 60°C wasbaar.<br/>- Set-in mouwen, zijnaden, zijsplitten. Ribkraag.<br/>- 3-Knoops kraag, ton-sur-ton knopen.<br/>- Nauwsluitende ribboorden op de mouwen. Halve maan in de nek.<br/>- Duurzaam 200-grams poloshirt, vervaardigd uit 50% voorgekrompen katoen en 50% gerecycled polyester. <br/>- Neutraal, enkel maatlabel aanwezig, dus uitermate geschikt voor rebranding. <br/>- Hangtag en polybags met barcode.<br/>- Geschikt voor werk- & casual vrijetijdskleding.<br/>- Beschikbaar van maat XS t/m 7XL.<br/><br/>Ook mogelijk in uw gewenste PMS-kleur aan dezelfde prijs, minimaal 300 stuks door de maten heen.",https://tghimages.nl/B2B_PS200_NAVY_FRONT.JPG
B2B-PS200,B2B Poloshirt Gabriel,B2B-PS200NA04,1,Back To Basics,,B2B-PS200NA04,B2B Poloshirt Gabriel,"6,10E+12",1,"40,7",XL,navy,Poloshirt Gabriel navy XL,Poloshirt Gabriel navy XL,"Dit poloshirt is gemaakt van 50% katoen en 50% gerecycled polyester voor een comfortabele en duurzame keuze. Met nauwsluitende ribboorden bij de mouwen en zijsplitten biedt het zowel stijl als bewegingsvrijheid. Perfect voor elke gelegenheid.<br/><br/>- Dubbel gestikte naden, gekleurde nektape ter versteviging en 60°C wasbaar.<br/>- Set-in mouwen, zijnaden, zijsplitten. Ribkraag.<br/>- 3-Knoops kraag, ton-sur-ton knopen.<br/>- Nauwsluitende ribboorden op de mouwen. Halve maan in de nek.<br/>- Duurzaam 200-grams poloshirt, vervaardigd uit 50% voorgekrompen katoen en 50% gerecycled polyester. <br/>- Neutraal, enkel maatlabel aanwezig, dus uitermate geschikt voor rebranding. <br/>- Hangtag en polybags met barcode.<br/>- Geschikt voor werk- & casual vrijetijdskleding.<br/>- Beschikbaar van maat XS t/m 7XL.<br/><br/>Ook mogelijk in uw gewenste PMS-kleur aan dezelfde prijs, minimaal 300 stuks door de maten heen.",https://tghimages.nl/B2B_PS200_NAVY_FRONT.JPG
B2B-PS200,B2B Poloshirt Gabriel,B2B-PS200NA05,1,Back To Basics,,B2B-PS200NA05,B2B Poloshirt Gabriel,"6,10E+12",1,"40,8",XXL,navy,Poloshirt Gabriel navy XXL,Poloshirt Gabriel navy XXL,"Dit poloshirt is gemaakt van 50% katoen en 50% gerecycled polyester voor een comfortabele en duurzame keuze. Met nauwsluitende ribboorden bij de mouwen en zijsplitten biedt het zowel stijl als bewegingsvrijheid. Perfect voor elke gelegenheid.<br/><br/>- Dubbel gestikte naden, gekleurde nektape ter versteviging en 60°C wasbaar.<br/>- Set-in mouwen, zijnaden, zijsplitten. Ribkraag.<br/>- 3-Knoops kraag, ton-sur-ton knopen.<br/>- Nauwsluitende ribboorden op de mouwen. Halve maan in de nek.<br/>- Duurzaam 200-grams poloshirt, vervaardigd uit 50% voorgekrompen katoen en 50% gerecycled polyester. <br/>- Neutraal, enkel maatlabel aanwezig, dus uitermate geschikt voor rebranding. <br/>- Hangtag en polybags met barcode.<br/>- Geschikt voor werk- & casual vrijetijdskleding.<br/>- Beschikbaar van maat XS t/m 7XL.<br/><br/>Ook mogelijk in uw gewenste PMS-kleur aan dezelfde prijs, minimaal 300 stuks door de maten heen.",https://tghimages.nl/B2B_PS200_NAVY_FRONT.JPG
B2B-PS200,B2B Poloshirt Gabriel,B2B-PS200NA06,1,Back To Basics,,B2B-PS200NA06,B2B Poloshirt Gabriel,"6,10E+12",1,"40,9",3XL,navy,Poloshirt Gabriel navy 3XL,Poloshirt Gabriel navy 3XL,"Dit poloshirt is gemaakt van 50% katoen en 50% gerecycled polyester voor een comfortabele en duurzame keuze. Met nauwsluitende ribboorden bij de mouwen en zijsplitten biedt het zowel stijl als bewegingsvrijheid. Perfect voor elke gelegenheid.<br/><br/>- Dubbel gestikte naden, gekleurde nektape ter versteviging en 60°C wasbaar.<br/>- Set-in mouwen, zijnaden, zijsplitten. Ribkraag.<br/>- 3-Knoops kraag, ton-sur-ton knopen.<br/>- Nauwsluitende ribboorden op de mouwen. Halve maan in de nek.<br/>- Duurzaam 200-grams poloshirt, vervaardigd uit 50% voorgekrompen katoen en 50% gerecycled polyester. <br/>- Neutraal, enkel maatlabel aanwezig, dus uitermate geschikt voor rebranding. <br/>- Hangtag en polybags met barcode.<br/>- Geschikt voor werk- & casual vrijetijdskleding.<br/>- Beschikbaar van maat XS t/m 7XL.<br/><br/>Ook mogelijk in uw gewenste PMS-kleur aan dezelfde prijs, minimaal 300 stuks door de maten heen.",https://tghimages.nl/B2B_PS200_NAVY_FRONT.JPG
B2B-PS200,B2B Poloshirt Gabriel,B2B-PS200NA07,1,Back To Basics,,B2B-PS200NA07,B2B Poloshirt Gabriel,"6,10E+12",1,41,4XL,navy,Poloshirt Gabriel navy 4XL,Poloshirt Gabriel navy 4XL,"Dit poloshirt is gemaakt van 50% katoen en 50% gerecycled polyester voor een comfortabele en duurzame keuze. Met nauwsluitende ribboorden bij de mouwen en zijsplitten biedt het zowel stijl als bewegingsvrijheid. Perfect voor elke gelegenheid.<br/><br/>- Dubbel gestikte naden, gekleurde nektape ter versteviging en 60°C wasbaar.<br/>- Set-in mouwen, zijnaden, zijsplitten. Ribkraag.<br/>- 3-Knoops kraag, ton-sur-ton knopen.<br/>- Nauwsluitende ribboorden op de mouwen. Halve maan in de nek.<br/>- Duurzaam 200-grams poloshirt, vervaardigd uit 50% voorgekrompen katoen en 50% gerecycled polyester. <br/>- Neutraal, enkel maatlabel aanwezig, dus uitermate geschikt voor rebranding. <br/>- Hangtag en polybags met barcode.<br/>- Geschikt voor werk- & casual vrijetijdskleding.<br/>- Beschikbaar van maat XS t/m 7XL.<br/><br/>Ook mogelijk in uw gewenste PMS-kleur aan dezelfde prijs, minimaal 300 stuks door de maten heen.",https://tghimages.nl/B2B_PS200_NAVY_FRONT.JPG
B2B-PS200,B2B Poloshirt Gabriel,B2B-PS200NA08,1,Back To Basics,,B2B-PS200NA08,B2B Poloshirt Gabriel,"6,10E+12",1,"41,1",5XL,navy,Poloshirt Gabriel navy 5XL,Poloshirt Gabriel navy 5XL,"Dit poloshirt is gemaakt van 50% katoen en 50% gerecycled polyester voor een comfortabele en duurzame keuze. Met nauwsluitende ribboorden bij de mouwen en zijsplitten biedt het zowel stijl als bewegingsvrijheid. Perfect voor elke gelegenheid.<br/><br/>- Dubbel gestikte naden, gekleurde nektape ter versteviging en 60°C wasbaar.<br/>- Set-in mouwen, zijnaden, zijsplitten. Ribkraag.<br/>- 3-Knoops kraag, ton-sur-ton knopen.<br/>- Nauwsluitende ribboorden op de mouwen. Halve maan in de nek.<br/>- Duurzaam 200-grams poloshirt, vervaardigd uit 50% voorgekrompen katoen en 50% gerecycled polyester. <br/>- Neutraal, enkel maatlabel aanwezig, dus uitermate geschikt voor rebranding. <br/>- Hangtag en polybags met barcode.<br/>- Geschikt voor werk- & casual vrijetijdskleding.<br/>- Beschikbaar van maat XS t/m 7XL.<br/><br/>Ook mogelijk in uw gewenste PMS-kleur aan dezelfde prijs, minimaal 300 stuks door de maten heen.",https://tghimages.nl/B2B_PS200_NAVY_FRONT.JPG
B2B-PS200,B2B Poloshirt Gabriel,B2B-PS200NA09,1,Back To Basics,,B2B-PS200NA09,B2B Poloshirt Gabriel,"6,10E+12",1,"41,2",6XL,navy,Poloshirt Gabriel navy 6XL,Poloshirt Gabriel navy 6XL,"Dit poloshirt is gemaakt van 50% katoen en 50% gerecycled polyester voor een comfortabele en duurzame keuze. Met nauwsluitende ribboorden bij de mouwen en zijsplitten biedt het zowel stijl als bewegingsvrijheid. Perfect voor elke gelegenheid.<br/><br/>- Dubbel gestikte naden, gekleurde nektape ter versteviging en 60°C wasbaar.<br/>- Set-in mouwen, zijnaden, zijsplitten. Ribkraag.<br/>- 3-Knoops kraag, ton-sur-ton knopen.<br/>- Nauwsluitende ribboorden op de mouwen. Halve maan in de nek.<br/>- Duurzaam 200-grams poloshirt, vervaardigd uit 50% voorgekrompen katoen en 50% gerecycled polyester. <br/>- Neutraal, enkel maatlabel aanwezig, dus uitermate geschikt voor rebranding. <br/>- Hangtag en polybags met barcode.<br/>- Geschikt voor werk- & casual vrijetijdskleding.<br/>- Beschikbaar van maat XS t/m 7XL.<br/><br/>Ook mogelijk in uw gewenste PMS-kleur aan dezelfde prijs, minimaal 300 stuks door de maten heen.",https://tghimages.nl/B2B_PS200_NAVY_FRONT.JPG
B2B-PS200,B2B Poloshirt Gabriel,B2B-PS200NA10,1,Back To Basics,,B2B-PS200NA10,B2B Poloshirt Gabriel,"6,10E+12",1,"41,3",7XL,navy,Poloshirt Gabriel navy 7XL,Poloshirt Gabriel navy 7XL,"Dit poloshirt is gemaakt van 50% katoen en 50% gerecycled polyester voor een comfortabele en duurzame keuze. Met nauwsluitende ribboorden bij de mouwen en zijsplitten biedt het zowel stijl als bewegingsvrijheid. Perfect voor elke gelegenheid.<br/><br/>- Dubbel gestikte naden, gekleurde nektape ter versteviging en 60°C wasbaar.<br/>- Set-in mouwen, zijnaden, zijsplitten. Ribkraag.<br/>- 3-Knoops kraag, ton-sur-ton knopen.<br/>- Nauwsluitende ribboorden op de mouwen. Halve maan in de nek.<br/>- Duurzaam 200-grams poloshirt, vervaardigd uit 50% voorgekrompen katoen en 50% gerecycled polyester. <br/>- Neutraal, enkel maatlabel aanwezig, dus uitermate geschikt voor rebranding. <br/>- Hangtag en polybags met barcode.<br/>- Geschikt voor werk- & casual vrijetijdskleding.<br/>- Beschikbaar van maat XS t/m 7XL.<br/><br/>Ook mogelijk in uw gewenste PMS-kleur aan dezelfde prijs, minimaal 300 stuks door de maten heen.",https://tghimages.nl/B2B_PS200_NAVY_FRONT.JPG
B2B-PS200,B2B Poloshirt Gabriel,B2B-PS200RB00,1,Back To Basics,,B2B-PS200RB00,B2B Poloshirt Gabriel,"6,10E+12",1,"41,4",XS,royal blue,Poloshirt Gabriel royal blue XS,Poloshirt Gabriel royal blue XS,"Dit poloshirt is gemaakt van 50% katoen en 50% gerecycled polyester voor een comfortabele en duurzame keuze. Met nauwsluitende ribboorden bij de mouwen en zijsplitten biedt het zowel stijl als bewegingsvrijheid. Perfect voor elke gelegenheid.<br/><br/>- Dubbel gestikte naden, gekleurde nektape ter versteviging en 60°C wasbaar.<br/>- Set-in mouwen, zijnaden, zijsplitten. Ribkraag.<br/>- 3-Knoops kraag, ton-sur-ton knopen.<br/>- Nauwsluitende ribboorden op de mouwen. Halve maan in de nek.<br/>- Duurzaam 200-grams poloshirt, vervaardigd uit 50% voorgekrompen katoen en 50% gerecycled polyester. <br/>- Neutraal, enkel maatlabel aanwezig, dus uitermate geschikt voor rebranding. <br/>- Hangtag en polybags met barcode.<br/>- Geschikt voor werk- & casual vrijetijdskleding.<br/>- Beschikbaar van maat XS t/m 7XL.<br/><br/>Ook mogelijk in uw gewenste PMS-kleur aan dezelfde prijs, minimaal 300 stuks door de maten heen.",https://tghimages.nl/B2B_PS200_ROYAL_BLUE_FRONT.JPG
B2B-PS200,B2B Poloshirt Gabriel,B2B-PS200RB01,1,Back To Basics,,B2B-PS200RB01,B2B Poloshirt Gabriel,"6,10E+12",1,"41,5",S,royal blue,Poloshirt Gabriel royal blue S,Poloshirt Gabriel royal blue S,"Dit poloshirt is gemaakt van 50% katoen en 50% gerecycled polyester voor een comfortabele en duurzame keuze. Met nauwsluitende ribboorden bij de mouwen en zijsplitten biedt het zowel stijl als bewegingsvrijheid. Perfect voor elke gelegenheid.<br/><br/>- Dubbel gestikte naden, gekleurde nektape ter versteviging en 60°C wasbaar.<br/>- Set-in mouwen, zijnaden, zijsplitten. Ribkraag.<br/>- 3-Knoops kraag, ton-sur-ton knopen.<br/>- Nauwsluitende ribboorden op de mouwen. Halve maan in de nek.<br/>- Duurzaam 200-grams poloshirt, vervaardigd uit 50% voorgekrompen katoen en 50% gerecycled polyester. <br/>- Neutraal, enkel maatlabel aanwezig, dus uitermate geschikt voor rebranding. <br/>- Hangtag en polybags met barcode.<br/>- Geschikt voor werk- & casual vrijetijdskleding.<br/>- Beschikbaar van maat XS t/m 7XL.<br/><br/>Ook mogelijk in uw gewenste PMS-kleur aan dezelfde prijs, minimaal 300 stuks door de maten heen.",https://tghimages.nl/B2B_PS200_ROYAL_BLUE_FRONT.JPG
B2B-PS200,B2B Poloshirt Gabriel,B2B-PS200RB02,1,Back To Basics,,B2B-PS200RB02,B2B Poloshirt Gabriel,"6,10E+12",1,"41,6",M,royal blue,Poloshirt Gabriel royal blue M,Poloshirt Gabriel royal blue M,"Dit poloshirt is gemaakt van 50% katoen en 50% gerecycled polyester voor een comfortabele en duurzame keuze. Met nauwsluitende ribboorden bij de mouwen en zijsplitten biedt het zowel stijl als bewegingsvrijheid. Perfect voor elke gelegenheid.<br/><br/>- Dubbel gestikte naden, gekleurde nektape ter versteviging en 60°C wasbaar.<br/>- Set-in mouwen, zijnaden, zijsplitten. Ribkraag.<br/>- 3-Knoops kraag, ton-sur-ton knopen.<br/>- Nauwsluitende ribboorden op de mouwen. Halve maan in de nek.<br/>- Duurzaam 200-grams poloshirt, vervaardigd uit 50% voorgekrompen katoen en 50% gerecycled polyester. <br/>- Neutraal, enkel maatlabel aanwezig, dus uitermate geschikt voor rebranding. <br/>- Hangtag en polybags met barcode.<br/>- Geschikt voor werk- & casual vrijetijdskleding.<br/>- Beschikbaar van maat XS t/m 7XL.<br/><br/>Ook mogelijk in uw gewenste PMS-kleur aan dezelfde prijs, minimaal 300 stuks door de maten heen.",https://tghimages.nl/B2B_PS200_ROYAL_BLUE_FRONT.JPG
B2B-PS200,B2B Poloshirt Gabriel,B2B-PS200RB03,1,Back To Basics,,B2B-PS200RB03,B2B Poloshirt Gabriel,"6,10E+12",1,"41,7",L,royal blue,Poloshirt Gabriel royal blue L,Poloshirt Gabriel royal blue L,"Dit poloshirt is gemaakt van 50% katoen en 50% gerecycled polyester voor een comfortabele en duurzame keuze. Met nauwsluitende ribboorden bij de mouwen en zijsplitten biedt het zowel stijl als bewegingsvrijheid. Perfect voor elke gelegenheid.<br/><br/>- Dubbel gestikte naden, gekleurde nektape ter versteviging en 60°C wasbaar.<br/>- Set-in mouwen, zijnaden, zijsplitten. Ribkraag.<br/>- 3-Knoops kraag, ton-sur-ton knopen.<br/>- Nauwsluitende ribboorden op de mouwen. Halve maan in de nek.<br/>- Duurzaam 200-grams poloshirt, vervaardigd uit 50% voorgekrompen katoen en 50% gerecycled polyester. <br/>- Neutraal, enkel maatlabel aanwezig, dus uitermate geschikt voor rebranding. <br/>- Hangtag en polybags met barcode.<br/>- Geschikt voor werk- & casual vrijetijdskleding.<br/>- Beschikbaar van maat XS t/m 7XL.<br/><br/>Ook mogelijk in uw gewenste PMS-kleur aan dezelfde prijs, minimaal 300 stuks door de maten heen.",https://tghimages.nl/B2B_PS200_ROYAL_BLUE_FRONT.JPG
B2B-PS200,B2B Poloshirt Gabriel,B2B-PS200RB04,1,Back To Basics,,B2B-PS200RB04,B2B Poloshirt Gabriel,"6,10E+12",1,"41,8",XL,royal blue,Poloshirt Gabriel royal blue XL,Poloshirt Gabriel royal blue XL,"Dit poloshirt is gemaakt van 50% katoen en 50% gerecycled polyester voor een comfortabele en duurzame keuze. Met nauwsluitende ribboorden bij de mouwen en zijsplitten biedt het zowel stijl als bewegingsvrijheid. Perfect voor elke gelegenheid.<br/><br/>- Dubbel gestikte naden, gekleurde nektape ter versteviging en 60°C wasbaar.<br/>- Set-in mouwen, zijnaden, zijsplitten. Ribkraag.<br/>- 3-Knoops kraag, ton-sur-ton knopen.<br/>- Nauwsluitende ribboorden op de mouwen. Halve maan in de nek.<br/>- Duurzaam 200-grams poloshirt, vervaardigd uit 50% voorgekrompen katoen en 50% gerecycled polyester. <br/>- Neutraal, enkel maatlabel aanwezig, dus uitermate geschikt voor rebranding. <br/>- Hangtag en polybags met barcode.<br/>- Geschikt voor werk- & casual vrijetijdskleding.<br/>- Beschikbaar van maat XS t/m 7XL.<br/><br/>Ook mogelijk in uw gewenste PMS-kleur aan dezelfde prijs, minimaal 300 stuks door de maten heen.",https://tghimages.nl/B2B_PS200_ROYAL_BLUE_FRONT.JPG
B2B-PS200,B2B Poloshirt Gabriel,B2B-PS200RB05,1,Back To Basics,,B2B-PS200RB05,B2B Poloshirt Gabriel,"6,10E+12",1,"41,9",XXL,royal blue,Poloshirt Gabriel royal blue XXL,Poloshirt Gabriel royal blue XXL,"Dit poloshirt is gemaakt van 50% katoen en 50% gerecycled polyester voor een comfortabele en duurzame keuze. Met nauwsluitende ribboorden bij de mouwen en zijsplitten biedt het zowel stijl als bewegingsvrijheid. Perfect voor elke gelegenheid.<br/><br/>- Dubbel gestikte naden, gekleurde nektape ter versteviging en 60°C wasbaar.<br/>- Set-in mouwen, zijnaden, zijsplitten. Ribkraag.<br/>- 3-Knoops kraag, ton-sur-ton knopen.<br/>- Nauwsluitende ribboorden op de mouwen. Halve maan in de nek.<br/>- Duurzaam 200-grams poloshirt, vervaardigd uit 50% voorgekrompen katoen en 50% gerecycled polyester. <br/>- Neutraal, enkel maatlabel aanwezig, dus uitermate geschikt voor rebranding. <br/>- Hangtag en polybags met barcode.<br/>- Geschikt voor werk- & casual vrijetijdskleding.<br/>- Beschikbaar van maat XS t/m 7XL.<br/><br/>Ook mogelijk in uw gewenste PMS-kleur aan dezelfde prijs, minimaal 300 stuks door de maten heen.",https://tghimages.nl/B2B_PS200_ROYAL_BLUE_FRONT.JPG
B2B-PS200,B2B Poloshirt Gabriel,B2B-PS200RB06,1,Back To Basics,,B2B-PS200RB06,B2B Poloshirt Gabriel,"6,10E+12",1,42,3XL,royal blue,Poloshirt Gabriel royal blue 3XL,Poloshirt Gabriel royal blue 3XL,"Dit poloshirt is gemaakt van 50% katoen en 50% gerecycled polyester voor een comfortabele en duurzame keuze. Met nauwsluitende ribboorden bij de mouwen en zijsplitten biedt het zowel stijl als bewegingsvrijheid. Perfect voor elke gelegenheid.<br/><br/>- Dubbel gestikte naden, gekleurde nektape ter versteviging en 60°C wasbaar.<br/>- Set-in mouwen, zijnaden, zijsplitten. Ribkraag.<br/>- 3-Knoops kraag, ton-sur-ton knopen.<br/>- Nauwsluitende ribboorden op de mouwen. Halve maan in de nek.<br/>- Duurzaam 200-grams poloshirt, vervaardigd uit 50% voorgekrompen katoen en 50% gerecycled polyester. <br/>- Neutraal, enkel maatlabel aanwezig, dus uitermate geschikt voor rebranding. <br/>- Hangtag en polybags met barcode.<br/>- Geschikt voor werk- & casual vrijetijdskleding.<br/>- Beschikbaar van maat XS t/m 7XL.<br/><br/>Ook mogelijk in uw gewenste PMS-kleur aan dezelfde prijs, minimaal 300 stuks door de maten heen.",https://tghimages.nl/B2B_PS200_ROYAL_BLUE_FRONT.JPG
B2B-PS200,B2B Poloshirt Gabriel,B2B-PS200RB07,1,Back To Basics,,B2B-PS200RB07,B2B Poloshirt Gabriel,"6,10E+12",1,"42,1",4XL,royal blue,Poloshirt Gabriel royal blue 4XL,Poloshirt Gabriel royal blue 4XL,"Dit poloshirt is gemaakt van 50% katoen en 50% gerecycled polyester voor een comfortabele en duurzame keuze. Met nauwsluitende ribboorden bij de mouwen en zijsplitten biedt het zowel stijl als bewegingsvrijheid. Perfect voor elke gelegenheid.<br/><br/>- Dubbel gestikte naden, gekleurde nektape ter versteviging en 60°C wasbaar.<br/>- Set-in mouwen, zijnaden, zijsplitten. Ribkraag.<br/>- 3-Knoops kraag, ton-sur-ton knopen.<br/>- Nauwsluitende ribboorden op de mouwen. Halve maan in de nek.<br/>- Duurzaam 200-grams poloshirt, vervaardigd uit 50% voorgekrompen katoen en 50% gerecycled polyester. <br/>- Neutraal, enkel maatlabel aanwezig, dus uitermate geschikt voor rebranding. <br/>- Hangtag en polybags met barcode.<br/>- Geschikt voor werk- & casual vrijetijdskleding.<br/>- Beschikbaar van maat XS t/m 7XL.<br/><br/>Ook mogelijk in uw gewenste PMS-kleur aan dezelfde prijs, minimaal 300 stuks door de maten heen.",https://tghimages.nl/B2B_PS200_ROYAL_BLUE_FRONT.JPG
B2B-PS200,B2B Poloshirt Gabriel,B2B-PS200RB08,1,Back To Basics,,B2B-PS200RB08,B2B Poloshirt Gabriel,"6,10E+12",1,"42,2",5XL,royal blue,Poloshirt Gabriel royal blue 5XL,Poloshirt Gabriel royal blue 5XL,"Dit poloshirt is gemaakt van 50% katoen en 50% gerecycled polyester voor een comfortabele en duurzame keuze. Met nauwsluitende ribboorden bij de mouwen en zijsplitten biedt het zowel stijl als bewegingsvrijheid. Perfect voor elke gelegenheid.<br/><br/>- Dubbel gestikte naden, gekleurde nektape ter versteviging en 60°C wasbaar.<br/>- Set-in mouwen, zijnaden, zijsplitten. Ribkraag.<br/>- 3-Knoops kraag, ton-sur-ton knopen.<br/>- Nauwsluitende ribboorden op de mouwen. Halve maan in de nek.<br/>- Duurzaam 200-grams poloshirt, vervaardigd uit 50% voorgekrompen katoen en 50% gerecycled polyester. <br/>- Neutraal, enkel maatlabel aanwezig, dus uitermate geschikt voor rebranding. <br/>- Hangtag en polybags met barcode.<br/>- Geschikt voor werk- & casual vrijetijdskleding.<br/>- Beschikbaar van maat XS t/m 7XL.<br/><br/>Ook mogelijk in uw gewenste PMS-kleur aan dezelfde prijs, minimaal 300 stuks door de maten heen.",https://tghimages.nl/B2B_PS200_ROYAL_BLUE_FRONT.JPG
B2B-PS200,B2B Poloshirt Gabriel,B2B-PS200RB09,1,Back To Basics,,B2B-PS200RB09,B2B Poloshirt Gabriel,"6,10E+12",1,"42,3",6XL,royal blue,Poloshirt Gabriel royal blue 6XL,Poloshirt Gabriel royal blue 6XL,"Dit poloshirt is gemaakt van 50% katoen en 50% gerecycled polyester voor een comfortabele en duurzame keuze. Met nauwsluitende ribboorden bij de mouwen en zijsplitten biedt het zowel stijl als bewegingsvrijheid. Perfect voor elke gelegenheid.<br/><br/>- Dubbel gestikte naden, gekleurde nektape ter versteviging en 60°C wasbaar.<br/>- Set-in mouwen, zijnaden, zijsplitten. Ribkraag.<br/>- 3-Knoops kraag, ton-sur-ton knopen.<br/>- Nauwsluitende ribboorden op de mouwen. Halve maan in de nek.<br/>- Duurzaam 200-grams poloshirt, vervaardigd uit 50% voorgekrompen katoen en 50% gerecycled polyester. <br/>- Neutraal, enkel maatlabel aanwezig, dus uitermate geschikt voor rebranding. <br/>- Hangtag en polybags met barcode.<br/>- Geschikt voor werk- & casual vrijetijdskleding.<br/>- Beschikbaar van maat XS t/m 7XL.<br/><br/>Ook mogelijk in uw gewenste PMS-kleur aan dezelfde prijs, minimaal 300 stuks door de maten heen.",https://tghimages.nl/B2B_PS200_ROYAL_BLUE_FRONT.JPG
B2B-PS200,B2B Poloshirt Gabriel,B2B-PS200RB10,1,Back To Basics,,B2B-PS200RB10,B2B Poloshirt Gabriel,"6,10E+12",1,"42,4",7XL,royal blue,Poloshirt Gabriel royal blue 7XL,Poloshirt Gabriel royal blue 7XL,"Dit poloshirt is gemaakt van 50% katoen en 50% gerecycled polyester voor een comfortabele en duurzame keuze. Met nauwsluitende ribboorden bij de mouwen en zijsplitten biedt het zowel stijl als bewegingsvrijheid. Perfect voor elke gelegenheid.<br/><br/>- Dubbel gestikte naden, gekleurde nektape ter versteviging en 60°C wasbaar.<br/>- Set-in mouwen, zijnaden, zijsplitten. Ribkraag.<br/>- 3-Knoops kraag, ton-sur-ton knopen.<br/>- Nauwsluitende ribboorden op de mouwen. Halve maan in de nek.<br/>- Duurzaam 200-grams poloshirt, vervaardigd uit 50% voorgekrompen katoen en 50% gerecycled polyester. <br/>- Neutraal, enkel maatlabel aanwezig, dus uitermate geschikt voor rebranding. <br/>- Hangtag en polybags met barcode.<br/>- Geschikt voor werk- & casual vrijetijdskleding.<br/>- Beschikbaar van maat XS t/m 7XL.<br/><br/>Ook mogelijk in uw gewenste PMS-kleur aan dezelfde prijs, minimaal 300 stuks door de maten heen.",https://tghimages.nl/B2B_PS200_ROYAL_BLUE_FRONT.JPG
B2B-PS200,B2B Poloshirt Gabriel,B2B-PS200RE00,1,Back To Basics,,B2B-PS200RE00,B2B Poloshirt Gabriel,"6,10E+12",1,"42,5",XS,red,Poloshirt Gabriel red XS,Poloshirt Gabriel red XS,"Dit poloshirt is gemaakt van 50% katoen en 50% gerecycled polyester voor een comfortabele en duurzame keuze. Met nauwsluitende ribboorden bij de mouwen en zijsplitten biedt het zowel stijl als bewegingsvrijheid. Perfect voor elke gelegenheid.<br/><br/>- Dubbel gestikte naden, gekleurde nektape ter versteviging en 60°C wasbaar.<br/>- Set-in mouwen, zijnaden, zijsplitten. Ribkraag.<br/>- 3-Knoops kraag, ton-sur-ton knopen.<br/>- Nauwsluitende ribboorden op de mouwen. Halve maan in de nek.<br/>- Duurzaam 200-grams poloshirt, vervaardigd uit 50% voorgekrompen katoen en 50% gerecycled polyester. <br/>- Neutraal, enkel maatlabel aanwezig, dus uitermate geschikt voor rebranding. <br/>- Hangtag en polybags met barcode.<br/>- Geschikt voor werk- & casual vrijetijdskleding.<br/>- Beschikbaar van maat XS t/m 7XL.<br/><br/>Ook mogelijk in uw gewenste PMS-kleur aan dezelfde prijs, minimaal 300 stuks door de maten heen.",https://tghimages.nl/B2B_PS200_RED_FRONT.JPG
B2B-PS200,B2B Poloshirt Gabriel,B2B-PS200RE01,1,Back To Basics,,B2B-PS200RE01,B2B Poloshirt Gabriel,"6,10E+12",1,"42,6",S,red,Poloshirt Gabriel red S,Poloshirt Gabriel red S,"Dit poloshirt is gemaakt van 50% katoen en 50% gerecycled polyester voor een comfortabele en duurzame keuze. Met nauwsluitende ribboorden bij de mouwen en zijsplitten biedt het zowel stijl als bewegingsvrijheid. Perfect voor elke gelegenheid.<br/><br/>- Dubbel gestikte naden, gekleurde nektape ter versteviging en 60°C wasbaar.<br/>- Set-in mouwen, zijnaden, zijsplitten. Ribkraag.<br/>- 3-Knoops kraag, ton-sur-ton knopen.<br/>- Nauwsluitende ribboorden op de mouwen. Halve maan in de nek.<br/>- Duurzaam 200-grams poloshirt, vervaardigd uit 50% voorgekrompen katoen en 50% gerecycled polyester. <br/>- Neutraal, enkel maatlabel aanwezig, dus uitermate geschikt voor rebranding. <br/>- Hangtag en polybags met barcode.<br/>- Geschikt voor werk- & casual vrijetijdskleding.<br/>- Beschikbaar van maat XS t/m 7XL.<br/><br/>Ook mogelijk in uw gewenste PMS-kleur aan dezelfde prijs, minimaal 300 stuks door de maten heen.",https://tghimages.nl/B2B_PS200_RED_FRONT.JPG
B2B-PS200,B2B Poloshirt Gabriel,B2B-PS200RE02,1,Back To Basics,,B2B-PS200RE02,B2B Poloshirt Gabriel,"6,10E+12",1,"42,7",M,red,Poloshirt Gabriel red M,Poloshirt Gabriel red M,"Dit poloshirt is gemaakt van 50% katoen en 50% gerecycled polyester voor een comfortabele en duurzame keuze. Met nauwsluitende ribboorden bij de mouwen en zijsplitten biedt het zowel stijl als bewegingsvrijheid. Perfect voor elke gelegenheid.<br/><br/>- Dubbel gestikte naden, gekleurde nektape ter versteviging en 60°C wasbaar.<br/>- Set-in mouwen, zijnaden, zijsplitten. Ribkraag.<br/>- 3-Knoops kraag, ton-sur-ton knopen.<br/>- Nauwsluitende ribboorden op de mouwen. Halve maan in de nek.<br/>- Duurzaam 200-grams poloshirt, vervaardigd uit 50% voorgekrompen katoen en 50% gerecycled polyester. <br/>- Neutraal, enkel maatlabel aanwezig, dus uitermate geschikt voor rebranding. <br/>- Hangtag en polybags met barcode.<br/>- Geschikt voor werk- & casual vrijetijdskleding.<br/>- Beschikbaar van maat XS t/m 7XL.<br/><br/>Ook mogelijk in uw gewenste PMS-kleur aan dezelfde prijs, minimaal 300 stuks door de maten heen.",https://tghimages.nl/B2B_PS200_RED_FRONT.JPG
B2B-PS200,B2B Poloshirt Gabriel,B2B-PS200RE03,1,Back To Basics,,B2B-PS200RE03,B2B Poloshirt Gabriel,"6,10E+12",1,"42,8",L,red,Poloshirt Gabriel red L,Poloshirt Gabriel red L,"Dit poloshirt is gemaakt van 50% katoen en 50% gerecycled polyester voor een comfortabele en duurzame keuze. Met nauwsluitende ribboorden bij de mouwen en zijsplitten biedt het zowel stijl als bewegingsvrijheid. Perfect voor elke gelegenheid.<br/><br/>- Dubbel gestikte naden, gekleurde nektape ter versteviging en 60°C wasbaar.<br/>- Set-in mouwen, zijnaden, zijsplitten. Ribkraag.<br/>- 3-Knoops kraag, ton-sur-ton knopen.<br/>- Nauwsluitende ribboorden op de mouwen. Halve maan in de nek.<br/>- Duurzaam 200-grams poloshirt, vervaardigd uit 50% voorgekrompen katoen en 50% gerecycled polyester. <br/>- Neutraal, enkel maatlabel aanwezig, dus uitermate geschikt voor rebranding. <br/>- Hangtag en polybags met barcode.<br/>- Geschikt voor werk- & casual vrijetijdskleding.<br/>- Beschikbaar van maat XS t/m 7XL.<br/><br/>Ook mogelijk in uw gewenste PMS-kleur aan dezelfde prijs, minimaal 300 stuks door de maten heen.",https://tghimages.nl/B2B_PS200_RED_FRONT.JPG
B2B-PS200,B2B Poloshirt Gabriel,B2B-PS200RE04,1,Back To Basics,,B2B-PS200RE04,B2B Poloshirt Gabriel,"6,10E+12",1,"42,9",XL,red,Poloshirt Gabriel red XL,Poloshirt Gabriel red XL,"Dit poloshirt is gemaakt van 50% katoen en 50% gerecycled polyester voor een comfortabele en duurzame keuze. Met nauwsluitende ribboorden bij de mouwen en zijsplitten biedt het zowel stijl als bewegingsvrijheid. Perfect voor elke gelegenheid.<br/><br/>- Dubbel gestikte naden, gekleurde nektape ter versteviging en 60°C wasbaar.<br/>- Set-in mouwen, zijnaden, zijsplitten. Ribkraag.<br/>- 3-Knoops kraag, ton-sur-ton knopen.<br/>- Nauwsluitende ribboorden op de mouwen. Halve maan in de nek.<br/>- Duurzaam 200-grams poloshirt, vervaardigd uit 50% voorgekrompen katoen en 50% gerecycled polyester. <br/>- Neutraal, enkel maatlabel aanwezig, dus uitermate geschikt voor rebranding. <br/>- Hangtag en polybags met barcode.<br/>- Geschikt voor werk- & casual vrijetijdskleding.<br/>- Beschikbaar van maat XS t/m 7XL.<br/><br/>Ook mogelijk in uw gewenste PMS-kleur aan dezelfde prijs, minimaal 300 stuks door de maten heen.",https://tghimages.nl/B2B_PS200_RED_FRONT.JPG
B2B-PS200,B2B Poloshirt Gabriel,B2B-PS200RE05,1,Back To Basics,,B2B-PS200RE05,B2B Poloshirt Gabriel,"6,10E+12",1,43,XXL,red,Poloshirt Gabriel red XXL,Poloshirt Gabriel red XXL,"Dit poloshirt is gemaakt van 50% katoen en 50% gerecycled polyester voor een comfortabele en duurzame keuze. Met nauwsluitende ribboorden bij de mouwen en zijsplitten biedt het zowel stijl als bewegingsvrijheid. Perfect voor elke gelegenheid.<br/><br/>- Dubbel gestikte naden, gekleurde nektape ter versteviging en 60°C wasbaar.<br/>- Set-in mouwen, zijnaden, zijsplitten. Ribkraag.<br/>- 3-Knoops kraag, ton-sur-ton knopen.<br/>- Nauwsluitende ribboorden op de mouwen. Halve maan in de nek.<br/>- Duurzaam 200-grams poloshirt, vervaardigd uit 50% voorgekrompen katoen en 50% gerecycled polyester. <br/>- Neutraal, enkel maatlabel aanwezig, dus uitermate geschikt voor rebranding. <br/>- Hangtag en polybags met barcode.<br/>- Geschikt voor werk- & casual vrijetijdskleding.<br/>- Beschikbaar van maat XS t/m 7XL.<br/><br/>Ook mogelijk in uw gewenste PMS-kleur aan dezelfde prijs, minimaal 300 stuks door de maten heen.",https://tghimages.nl/B2B_PS200_RED_FRONT.JPG
B2B-PS200,B2B Poloshirt Gabriel,B2B-PS200RE06,1,Back To Basics,,B2B-PS200RE06,B2B Poloshirt Gabriel,"6,10E+12",1,"43,1",3XL,red,Poloshirt Gabriel red 3XL,Poloshirt Gabriel red 3XL,"Dit poloshirt is gemaakt van 50% katoen en 50% gerecycled polyester voor een comfortabele en duurzame keuze. Met nauwsluitende ribboorden bij de mouwen en zijsplitten biedt het zowel stijl als bewegingsvrijheid. Perfect voor elke gelegenheid.<br/><br/>- Dubbel gestikte naden, gekleurde nektape ter versteviging en 60°C wasbaar.<br/>- Set-in mouwen, zijnaden, zijsplitten. Ribkraag.<br/>- 3-Knoops kraag, ton-sur-ton knopen.<br/>- Nauwsluitende ribboorden op de mouwen. Halve maan in de nek.<br/>- Duurzaam 200-grams poloshirt, vervaardigd uit 50% voorgekrompen katoen en 50% gerecycled polyester. <br/>- Neutraal, enkel maatlabel aanwezig, dus uitermate geschikt voor rebranding. <br/>- Hangtag en polybags met barcode.<br/>- Geschikt voor werk- & casual vrijetijdskleding.<br/>- Beschikbaar van maat XS t/m 7XL.<br/><br/>Ook mogelijk in uw gewenste PMS-kleur aan dezelfde prijs, minimaal 300 stuks door de maten heen.",https://tghimages.nl/B2B_PS200_RED_FRONT.JPG
B2B-PS200,B2B Poloshirt Gabriel,B2B-PS200RE07,1,Back To Basics,,B2B-PS200RE07,B2B Poloshirt Gabriel,"6,10E+12",1,"43,2",4XL,red,Poloshirt Gabriel red 4XL,Poloshirt Gabriel red 4XL,"Dit poloshirt is gemaakt van 50% katoen en 50% gerecycled polyester voor een comfortabele en duurzame keuze. Met nauwsluitende ribboorden bij de mouwen en zijsplitten biedt het zowel stijl als bewegingsvrijheid. Perfect voor elke gelegenheid.<br/><br/>- Dubbel gestikte naden, gekleurde nektape ter versteviging en 60°C wasbaar.<br/>- Set-in mouwen, zijnaden, zijsplitten. Ribkraag.<br/>- 3-Knoops kraag, ton-sur-ton knopen.<br/>- Nauwsluitende ribboorden op de mouwen. Halve maan in de nek.<br/>- Duurzaam 200-grams poloshirt, vervaardigd uit 50% voorgekrompen katoen en 50% gerecycled polyester. <br/>- Neutraal, enkel maatlabel aanwezig, dus uitermate geschikt voor rebranding. <br/>- Hangtag en polybags met barcode.<br/>- Geschikt voor werk- & casual vrijetijdskleding.<br/>- Beschikbaar van maat XS t/m 7XL.<br/><br/>Ook mogelijk in uw gewenste PMS-kleur aan dezelfde prijs, minimaal 300 stuks door de maten heen.",https://tghimages.nl/B2B_PS200_RED_FRONT.JPG
B2B-PS200,B2B Poloshirt Gabriel,B2B-PS200RE08,1,Back To Basics,,B2B-PS200RE08,B2B Poloshirt Gabriel,"6,10E+12",1,"43,3",5XL,red,Poloshirt Gabriel red 5XL,Poloshirt Gabriel red 5XL,"Dit poloshirt is gemaakt van 50% katoen en 50% gerecycled polyester voor een comfortabele en duurzame keuze. Met nauwsluitende ribboorden bij de mouwen en zijsplitten biedt het zowel stijl als bewegingsvrijheid. Perfect voor elke gelegenheid.<br/><br/>- Dubbel gestikte naden, gekleurde nektape ter versteviging en 60°C wasbaar.<br/>- Set-in mouwen, zijnaden, zijsplitten. Ribkraag.<br/>- 3-Knoops kraag, ton-sur-ton knopen.<br/>- Nauwsluitende ribboorden op de mouwen. Halve maan in de nek.<br/>- Duurzaam 200-grams poloshirt, vervaardigd uit 50% voorgekrompen katoen en 50% gerecycled polyester. <br/>- Neutraal, enkel maatlabel aanwezig, dus uitermate geschikt voor rebranding. <br/>- Hangtag en polybags met barcode.<br/>- Geschikt voor werk- & casual vrijetijdskleding.<br/>- Beschikbaar van maat XS t/m 7XL.<br/><br/>Ook mogelijk in uw gewenste PMS-kleur aan dezelfde prijs, minimaal 300 stuks door de maten heen.",https://tghimages.nl/B2B_PS200_RED_FRONT.JPG
B2B-PS200,B2B Poloshirt Gabriel,B2B-PS200RE09,1,Back To Basics,,B2B-PS200RE09,B2B Poloshirt Gabriel,"6,10E+12",1,"43,4",6XL,red,Poloshirt Gabriel red 6XL,Poloshirt Gabriel red 6XL,"Dit poloshirt is gemaakt van 50% katoen en 50% gerecycled polyester voor een comfortabele en duurzame keuze. Met nauwsluitende ribboorden bij de mouwen en zijsplitten biedt het zowel stijl als bewegingsvrijheid. Perfect voor elke gelegenheid.<br/><br/>- Dubbel gestikte naden, gekleurde nektape ter versteviging en 60°C wasbaar.<br/>- Set-in mouwen, zijnaden, zijsplitten. Ribkraag.<br/>- 3-Knoops kraag, ton-sur-ton knopen.<br/>- Nauwsluitende ribboorden op de mouwen. Halve maan in de nek.<br/>- Duurzaam 200-grams poloshirt, vervaardigd uit 50% voorgekrompen katoen en 50% gerecycled polyester. <br/>- Neutraal, enkel maatlabel aanwezig, dus uitermate geschikt voor rebranding. <br/>- Hangtag en polybags met barcode.<br/>- Geschikt voor werk- & casual vrijetijdskleding.<br/>- Beschikbaar van maat XS t/m 7XL.<br/><br/>Ook mogelijk in uw gewenste PMS-kleur aan dezelfde prijs, minimaal 300 stuks door de maten heen.",https://tghimages.nl/B2B_PS200_RED_FRONT.JPG
B2B-PS200,B2B Poloshirt Gabriel,B2B-PS200RE10,1,Back To Basics,,B2B-PS200RE10,B2B Poloshirt Gabriel,"6,10E+12",1,"43,5",7XL,red,Poloshirt Gabriel red 7XL,Poloshirt Gabriel red 7XL,"Dit poloshirt is gemaakt van 50% katoen en 50% gerecycled polyester voor een comfortabele en duurzame keuze. Met nauwsluitende ribboorden bij de mouwen en zijsplitten biedt het zowel stijl als bewegingsvrijheid. Perfect voor elke gelegenheid.<br/><br/>- Dubbel gestikte naden, gekleurde nektape ter versteviging en 60°C wasbaar.<br/>- Set-in mouwen, zijnaden, zijsplitten. Ribkraag.<br/>- 3-Knoops kraag, ton-sur-ton knopen.<br/>- Nauwsluitende ribboorden op de mouwen. Halve maan in de nek.<br/>- Duurzaam 200-grams poloshirt, vervaardigd uit 50% voorgekrompen katoen en 50% gerecycled polyester. <br/>- Neutraal, enkel maatlabel aanwezig, dus uitermate geschikt voor rebranding. <br/>- Hangtag en polybags met barcode.<br/>- Geschikt voor werk- & casual vrijetijdskleding.<br/>- Beschikbaar van maat XS t/m 7XL.<br/><br/>Ook mogelijk in uw gewenste PMS-kleur aan dezelfde prijs, minimaal 300 stuks door de maten heen.",https://tghimages.nl/B2B_PS200_RED_FRONT.JPG
B2B-PS200,B2B Poloshirt Gabriel,B2B-PS200WH00,1,Back To Basics,,B2B-PS200WH00,B2B Poloshirt Gabriel,"6,10E+12",1,"43,6",XS,white,Poloshirt Gabriel white XS,Poloshirt Gabriel white XS,"Dit poloshirt is gemaakt van 50% katoen en 50% gerecycled polyester voor een comfortabele en duurzame keuze. Met nauwsluitende ribboorden bij de mouwen en zijsplitten biedt het zowel stijl als bewegingsvrijheid. Perfect voor elke gelegenheid.<br/><br/>- Dubbel gestikte naden, gekleurde nektape ter versteviging en 60°C wasbaar.<br/>- Set-in mouwen, zijnaden, zijsplitten. Ribkraag.<br/>- 3-Knoops kraag, ton-sur-ton knopen.<br/>- Nauwsluitende ribboorden op de mouwen. Halve maan in de nek.<br/>- Duurzaam 200-grams poloshirt, vervaardigd uit 50% voorgekrompen katoen en 50% gerecycled polyester. <br/>- Neutraal, enkel maatlabel aanwezig, dus uitermate geschikt voor rebranding. <br/>- Hangtag en polybags met barcode.<br/>- Geschikt voor werk- & casual vrijetijdskleding.<br/>- Beschikbaar van maat XS t/m 7XL.<br/><br/>Ook mogelijk in uw gewenste PMS-kleur aan dezelfde prijs, minimaal 300 stuks door de maten heen.",https://tghimages.nl/B2B_PS200_WHITE_FRONT.JPG
B2B-PS200,B2B Poloshirt Gabriel,B2B-PS200WH01,1,Back To Basics,,B2B-PS200WH01,B2B Poloshirt Gabriel,"6,10E+12",1,"43,7",S,white,Poloshirt Gabriel white S,Poloshirt Gabriel white S,"Dit poloshirt is gemaakt van 50% katoen en 50% gerecycled polyester voor een comfortabele en duurzame keuze. Met nauwsluitende ribboorden bij de mouwen en zijsplitten biedt het zowel stijl als bewegingsvrijheid. Perfect voor elke gelegenheid.<br/><br/>- Dubbel gestikte naden, gekleurde nektape ter versteviging en 60°C wasbaar.<br/>- Set-in mouwen, zijnaden, zijsplitten. Ribkraag.<br/>- 3-Knoops kraag, ton-sur-ton knopen.<br/>- Nauwsluitende ribboorden op de mouwen. Halve maan in de nek.<br/>- Duurzaam 200-grams poloshirt, vervaardigd uit 50% voorgekrompen katoen en 50% gerecycled polyester. <br/>- Neutraal, enkel maatlabel aanwezig, dus uitermate geschikt voor rebranding. <br/>- Hangtag en polybags met barcode.<br/>- Geschikt voor werk- & casual vrijetijdskleding.<br/>- Beschikbaar van maat XS t/m 7XL.<br/><br/>Ook mogelijk in uw gewenste PMS-kleur aan dezelfde prijs, minimaal 300 stuks door de maten heen.",https://tghimages.nl/B2B_PS200_WHITE_FRONT.JPG
B2B-PS200,B2B Poloshirt Gabriel,B2B-PS200WH02,1,Back To Basics,,B2B-PS200WH02,B2B Poloshirt Gabriel,"6,10E+12",1,"43,8",M,white,Poloshirt Gabriel white M,Poloshirt Gabriel white M,"Dit poloshirt is gemaakt van 50% katoen en 50% gerecycled polyester voor een comfortabele en duurzame keuze. Met nauwsluitende ribboorden bij de mouwen en zijsplitten biedt het zowel stijl als bewegingsvrijheid. Perfect voor elke gelegenheid.<br/><br/>- Dubbel gestikte naden, gekleurde nektape ter versteviging en 60°C wasbaar.<br/>- Set-in mouwen, zijnaden, zijsplitten. Ribkraag.<br/>- 3-Knoops kraag, ton-sur-ton knopen.<br/>- Nauwsluitende ribboorden op de mouwen. Halve maan in de nek.<br/>- Duurzaam 200-grams poloshirt, vervaardigd uit 50% voorgekrompen katoen en 50% gerecycled polyester. <br/>- Neutraal, enkel maatlabel aanwezig, dus uitermate geschikt voor rebranding. <br/>- Hangtag en polybags met barcode.<br/>- Geschikt voor werk- & casual vrijetijdskleding.<br/>- Beschikbaar van maat XS t/m 7XL.<br/><br/>Ook mogelijk in uw gewenste PMS-kleur aan dezelfde prijs, minimaal 300 stuks door de maten heen.",https://tghimages.nl/B2B_PS200_WHITE_FRONT.JPG
B2B-PS200,B2B Poloshirt Gabriel,B2B-PS200WH03,1,Back To Basics,,B2B-PS200WH03,B2B Poloshirt Gabriel,"6,10E+12",1,"43,9",L,white,Poloshirt Gabriel white L,Poloshirt Gabriel white L,"Dit poloshirt is gemaakt van 50% katoen en 50% gerecycled polyester voor een comfortabele en duurzame keuze. Met nauwsluitende ribboorden bij de mouwen en zijsplitten biedt het zowel stijl als bewegingsvrijheid. Perfect voor elke gelegenheid.<br/><br/>- Dubbel gestikte naden, gekleurde nektape ter versteviging en 60°C wasbaar.<br/>- Set-in mouwen, zijnaden, zijsplitten. Ribkraag.<br/>- 3-Knoops kraag, ton-sur-ton knopen.<br/>- Nauwsluitende ribboorden op de mouwen. Halve maan in de nek.<br/>- Duurzaam 200-grams poloshirt, vervaardigd uit 50% voorgekrompen katoen en 50% gerecycled polyester. <br/>- Neutraal, enkel maatlabel aanwezig, dus uitermate geschikt voor rebranding. <br/>- Hangtag en polybags met barcode.<br/>- Geschikt voor werk- & casual vrijetijdskleding.<br/>- Beschikbaar van maat XS t/m 7XL.<br/><br/>Ook mogelijk in uw gewenste PMS-kleur aan dezelfde prijs, minimaal 300 stuks door de maten heen.",https://tghimages.nl/B2B_PS200_WHITE_FRONT.JPG
B2B-PS200,B2B Poloshirt Gabriel,B2B-PS200WH04,1,Back To Basics,,B2B-PS200WH04,B2B Poloshirt Gabriel,"6,10E+12",1,44,XL,white,Poloshirt Gabriel white XL,Poloshirt Gabriel white XL,"Dit poloshirt is gemaakt van 50% katoen en 50% gerecycled polyester voor een comfortabele en duurzame keuze. Met nauwsluitende ribboorden bij de mouwen en zijsplitten biedt het zowel stijl als bewegingsvrijheid. Perfect voor elke gelegenheid.<br/><br/>- Dubbel gestikte naden, gekleurde nektape ter versteviging en 60°C wasbaar.<br/>- Set-in mouwen, zijnaden, zijsplitten. Ribkraag.<br/>- 3-Knoops kraag, ton-sur-ton knopen.<br/>- Nauwsluitende ribboorden op de mouwen. Halve maan in de nek.<br/>- Duurzaam 200-grams poloshirt, vervaardigd uit 50% voorgekrompen katoen en 50% gerecycled polyester. <br/>- Neutraal, enkel maatlabel aanwezig, dus uitermate geschikt voor rebranding. <br/>- Hangtag en polybags met barcode.<br/>- Geschikt voor werk- & casual vrijetijdskleding.<br/>- Beschikbaar van maat XS t/m 7XL.<br/><br/>Ook mogelijk in uw gewenste PMS-kleur aan dezelfde prijs, minimaal 300 stuks door de maten heen.",https://tghimages.nl/B2B_PS200_WHITE_FRONT.JPG
B2B-PS200,B2B Poloshirt Gabriel,B2B-PS200WH05,1,Back To Basics,,B2B-PS200WH05,B2B Poloshirt Gabriel,"6,10E+12",1,"44,1",XXL,white,Poloshirt Gabriel white XXL,Poloshirt Gabriel white XXL,"Dit poloshirt is gemaakt van 50% katoen en 50% gerecycled polyester voor een comfortabele en duurzame keuze. Met nauwsluitende ribboorden bij de mouwen en zijsplitten biedt het zowel stijl als bewegingsvrijheid. Perfect voor elke gelegenheid.<br/><br/>- Dubbel gestikte naden, gekleurde nektape ter versteviging en 60°C wasbaar.<br/>- Set-in mouwen, zijnaden, zijsplitten. Ribkraag.<br/>- 3-Knoops kraag, ton-sur-ton knopen.<br/>- Nauwsluitende ribboorden op de mouwen. Halve maan in de nek.<br/>- Duurzaam 200-grams poloshirt, vervaardigd uit 50% voorgekrompen katoen en 50% gerecycled polyester. <br/>- Neutraal, enkel maatlabel aanwezig, dus uitermate geschikt voor rebranding. <br/>- Hangtag en polybags met barcode.<br/>- Geschikt voor werk- & casual vrijetijdskleding.<br/>- Beschikbaar van maat XS t/m 7XL.<br/><br/>Ook mogelijk in uw gewenste PMS-kleur aan dezelfde prijs, minimaal 300 stuks door de maten heen.",https://tghimages.nl/B2B_PS200_WHITE_FRONT.JPG
B2B-PS200,B2B Poloshirt Gabriel,B2B-PS200WH06,1,Back To Basics,,B2B-PS200WH06,B2B Poloshirt Gabriel,"6,10E+12",1,"44,2",3XL,white,Poloshirt Gabriel white 3XL,Poloshirt Gabriel white 3XL,"Dit poloshirt is gemaakt van 50% katoen en 50% gerecycled polyester voor een comfortabele en duurzame keuze. Met nauwsluitende ribboorden bij de mouwen en zijsplitten biedt het zowel stijl als bewegingsvrijheid. Perfect voor elke gelegenheid.<br/><br/>- Dubbel gestikte naden, gekleurde nektape ter versteviging en 60°C wasbaar.<br/>- Set-in mouwen, zijnaden, zijsplitten. Ribkraag.<br/>- 3-Knoops kraag, ton-sur-ton knopen.<br/>- Nauwsluitende ribboorden op de mouwen. Halve maan in de nek.<br/>- Duurzaam 200-grams poloshirt, vervaardigd uit 50% voorgekrompen katoen en 50% gerecycled polyester. <br/>- Neutraal, enkel maatlabel aanwezig, dus uitermate geschikt voor rebranding. <br/>- Hangtag en polybags met barcode.<br/>- Geschikt voor werk- & casual vrijetijdskleding.<br/>- Beschikbaar van maat XS t/m 7XL.<br/><br/>Ook mogelijk in uw gewenste PMS-kleur aan dezelfde prijs, minimaal 300 stuks door de maten heen.",https://tghimages.nl/B2B_PS200_WHITE_FRONT.JPG
B2B-PS200,B2B Poloshirt Gabriel,B2B-PS200WH07,1,Back To Basics,,B2B-PS200WH07,B2B Poloshirt Gabriel,"6,10E+12",1,"44,3",4XL,white,Poloshirt Gabriel white 4XL,Poloshirt Gabriel white 4XL,"Dit poloshirt is gemaakt van 50% katoen en 50% gerecycled polyester voor een comfortabele en duurzame keuze. Met nauwsluitende ribboorden bij de mouwen en zijsplitten biedt het zowel stijl als bewegingsvrijheid. Perfect voor elke gelegenheid.<br/><br/>- Dubbel gestikte naden, gekleurde nektape ter versteviging en 60°C wasbaar.<br/>- Set-in mouwen, zijnaden, zijsplitten. Ribkraag.<br/>- 3-Knoops kraag, ton-sur-ton knopen.<br/>- Nauwsluitende ribboorden op de mouwen. Halve maan in de nek.<br/>- Duurzaam 200-grams poloshirt, vervaardigd uit 50% voorgekrompen katoen en 50% gerecycled polyester. <br/>- Neutraal, enkel maatlabel aanwezig, dus uitermate geschikt voor rebranding. <br/>- Hangtag en polybags met barcode.<br/>- Geschikt voor werk- & casual vrijetijdskleding.<br/>- Beschikbaar van maat XS t/m 7XL.<br/><br/>Ook mogelijk in uw gewenste PMS-kleur aan dezelfde prijs, minimaal 300 stuks door de maten heen.",https://tghimages.nl/B2B_PS200_WHITE_FRONT.JPG
B2B-PS200,B2B Poloshirt Gabriel,B2B-PS200WH08,1,Back To Basics,,B2B-PS200WH08,B2B Poloshirt Gabriel,"6,10E+12",1,"44,4",5XL,white,Poloshirt Gabriel white 5XL,Poloshirt Gabriel white 5XL,"Dit poloshirt is gemaakt van 50% katoen en 50% gerecycled polyester voor een comfortabele en duurzame keuze. Met nauwsluitende ribboorden bij de mouwen en zijsplitten biedt het zowel stijl als bewegingsvrijheid. Perfect voor elke gelegenheid.<br/><br/>- Dubbel gestikte naden, gekleurde nektape ter versteviging en 60°C wasbaar.<br/>- Set-in mouwen, zijnaden, zijsplitten. Ribkraag.<br/>- 3-Knoops kraag, ton-sur-ton knopen.<br/>- Nauwsluitende ribboorden op de mouwen. Halve maan in de nek.<br/>- Duurzaam 200-grams poloshirt, vervaardigd uit 50% voorgekrompen katoen en 50% gerecycled polyester. <br/>- Neutraal, enkel maatlabel aanwezig, dus uitermate geschikt voor rebranding. <br/>- Hangtag en polybags met barcode.<br/>- Geschikt voor werk- & casual vrijetijdskleding.<br/>- Beschikbaar van maat XS t/m 7XL.<br/><br/>Ook mogelijk in uw gewenste PMS-kleur aan dezelfde prijs, minimaal 300 stuks door de maten heen.",https://tghimages.nl/B2B_PS200_WHITE_FRONT.JPG
B2B-PS200,B2B Poloshirt Gabriel,B2B-PS200WH09,1,Back To Basics,,B2B-PS200WH09,B2B Poloshirt Gabriel,"6,10E+12",1,"44,5",6XL,white,Poloshirt Gabriel white 6XL,Poloshirt Gabriel white 6XL,"Dit poloshirt is gemaakt van 50% katoen en 50% gerecycled polyester voor een comfortabele en duurzame keuze. Met nauwsluitende ribboorden bij de mouwen en zijsplitten biedt het zowel stijl als bewegingsvrijheid. Perfect voor elke gelegenheid.<br/><br/>- Dubbel gestikte naden, gekleurde nektape ter versteviging en 60°C wasbaar.<br/>- Set-in mouwen, zijnaden, zijsplitten. Ribkraag.<br/>- 3-Knoops kraag, ton-sur-ton knopen.<br/>- Nauwsluitende ribboorden op de mouwen. Halve maan in de nek.<br/>- Duurzaam 200-grams poloshirt, vervaardigd uit 50% voorgekrompen katoen en 50% gerecycled polyester. <br/>- Neutraal, enkel maatlabel aanwezig, dus uitermate geschikt voor rebranding. <br/>- Hangtag en polybags met barcode.<br/>- Geschikt voor werk- & casual vrijetijdskleding.<br/>- Beschikbaar van maat XS t/m 7XL.<br/><br/>Ook mogelijk in uw gewenste PMS-kleur aan dezelfde prijs, minimaal 300 stuks door de maten heen.",https://tghimages.nl/B2B_PS200_WHITE_FRONT.JPG
B2B-PS200,B2B Poloshirt Gabriel,B2B-PS200WH10,1,Back To Basics,,B2B-PS200WH10,B2B Poloshirt Gabriel,"6,10E+12",1,"44,6",7XL,white,Poloshirt Gabriel white 7XL,Poloshirt Gabriel white 7XL,"Dit poloshirt is gemaakt van 50% katoen en 50% gerecycled polyester voor een comfortabele en duurzame keuze. Met nauwsluitende ribboorden bij de mouwen en zijsplitten biedt het zowel stijl als bewegingsvrijheid. Perfect voor elke gelegenheid.<br/><br/>- Dubbel gestikte naden, gekleurde nektape ter versteviging en 60°C wasbaar.<br/>- Set-in mouwen, zijnaden, zijsplitten. Ribkraag.<br/>- 3-Knoops kraag, ton-sur-ton knopen.<br/>- Nauwsluitende ribboorden op de mouwen. Halve maan in de nek.<br/>- Duurzaam 200-grams poloshirt, vervaardigd uit 50% voorgekrompen katoen en 50% gerecycled polyester. <br/>- Neutraal, enkel maatlabel aanwezig, dus uitermate geschikt voor rebranding. <br/>- Hangtag en polybags met barcode.<br/>- Geschikt voor werk- & casual vrijetijdskleding.<br/>- Beschikbaar van maat XS t/m 7XL.<br/><br/>Ook mogelijk in uw gewenste PMS-kleur aan dezelfde prijs, minimaal 300 stuks door de maten heen.",https://tghimages.nl/B2B_PS200_WHITE_FRONT.JPG
B2B-RNSW,B2B Round neck sweater Nick,B2B-RNSWBL00,1,Back To Basics,,B2B-RNSWBL00,B2B Round neck sweater Nick,"6,10E+12",1,"44,7",XS,black,Round neck sweater Nick black XS,Round neck sweater Nick black XS,"Deze ronde hals sweater combineert comfort en stijl. De binnenkant is voorzien van geborstelde fleece voor extra warmte en een heerlijk zacht gevoel. Ribboorden zorgen voor een perfecte pasvorm, terwijl het V-stiksel bij de hals een verfijnd detail toevoegt. Ideaal voor zowel alledaagse activiteiten als werkkleding.<br/><br/>- Dubbel gestikte naden, gekleurde nektape ter versteviging en 60°C wasbaar.<br/>- Geborstelde fleece aan de binnenkant voor meer draagcomfort, set-in mouwen, brede ribgebreide boorden.<br/>- V-stiksel op de borst en halve maan in de nek. Ribkraag.<br/>- Duurzame 280-grams ronde hals sweater, vervaardigd uit 70% voorgekrompen katoen en 30% gerecycled polyester. <br/>- Neutraal, enkel maatlabel aanwezig, dus uitermate geschikt voor rebranding. <br/>- Hangtag en polybags met barcode.<br/>- Geschikt voor werk- & casual vrijetijdskleding.<br/>- Beschikbaar van maat XS t/m 7XL.<br/><br/>Ook mogelijk in uw gewenste PMS-kleur aan dezelfde prijs, minimaal 300 stuks door de maten heen.",https://tghimages.nl/B2B_RNSW_BLACK_FRONT.JPG
B2B-RNSW,B2B Round neck sweater Nick,B2B-RNSWBL01,1,Back To Basics,,B2B-RNSWBL01,B2B Round neck sweater Nick,"6,10E+12",1,"44,8",S,black,Round neck sweater Nick black S,Round neck sweater Nick black S,"Deze ronde hals sweater combineert comfort en stijl. De binnenkant is voorzien van geborstelde fleece voor extra warmte en een heerlijk zacht gevoel. Ribboorden zorgen voor een perfecte pasvorm, terwijl het V-stiksel bij de hals een verfijnd detail toevoegt. Ideaal voor zowel alledaagse activiteiten als werkkleding.<br/><br/>- Dubbel gestikte naden, gekleurde nektape ter versteviging en 60°C wasbaar.<br/>- Geborstelde fleece aan de binnenkant voor meer draagcomfort, set-in mouwen, brede ribgebreide boorden.<br/>- V-stiksel op de borst en halve maan in de nek. Ribkraag.<br/>- Duurzame 280-grams ronde hals sweater, vervaardigd uit 70% voorgekrompen katoen en 30% gerecycled polyester. <br/>- Neutraal, enkel maatlabel aanwezig, dus uitermate geschikt voor rebranding. <br/>- Hangtag en polybags met barcode.<br/>- Geschikt voor werk- & casual vrijetijdskleding.<br/>- Beschikbaar van maat XS t/m 7XL.<br/><br/>Ook mogelijk in uw gewenste PMS-kleur aan dezelfde prijs, minimaal 300 stuks door de maten heen.",https://tghimages.nl/B2B_RNSW_BLACK_FRONT.JPG
B2B-RNSW,B2B Round neck sweater Nick,B2B-RNSWBL02,1,Back To Basics,,B2B-RNSWBL02,B2B Round neck sweater Nick,"6,10E+12",1,"44,9",M,black,Round neck sweater Nick black M,Round neck sweater Nick black M,"Deze ronde hals sweater combineert comfort en stijl. De binnenkant is voorzien van geborstelde fleece voor extra warmte en een heerlijk zacht gevoel. Ribboorden zorgen voor een perfecte pasvorm, terwijl het V-stiksel bij de hals een verfijnd detail toevoegt. Ideaal voor zowel alledaagse activiteiten als werkkleding.<br/><br/>- Dubbel gestikte naden, gekleurde nektape ter versteviging en 60°C wasbaar.<br/>- Geborstelde fleece aan de binnenkant voor meer draagcomfort, set-in mouwen, brede ribgebreide boorden.<br/>- V-stiksel op de borst en halve maan in de nek. Ribkraag.<br/>- Duurzame 280-grams ronde hals sweater, vervaardigd uit 70% voorgekrompen katoen en 30% gerecycled polyester. <br/>- Neutraal, enkel maatlabel aanwezig, dus uitermate geschikt voor rebranding. <br/>- Hangtag en polybags met barcode.<br/>- Geschikt voor werk- & casual vrijetijdskleding.<br/>- Beschikbaar van maat XS t/m 7XL.<br/><br/>Ook mogelijk in uw gewenste PMS-kleur aan dezelfde prijs, minimaal 300 stuks door de maten heen.",https://tghimages.nl/B2B_RNSW_BLACK_FRONT.JPG
B2B-RNSW,B2B Round neck sweater Nick,B2B-RNSWBL03,1,Back To Basics,,B2B-RNSWBL03,B2B Round neck sweater Nick,"6,10E+12",1,45,L,black,Round neck sweater Nick black L,Round neck sweater Nick black L,"Deze ronde hals sweater combineert comfort en stijl. De binnenkant is voorzien van geborstelde fleece voor extra warmte en een heerlijk zacht gevoel. Ribboorden zorgen voor een perfecte pasvorm, terwijl het V-stiksel bij de hals een verfijnd detail toevoegt. Ideaal voor zowel alledaagse activiteiten als werkkleding.<br/><br/>- Dubbel gestikte naden, gekleurde nektape ter versteviging en 60°C wasbaar.<br/>- Geborstelde fleece aan de binnenkant voor meer draagcomfort, set-in mouwen, brede ribgebreide boorden.<br/>- V-stiksel op de borst en halve maan in de nek. Ribkraag.<br/>- Duurzame 280-grams ronde hals sweater, vervaardigd uit 70% voorgekrompen katoen en 30% gerecycled polyester. <br/>- Neutraal, enkel maatlabel aanwezig, dus uitermate geschikt voor rebranding. <br/>- Hangtag en polybags met barcode.<br/>- Geschikt voor werk- & casual vrijetijdskleding.<br/>- Beschikbaar van maat XS t/m 7XL.<br/><br/>Ook mogelijk in uw gewenste PMS-kleur aan dezelfde prijs, minimaal 300 stuks door de maten heen.",https://tghimages.nl/B2B_RNSW_BLACK_FRONT.JPG
B2B-RNSW,B2B Round neck sweater Nick,B2B-RNSWBL04,1,Back To Basics,,B2B-RNSWBL04,B2B Round neck sweater Nick,"6,10E+12",1,"45,1",XL,black,Round neck sweater Nick black XL,Round neck sweater Nick black XL,"Deze ronde hals sweater combineert comfort en stijl. De binnenkant is voorzien van geborstelde fleece voor extra warmte en een heerlijk zacht gevoel. Ribboorden zorgen voor een perfecte pasvorm, terwijl het V-stiksel bij de hals een verfijnd detail toevoegt. Ideaal voor zowel alledaagse activiteiten als werkkleding.<br/><br/>- Dubbel gestikte naden, gekleurde nektape ter versteviging en 60°C wasbaar.<br/>- Geborstelde fleece aan de binnenkant voor meer draagcomfort, set-in mouwen, brede ribgebreide boorden.<br/>- V-stiksel op de borst en halve maan in de nek. Ribkraag.<br/>- Duurzame 280-grams ronde hals sweater, vervaardigd uit 70% voorgekrompen katoen en 30% gerecycled polyester. <br/>- Neutraal, enkel maatlabel aanwezig, dus uitermate geschikt voor rebranding. <br/>- Hangtag en polybags met barcode.<br/>- Geschikt voor werk- & casual vrijetijdskleding.<br/>- Beschikbaar van maat XS t/m 7XL.<br/><br/>Ook mogelijk in uw gewenste PMS-kleur aan dezelfde prijs, minimaal 300 stuks door de maten heen.",https://tghimages.nl/B2B_RNSW_BLACK_FRONT.JPG
B2B-RNSW,B2B Round neck sweater Nick,B2B-RNSWBL05,1,Back To Basics,,B2B-RNSWBL05,B2B Round neck sweater Nick,"6,10E+12",1,"45,2",XXL,black,Round neck sweater Nick black XXL,Round neck sweater Nick black XXL,"Deze ronde hals sweater combineert comfort en stijl. De binnenkant is voorzien van geborstelde fleece voor extra warmte en een heerlijk zacht gevoel. Ribboorden zorgen voor een perfecte pasvorm, terwijl het V-stiksel bij de hals een verfijnd detail toevoegt. Ideaal voor zowel alledaagse activiteiten als werkkleding.<br/><br/>- Dubbel gestikte naden, gekleurde nektape ter versteviging en 60°C wasbaar.<br/>- Geborstelde fleece aan de binnenkant voor meer draagcomfort, set-in mouwen, brede ribgebreide boorden.<br/>- V-stiksel op de borst en halve maan in de nek. Ribkraag.<br/>- Duurzame 280-grams ronde hals sweater, vervaardigd uit 70% voorgekrompen katoen en 30% gerecycled polyester. <br/>- Neutraal, enkel maatlabel aanwezig, dus uitermate geschikt voor rebranding. <br/>- Hangtag en polybags met barcode.<br/>- Geschikt voor werk- & casual vrijetijdskleding.<br/>- Beschikbaar van maat XS t/m 7XL.<br/><br/>Ook mogelijk in uw gewenste PMS-kleur aan dezelfde prijs, minimaal 300 stuks door de maten heen.",https://tghimages.nl/B2B_RNSW_BLACK_FRONT.JPG
B2B-RNSW,B2B Round neck sweater Nick,B2B-RNSWBL06,1,Back To Basics,,B2B-RNSWBL06,B2B Round neck sweater Nick,"6,10E+12",1,"45,3",3XL,black,Round neck sweater Nick black 3XL,Round neck sweater Nick black 3XL,"Deze ronde hals sweater combineert comfort en stijl. De binnenkant is voorzien van geborstelde fleece voor extra warmte en een heerlijk zacht gevoel. Ribboorden zorgen voor een perfecte pasvorm, terwijl het V-stiksel bij de hals een verfijnd detail toevoegt. Ideaal voor zowel alledaagse activiteiten als werkkleding.<br/><br/>- Dubbel gestikte naden, gekleurde nektape ter versteviging en 60°C wasbaar.<br/>- Geborstelde fleece aan de binnenkant voor meer draagcomfort, set-in mouwen, brede ribgebreide boorden.<br/>- V-stiksel op de borst en halve maan in de nek. Ribkraag.<br/>- Duurzame 280-grams ronde hals sweater, vervaardigd uit 70% voorgekrompen katoen en 30% gerecycled polyester. <br/>- Neutraal, enkel maatlabel aanwezig, dus uitermate geschikt voor rebranding. <br/>- Hangtag en polybags met barcode.<br/>- Geschikt voor werk- & casual vrijetijdskleding.<br/>- Beschikbaar van maat XS t/m 7XL.<br/><br/>Ook mogelijk in uw gewenste PMS-kleur aan dezelfde prijs, minimaal 300 stuks door de maten heen.",https://tghimages.nl/B2B_RNSW_BLACK_FRONT.JPG
B2B-RNSW,B2B Round neck sweater Nick,B2B-RNSWBL07,1,Back To Basics,,B2B-RNSWBL07,B2B Round neck sweater Nick,"6,10E+12",1,"45,4",4XL,black,Round neck sweater Nick black 4XL,Round neck sweater Nick black 4XL,"Deze ronde hals sweater combineert comfort en stijl. De binnenkant is voorzien van geborstelde fleece voor extra warmte en een heerlijk zacht gevoel. Ribboorden zorgen voor een perfecte pasvorm, terwijl het V-stiksel bij de hals een verfijnd detail toevoegt. Ideaal voor zowel alledaagse activiteiten als werkkleding.<br/><br/>- Dubbel gestikte naden, gekleurde nektape ter versteviging en 60°C wasbaar.<br/>- Geborstelde fleece aan de binnenkant voor meer draagcomfort, set-in mouwen, brede ribgebreide boorden.<br/>- V-stiksel op de borst en halve maan in de nek. Ribkraag.<br/>- Duurzame 280-grams ronde hals sweater, vervaardigd uit 70% voorgekrompen katoen en 30% gerecycled polyester. <br/>- Neutraal, enkel maatlabel aanwezig, dus uitermate geschikt voor rebranding. <br/>- Hangtag en polybags met barcode.<br/>- Geschikt voor werk- & casual vrijetijdskleding.<br/>- Beschikbaar van maat XS t/m 7XL.<br/><br/>Ook mogelijk in uw gewenste PMS-kleur aan dezelfde prijs, minimaal 300 stuks door de maten heen.",https://tghimages.nl/B2B_RNSW_BLACK_FRONT.JPG
B2B-RNSW,B2B Round neck sweater Nick,B2B-RNSWBL08,1,Back To Basics,,B2B-RNSWBL08,B2B Round neck sweater Nick,"6,10E+12",1,"45,5",5XL,black,Round neck sweater Nick black 5XL,Round neck sweater Nick black 5XL,"Deze ronde hals sweater combineert comfort en stijl. De binnenkant is voorzien van geborstelde fleece voor extra warmte en een heerlijk zacht gevoel. Ribboorden zorgen voor een perfecte pasvorm, terwijl het V-stiksel bij de hals een verfijnd detail toevoegt. Ideaal voor zowel alledaagse activiteiten als werkkleding.<br/><br/>- Dubbel gestikte naden, gekleurde nektape ter versteviging en 60°C wasbaar.<br/>- Geborstelde fleece aan de binnenkant voor meer draagcomfort, set-in mouwen, brede ribgebreide boorden.<br/>- V-stiksel op de borst en halve maan in de nek. Ribkraag.<br/>- Duurzame 280-grams ronde hals sweater, vervaardigd uit 70% voorgekrompen katoen en 30% gerecycled polyester. <br/>- Neutraal, enkel maatlabel aanwezig, dus uitermate geschikt voor rebranding. <br/>- Hangtag en polybags met barcode.<br/>- Geschikt voor werk- & casual vrijetijdskleding.<br/>- Beschikbaar van maat XS t/m 7XL.<br/><br/>Ook mogelijk in uw gewenste PMS-kleur aan dezelfde prijs, minimaal 300 stuks door de maten heen.",https://tghimages.nl/B2B_RNSW_BLACK_FRONT.JPG
B2B-RNSW,B2B Round neck sweater Nick,B2B-RNSWBL09,1,Back To Basics,,B2B-RNSWBL09,B2B Round neck sweater Nick,"6,10E+12",1,"45,6",6XL,black,Round neck sweater Nick black 6XL,Round neck sweater Nick black 6XL,"Deze ronde hals sweater combineert comfort en stijl. De binnenkant is voorzien van geborstelde fleece voor extra warmte en een heerlijk zacht gevoel. Ribboorden zorgen voor een perfecte pasvorm, terwijl het V-stiksel bij de hals een verfijnd detail toevoegt. Ideaal voor zowel alledaagse activiteiten als werkkleding.<br/><br/>- Dubbel gestikte naden, gekleurde nektape ter versteviging en 60°C wasbaar.<br/>- Geborstelde fleece aan de binnenkant voor meer draagcomfort, set-in mouwen, brede ribgebreide boorden.<br/>- V-stiksel op de borst en halve maan in de nek. Ribkraag.<br/>- Duurzame 280-grams ronde hals sweater, vervaardigd uit 70% voorgekrompen katoen en 30% gerecycled polyester. <br/>- Neutraal, enkel maatlabel aanwezig, dus uitermate geschikt voor rebranding. <br/>- Hangtag en polybags met barcode.<br/>- Geschikt voor werk- & casual vrijetijdskleding.<br/>- Beschikbaar van maat XS t/m 7XL.<br/><br/>Ook mogelijk in uw gewenste PMS-kleur aan dezelfde prijs, minimaal 300 stuks door de maten heen.",https://tghimages.nl/B2B_RNSW_BLACK_FRONT.JPG
B2B-RNSW,B2B Round neck sweater Nick,B2B-RNSWBL10,1,Back To Basics,,B2B-RNSWBL10,B2B Round neck sweater Nick,"6,10E+12",1,"45,7",7XL,black,Round neck sweater Nick black 7XL,Round neck sweater Nick black 7XL,"Deze ronde hals sweater combineert comfort en stijl. De binnenkant is voorzien van geborstelde fleece voor extra warmte en een heerlijk zacht gevoel. Ribboorden zorgen voor een perfecte pasvorm, terwijl het V-stiksel bij de hals een verfijnd detail toevoegt. Ideaal voor zowel alledaagse activiteiten als werkkleding.<br/><br/>- Dubbel gestikte naden, gekleurde nektape ter versteviging en 60°C wasbaar.<br/>- Geborstelde fleece aan de binnenkant voor meer draagcomfort, set-in mouwen, brede ribgebreide boorden.<br/>- V-stiksel op de borst en halve maan in de nek. Ribkraag.<br/>- Duurzame 280-grams ronde hals sweater, vervaardigd uit 70% voorgekrompen katoen en 30% gerecycled polyester. <br/>- Neutraal, enkel maatlabel aanwezig, dus uitermate geschikt voor rebranding. <br/>- Hangtag en polybags met barcode.<br/>- Geschikt voor werk- & casual vrijetijdskleding.<br/>- Beschikbaar van maat XS t/m 7XL.<br/><br/>Ook mogelijk in uw gewenste PMS-kleur aan dezelfde prijs, minimaal 300 stuks door de maten heen.",https://tghimages.nl/B2B_RNSW_BLACK_FRONT.JPG
B2B-RNSW,B2B Round neck sweater Nick,B2B-RNSWGR00,1,Back To Basics,,B2B-RNSWGR00,B2B Round neck sweater Nick,"6,10E+12",1,"45,8",XS,grey,Round neck sweater Nick grey XS,Round neck sweater Nick grey XS,"Deze ronde hals sweater combineert comfort en stijl. De binnenkant is voorzien van geborstelde fleece voor extra warmte en een heerlijk zacht gevoel. Ribboorden zorgen voor een perfecte pasvorm, terwijl het V-stiksel bij de hals een verfijnd detail toevoegt. Ideaal voor zowel alledaagse activiteiten als werkkleding.<br/><br/>- Dubbel gestikte naden, gekleurde nektape ter versteviging en 60°C wasbaar.<br/>- Geborstelde fleece aan de binnenkant voor meer draagcomfort, set-in mouwen, brede ribgebreide boorden.<br/>- V-stiksel op de borst en halve maan in de nek. Ribkraag.<br/>- Duurzame 280-grams ronde hals sweater, vervaardigd uit 70% voorgekrompen katoen en 30% gerecycled polyester. <br/>- Neutraal, enkel maatlabel aanwezig, dus uitermate geschikt voor rebranding. <br/>- Hangtag en polybags met barcode.<br/>- Geschikt voor werk- & casual vrijetijdskleding.<br/>- Beschikbaar van maat XS t/m 7XL.<br/><br/>Ook mogelijk in uw gewenste PMS-kleur aan dezelfde prijs, minimaal 300 stuks door de maten heen.",https://tghimages.nl/B2B_RNSW_GREY_FRONT.JPG
B2B-RNSW,B2B Round neck sweater Nick,B2B-RNSWGR01,1,Back To Basics,,B2B-RNSWGR01,B2B Round neck sweater Nick,"6,10E+12",1,"45,9",S,grey,Round neck sweater Nick grey S,Round neck sweater Nick grey S,"Deze ronde hals sweater combineert comfort en stijl. De binnenkant is voorzien van geborstelde fleece voor extra warmte en een heerlijk zacht gevoel. Ribboorden zorgen voor een perfecte pasvorm, terwijl het V-stiksel bij de hals een verfijnd detail toevoegt. Ideaal voor zowel alledaagse activiteiten als werkkleding.<br/><br/>- Dubbel gestikte naden, gekleurde nektape ter versteviging en 60°C wasbaar.<br/>- Geborstelde fleece aan de binnenkant voor meer draagcomfort, set-in mouwen, brede ribgebreide boorden.<br/>- V-stiksel op de borst en halve maan in de nek. Ribkraag.<br/>- Duurzame 280-grams ronde hals sweater, vervaardigd uit 70% voorgekrompen katoen en 30% gerecycled polyester. <br/>- Neutraal, enkel maatlabel aanwezig, dus uitermate geschikt voor rebranding. <br/>- Hangtag en polybags met barcode.<br/>- Geschikt voor werk- & casual vrijetijdskleding.<br/>- Beschikbaar van maat XS t/m 7XL.<br/><br/>Ook mogelijk in uw gewenste PMS-kleur aan dezelfde prijs, minimaal 300 stuks door de maten heen.",https://tghimages.nl/B2B_RNSW_GREY_FRONT.JPG
B2B-RNSW,B2B Round neck sweater Nick,B2B-RNSWGR02,1,Back To Basics,,B2B-RNSWGR02,B2B Round neck sweater Nick,"6,10E+12",1,46,M,grey,Round neck sweater Nick grey M,Round neck sweater Nick grey M,"Deze ronde hals sweater combineert comfort en stijl. De binnenkant is voorzien van geborstelde fleece voor extra warmte en een heerlijk zacht gevoel. Ribboorden zorgen voor een perfecte pasvorm, terwijl het V-stiksel bij de hals een verfijnd detail toevoegt. Ideaal voor zowel alledaagse activiteiten als werkkleding.<br/><br/>- Dubbel gestikte naden, gekleurde nektape ter versteviging en 60°C wasbaar.<br/>- Geborstelde fleece aan de binnenkant voor meer draagcomfort, set-in mouwen, brede ribgebreide boorden.<br/>- V-stiksel op de borst en halve maan in de nek. Ribkraag.<br/>- Duurzame 280-grams ronde hals sweater, vervaardigd uit 70% voorgekrompen katoen en 30% gerecycled polyester. <br/>- Neutraal, enkel maatlabel aanwezig, dus uitermate geschikt voor rebranding. <br/>- Hangtag en polybags met barcode.<br/>- Geschikt voor werk- & casual vrijetijdskleding.<br/>- Beschikbaar van maat XS t/m 7XL.<br/><br/>Ook mogelijk in uw gewenste PMS-kleur aan dezelfde prijs, minimaal 300 stuks door de maten heen.",https://tghimages.nl/B2B_RNSW_GREY_FRONT.JPG
B2B-RNSW,B2B Round neck sweater Nick,B2B-RNSWGR03,1,Back To Basics,,B2B-RNSWGR03,B2B Round neck sweater Nick,"6,10E+12",1,"46,1",L,grey,Round neck sweater Nick grey L,Round neck sweater Nick grey L,"Deze ronde hals sweater combineert comfort en stijl. De binnenkant is voorzien van geborstelde fleece voor extra warmte en een heerlijk zacht gevoel. Ribboorden zorgen voor een perfecte pasvorm, terwijl het V-stiksel bij de hals een verfijnd detail toevoegt. Ideaal voor zowel alledaagse activiteiten als werkkleding.<br/><br/>- Dubbel gestikte naden, gekleurde nektape ter versteviging en 60°C wasbaar.<br/>- Geborstelde fleece aan de binnenkant voor meer draagcomfort, set-in mouwen, brede ribgebreide boorden.<br/>- V-stiksel op de borst en halve maan in de nek. Ribkraag.<br/>- Duurzame 280-grams ronde hals sweater, vervaardigd uit 70% voorgekrompen katoen en 30% gerecycled polyester. <br/>- Neutraal, enkel maatlabel aanwezig, dus uitermate geschikt voor rebranding. <br/>- Hangtag en polybags met barcode.<br/>- Geschikt voor werk- & casual vrijetijdskleding.<br/>- Beschikbaar van maat XS t/m 7XL.<br/><br/>Ook mogelijk in uw gewenste PMS-kleur aan dezelfde prijs, minimaal 300 stuks door de maten heen.",https://tghimages.nl/B2B_RNSW_GREY_FRONT.JPG
B2B-RNSW,B2B Round neck sweater Nick,B2B-RNSWGR04,1,Back To Basics,,B2B-RNSWGR04,B2B Round neck sweater Nick,"6,10E+12",1,"46,2",XL,grey,Round neck sweater Nick grey XL,Round neck sweater Nick grey XL,"Deze ronde hals sweater combineert comfort en stijl. De binnenkant is voorzien van geborstelde fleece voor extra warmte en een heerlijk zacht gevoel. Ribboorden zorgen voor een perfecte pasvorm, terwijl het V-stiksel bij de hals een verfijnd detail toevoegt. Ideaal voor zowel alledaagse activiteiten als werkkleding.<br/><br/>- Dubbel gestikte naden, gekleurde nektape ter versteviging en 60°C wasbaar.<br/>- Geborstelde fleece aan de binnenkant voor meer draagcomfort, set-in mouwen, brede ribgebreide boorden.<br/>- V-stiksel op de borst en halve maan in de nek. Ribkraag.<br/>- Duurzame 280-grams ronde hals sweater, vervaardigd uit 70% voorgekrompen katoen en 30% gerecycled polyester. <br/>- Neutraal, enkel maatlabel aanwezig, dus uitermate geschikt voor rebranding. <br/>- Hangtag en polybags met barcode.<br/>- Geschikt voor werk- & casual vrijetijdskleding.<br/>- Beschikbaar van maat XS t/m 7XL.<br/><br/>Ook mogelijk in uw gewenste PMS-kleur aan dezelfde prijs, minimaal 300 stuks door de maten heen.",https://tghimages.nl/B2B_RNSW_GREY_FRONT.JPG
B2B-RNSW,B2B Round neck sweater Nick,B2B-RNSWGR05,1,Back To Basics,,B2B-RNSWGR05,B2B Round neck sweater Nick,"6,10E+12",1,"46,3",XXL,grey,Round neck sweater Nick grey XXL,Round neck sweater Nick grey XXL,"Deze ronde hals sweater combineert comfort en stijl. De binnenkant is voorzien van geborstelde fleece voor extra warmte en een heerlijk zacht gevoel. Ribboorden zorgen voor een perfecte pasvorm, terwijl het V-stiksel bij de hals een verfijnd detail toevoegt. Ideaal voor zowel alledaagse activiteiten als werkkleding.<br/><br/>- Dubbel gestikte naden, gekleurde nektape ter versteviging en 60°C wasbaar.<br/>- Geborstelde fleece aan de binnenkant voor meer draagcomfort, set-in mouwen, brede ribgebreide boorden.<br/>- V-stiksel op de borst en halve maan in de nek. Ribkraag.<br/>- Duurzame 280-grams ronde hals sweater, vervaardigd uit 70% voorgekrompen katoen en 30% gerecycled polyester. <br/>- Neutraal, enkel maatlabel aanwezig, dus uitermate geschikt voor rebranding. <br/>- Hangtag en polybags met barcode.<br/>- Geschikt voor werk- & casual vrijetijdskleding.<br/>- Beschikbaar van maat XS t/m 7XL.<br/><br/>Ook mogelijk in uw gewenste PMS-kleur aan dezelfde prijs, minimaal 300 stuks door de maten heen.",https://tghimages.nl/B2B_RNSW_GREY_FRONT.JPG
B2B-RNSW,B2B Round neck sweater Nick,B2B-RNSWGR06,1,Back To Basics,,B2B-RNSWGR06,B2B Round neck sweater Nick,"6,10E+12",1,"46,4",3XL,grey,Round neck sweater Nick grey 3XL,Round neck sweater Nick grey 3XL,"Deze ronde hals sweater combineert comfort en stijl. De binnenkant is voorzien van geborstelde fleece voor extra warmte en een heerlijk zacht gevoel. Ribboorden zorgen voor een perfecte pasvorm, terwijl het V-stiksel bij de hals een verfijnd detail toevoegt. Ideaal voor zowel alledaagse activiteiten als werkkleding.<br/><br/>- Dubbel gestikte naden, gekleurde nektape ter versteviging en 60°C wasbaar.<br/>- Geborstelde fleece aan de binnenkant voor meer draagcomfort, set-in mouwen, brede ribgebreide boorden.<br/>- V-stiksel op de borst en halve maan in de nek. Ribkraag.<br/>- Duurzame 280-grams ronde hals sweater, vervaardigd uit 70% voorgekrompen katoen en 30% gerecycled polyester. <br/>- Neutraal, enkel maatlabel aanwezig, dus uitermate geschikt voor rebranding. <br/>- Hangtag en polybags met barcode.<br/>- Geschikt voor werk- & casual vrijetijdskleding.<br/>- Beschikbaar van maat XS t/m 7XL.<br/><br/>Ook mogelijk in uw gewenste PMS-kleur aan dezelfde prijs, minimaal 300 stuks door de maten heen.",https://tghimages.nl/B2B_RNSW_GREY_FRONT.JPG
B2B-RNSW,B2B Round neck sweater Nick,B2B-RNSWGR07,1,Back To Basics,,B2B-RNSWGR07,B2B Round neck sweater Nick,"6,10E+12",1,"46,5",4XL,grey,Round neck sweater Nick grey 4XL,Round neck sweater Nick grey 4XL,"Deze ronde hals sweater combineert comfort en stijl. De binnenkant is voorzien van geborstelde fleece voor extra warmte en een heerlijk zacht gevoel. Ribboorden zorgen voor een perfecte pasvorm, terwijl het V-stiksel bij de hals een verfijnd detail toevoegt. Ideaal voor zowel alledaagse activiteiten als werkkleding.<br/><br/>- Dubbel gestikte naden, gekleurde nektape ter versteviging en 60°C wasbaar.<br/>- Geborstelde fleece aan de binnenkant voor meer draagcomfort, set-in mouwen, brede ribgebreide boorden.<br/>- V-stiksel op de borst en halve maan in de nek. Ribkraag.<br/>- Duurzame 280-grams ronde hals sweater, vervaardigd uit 70% voorgekrompen katoen en 30% gerecycled polyester. <br/>- Neutraal, enkel maatlabel aanwezig, dus uitermate geschikt voor rebranding. <br/>- Hangtag en polybags met barcode.<br/>- Geschikt voor werk- & casual vrijetijdskleding.<br/>- Beschikbaar van maat XS t/m 7XL.<br/><br/>Ook mogelijk in uw gewenste PMS-kleur aan dezelfde prijs, minimaal 300 stuks door de maten heen.",https://tghimages.nl/B2B_RNSW_GREY_FRONT.JPG
B2B-RNSW,B2B Round neck sweater Nick,B2B-RNSWGR08,1,Back To Basics,,B2B-RNSWGR08,B2B Round neck sweater Nick,"6,10E+12",1,"46,6",5XL,grey,Round neck sweater Nick grey 5XL,Round neck sweater Nick grey 5XL,"Deze ronde hals sweater combineert comfort en stijl. De binnenkant is voorzien van geborstelde fleece voor extra warmte en een heerlijk zacht gevoel. Ribboorden zorgen voor een perfecte pasvorm, terwijl het V-stiksel bij de hals een verfijnd detail toevoegt. Ideaal voor zowel alledaagse activiteiten als werkkleding.<br/><br/>- Dubbel gestikte naden, gekleurde nektape ter versteviging en 60°C wasbaar.<br/>- Geborstelde fleece aan de binnenkant voor meer draagcomfort, set-in mouwen, brede ribgebreide boorden.<br/>- V-stiksel op de borst en halve maan in de nek. Ribkraag.<br/>- Duurzame 280-grams ronde hals sweater, vervaardigd uit 70% voorgekrompen katoen en 30% gerecycled polyester. <br/>- Neutraal, enkel maatlabel aanwezig, dus uitermate geschikt voor rebranding. <br/>- Hangtag en polybags met barcode.<br/>- Geschikt voor werk- & casual vrijetijdskleding.<br/>- Beschikbaar van maat XS t/m 7XL.<br/><br/>Ook mogelijk in uw gewenste PMS-kleur aan dezelfde prijs, minimaal 300 stuks door de maten heen.",https://tghimages.nl/B2B_RNSW_GREY_FRONT.JPG
B2B-RNSW,B2B Round neck sweater Nick,B2B-RNSWGR09,1,Back To Basics,,B2B-RNSWGR09,B2B Round neck sweater Nick,"6,10E+12",1,"46,7",6XL,grey,Round neck sweater Nick grey 6XL,Round neck sweater Nick grey 6XL,"Deze ronde hals sweater combineert comfort en stijl. De binnenkant is voorzien van geborstelde fleece voor extra warmte en een heerlijk zacht gevoel. Ribboorden zorgen voor een perfecte pasvorm, terwijl het V-stiksel bij de hals een verfijnd detail toevoegt. Ideaal voor zowel alledaagse activiteiten als werkkleding.<br/><br/>- Dubbel gestikte naden, gekleurde nektape ter versteviging en 60°C wasbaar.<br/>- Geborstelde fleece aan de binnenkant voor meer draagcomfort, set-in mouwen, brede ribgebreide boorden.<br/>- V-stiksel op de borst en halve maan in de nek. Ribkraag.<br/>- Duurzame 280-grams ronde hals sweater, vervaardigd uit 70% voorgekrompen katoen en 30% gerecycled polyester. <br/>- Neutraal, enkel maatlabel aanwezig, dus uitermate geschikt voor rebranding. <br/>- Hangtag en polybags met barcode.<br/>- Geschikt voor werk- & casual vrijetijdskleding.<br/>- Beschikbaar van maat XS t/m 7XL.<br/><br/>Ook mogelijk in uw gewenste PMS-kleur aan dezelfde prijs, minimaal 300 stuks door de maten heen.",https://tghimages.nl/B2B_RNSW_GREY_FRONT.JPG
B2B-RNSW,B2B Round neck sweater Nick,B2B-RNSWGR10,1,Back To Basics,,B2B-RNSWGR10,B2B Round neck sweater Nick,"6,10E+12",1,"46,8",7XL,grey,Round neck sweater Nick grey 7XL,Round neck sweater Nick grey 7XL,"Deze ronde hals sweater combineert comfort en stijl. De binnenkant is voorzien van geborstelde fleece voor extra warmte en een heerlijk zacht gevoel. Ribboorden zorgen voor een perfecte pasvorm, terwijl het V-stiksel bij de hals een verfijnd detail toevoegt. Ideaal voor zowel alledaagse activiteiten als werkkleding.<br/><br/>- Dubbel gestikte naden, gekleurde nektape ter versteviging en 60°C wasbaar.<br/>- Geborstelde fleece aan de binnenkant voor meer draagcomfort, set-in mouwen, brede ribgebreide boorden.<br/>- V-stiksel op de borst en halve maan in de nek. Ribkraag.<br/>- Duurzame 280-grams ronde hals sweater, vervaardigd uit 70% voorgekrompen katoen en 30% gerecycled polyester. <br/>- Neutraal, enkel maatlabel aanwezig, dus uitermate geschikt voor rebranding. <br/>- Hangtag en polybags met barcode.<br/>- Geschikt voor werk- & casual vrijetijdskleding.<br/>- Beschikbaar van maat XS t/m 7XL.<br/><br/>Ook mogelijk in uw gewenste PMS-kleur aan dezelfde prijs, minimaal 300 stuks door de maten heen.",https://tghimages.nl/B2B_RNSW_GREY_FRONT.JPG
B2B-RNSW,B2B Round neck sweater Nick,B2B-RNSWNA00,1,Back To Basics,,B2B-RNSWNA00,B2B Round neck sweater Nick,"6,10E+12",1,"46,9",XS,navy,Round neck sweater Nick navy XS,Round neck sweater Nick navy XS,"Deze ronde hals sweater combineert comfort en stijl. De binnenkant is voorzien van geborstelde fleece voor extra warmte en een heerlijk zacht gevoel. Ribboorden zorgen voor een perfecte pasvorm, terwijl het V-stiksel bij de hals een verfijnd detail toevoegt. Ideaal voor zowel alledaagse activiteiten als werkkleding.<br/><br/>- Dubbel gestikte naden, gekleurde nektape ter versteviging en 60°C wasbaar.<br/>- Geborstelde fleece aan de binnenkant voor meer draagcomfort, set-in mouwen, brede ribgebreide boorden.<br/>- V-stiksel op de borst en halve maan in de nek. Ribkraag.<br/>- Duurzame 280-grams ronde hals sweater, vervaardigd uit 70% voorgekrompen katoen en 30% gerecycled polyester. <br/>- Neutraal, enkel maatlabel aanwezig, dus uitermate geschikt voor rebranding. <br/>- Hangtag en polybags met barcode.<br/>- Geschikt voor werk- & casual vrijetijdskleding.<br/>- Beschikbaar van maat XS t/m 7XL.<br/><br/>Ook mogelijk in uw gewenste PMS-kleur aan dezelfde prijs, minimaal 300 stuks door de maten heen.",https://tghimages.nl/B2B_RNSW_NAVY_FRONT.JPG
B2B-RNSW,B2B Round neck sweater Nick,B2B-RNSWNA01,1,Back To Basics,,B2B-RNSWNA01,B2B Round neck sweater Nick,"6,10E+12",1,47,S,navy,Round neck sweater Nick navy S,Round neck sweater Nick navy S,"Deze ronde hals sweater combineert comfort en stijl. De binnenkant is voorzien van geborstelde fleece voor extra warmte en een heerlijk zacht gevoel. Ribboorden zorgen voor een perfecte pasvorm, terwijl het V-stiksel bij de hals een verfijnd detail toevoegt. Ideaal voor zowel alledaagse activiteiten als werkkleding.<br/><br/>- Dubbel gestikte naden, gekleurde nektape ter versteviging en 60°C wasbaar.<br/>- Geborstelde fleece aan de binnenkant voor meer draagcomfort, set-in mouwen, brede ribgebreide boorden.<br/>- V-stiksel op de borst en halve maan in de nek. Ribkraag.<br/>- Duurzame 280-grams ronde hals sweater, vervaardigd uit 70% voorgekrompen katoen en 30% gerecycled polyester. <br/>- Neutraal, enkel maatlabel aanwezig, dus uitermate geschikt voor rebranding. <br/>- Hangtag en polybags met barcode.<br/>- Geschikt voor werk- & casual vrijetijdskleding.<br/>- Beschikbaar van maat XS t/m 7XL.<br/><br/>Ook mogelijk in uw gewenste PMS-kleur aan dezelfde prijs, minimaal 300 stuks door de maten heen.",https://tghimages.nl/B2B_RNSW_NAVY_FRONT.JPG
B2B-RNSW,B2B Round neck sweater Nick,B2B-RNSWNA02,1,Back To Basics,,B2B-RNSWNA02,B2B Round neck sweater Nick,"6,10E+12",1,"47,1",M,navy,Round neck sweater Nick navy M,Round neck sweater Nick navy M,"Deze ronde hals sweater combineert comfort en stijl. De binnenkant is voorzien van geborstelde fleece voor extra warmte en een heerlijk zacht gevoel. Ribboorden zorgen voor een perfecte pasvorm, terwijl het V-stiksel bij de hals een verfijnd detail toevoegt. Ideaal voor zowel alledaagse activiteiten als werkkleding.<br/><br/>- Dubbel gestikte naden, gekleurde nektape ter versteviging en 60°C wasbaar.<br/>- Geborstelde fleece aan de binnenkant voor meer draagcomfort, set-in mouwen, brede ribgebreide boorden.<br/>- V-stiksel op de borst en halve maan in de nek. Ribkraag.<br/>- Duurzame 280-grams ronde hals sweater, vervaardigd uit 70% voorgekrompen katoen en 30% gerecycled polyester. <br/>- Neutraal, enkel maatlabel aanwezig, dus uitermate geschikt voor rebranding. <br/>- Hangtag en polybags met barcode.<br/>- Geschikt voor werk- & casual vrijetijdskleding.<br/>- Beschikbaar van maat XS t/m 7XL.<br/><br/>Ook mogelijk in uw gewenste PMS-kleur aan dezelfde prijs, minimaal 300 stuks door de maten heen.",https://tghimages.nl/B2B_RNSW_NAVY_FRONT.JPG
B2B-RNSW,B2B Round neck sweater Nick,B2B-RNSWNA03,1,Back To Basics,,B2B-RNSWNA03,B2B Round neck sweater Nick,"6,10E+12",1,"47,2",L,navy,Round neck sweater Nick navy L,Round neck sweater Nick navy L,"Deze ronde hals sweater combineert comfort en stijl. De binnenkant is voorzien van geborstelde fleece voor extra warmte en een heerlijk zacht gevoel. Ribboorden zorgen voor een perfecte pasvorm, terwijl het V-stiksel bij de hals een verfijnd detail toevoegt. Ideaal voor zowel alledaagse activiteiten als werkkleding.<br/><br/>- Dubbel gestikte naden, gekleurde nektape ter versteviging en 60°C wasbaar.<br/>- Geborstelde fleece aan de binnenkant voor meer draagcomfort, set-in mouwen, brede ribgebreide boorden.<br/>- V-stiksel op de borst en halve maan in de nek. Ribkraag.<br/>- Duurzame 280-grams ronde hals sweater, vervaardigd uit 70% voorgekrompen katoen en 30% gerecycled polyester. <br/>- Neutraal, enkel maatlabel aanwezig, dus uitermate geschikt voor rebranding. <br/>- Hangtag en polybags met barcode.<br/>- Geschikt voor werk- & casual vrijetijdskleding.<br/>- Beschikbaar van maat XS t/m 7XL.<br/><br/>Ook mogelijk in uw gewenste PMS-kleur aan dezelfde prijs, minimaal 300 stuks door de maten heen.",https://tghimages.nl/B2B_RNSW_NAVY_FRONT.JPG
B2B-RNSW,B2B Round neck sweater Nick,B2B-RNSWNA04,1,Back To Basics,,B2B-RNSWNA04,B2B Round neck sweater Nick,"6,10E+12",1,"47,3",XL,navy,Round neck sweater Nick navy XL,Round neck sweater Nick navy XL,"Deze ronde hals sweater combineert comfort en stijl. De binnenkant is voorzien van geborstelde fleece voor extra warmte en een heerlijk zacht gevoel. Ribboorden zorgen voor een perfecte pasvorm, terwijl het V-stiksel bij de hals een verfijnd detail toevoegt. Ideaal voor zowel alledaagse activiteiten als werkkleding.<br/><br/>- Dubbel gestikte naden, gekleurde nektape ter versteviging en 60°C wasbaar.<br/>- Geborstelde fleece aan de binnenkant voor meer draagcomfort, set-in mouwen, brede ribgebreide boorden.<br/>- V-stiksel op de borst en halve maan in de nek. Ribkraag.<br/>- Duurzame 280-grams ronde hals sweater, vervaardigd uit 70% voorgekrompen katoen en 30% gerecycled polyester. <br/>- Neutraal, enkel maatlabel aanwezig, dus uitermate geschikt voor rebranding. <br/>- Hangtag en polybags met barcode.<br/>- Geschikt voor werk- & casual vrijetijdskleding.<br/>- Beschikbaar van maat XS t/m 7XL.<br/><br/>Ook mogelijk in uw gewenste PMS-kleur aan dezelfde prijs, minimaal 300 stuks door de maten heen.",https://tghimages.nl/B2B_RNSW_NAVY_FRONT.JPG
B2B-RNSW,B2B Round neck sweater Nick,B2B-RNSWNA05,1,Back To Basics,,B2B-RNSWNA05,B2B Round neck sweater Nick,"6,10E+12",1,"47,4",XXL,navy,Round neck sweater Nick navy XXL,Round neck sweater Nick navy XXL,"Deze ronde hals sweater combineert comfort en stijl. De binnenkant is voorzien van geborstelde fleece voor extra warmte en een heerlijk zacht gevoel. Ribboorden zorgen voor een perfecte pasvorm, terwijl het V-stiksel bij de hals een verfijnd detail toevoegt. Ideaal voor zowel alledaagse activiteiten als werkkleding.<br/><br/>- Dubbel gestikte naden, gekleurde nektape ter versteviging en 60°C wasbaar.<br/>- Geborstelde fleece aan de binnenkant voor meer draagcomfort, set-in mouwen, brede ribgebreide boorden.<br/>- V-stiksel op de borst en halve maan in de nek. Ribkraag.<br/>- Duurzame 280-grams ronde hals sweater, vervaardigd uit 70% voorgekrompen katoen en 30% gerecycled polyester. <br/>- Neutraal, enkel maatlabel aanwezig, dus uitermate geschikt voor rebranding. <br/>- Hangtag en polybags met barcode.<br/>- Geschikt voor werk- & casual vrijetijdskleding.<br/>- Beschikbaar van maat XS t/m 7XL.<br/><br/>Ook mogelijk in uw gewenste PMS-kleur aan dezelfde prijs, minimaal 300 stuks door de maten heen.",https://tghimages.nl/B2B_RNSW_NAVY_FRONT.JPG
B2B-RNSW,B2B Round neck sweater Nick,B2B-RNSWNA06,1,Back To Basics,,B2B-RNSWNA06,B2B Round neck sweater Nick,"6,10E+12",1,"47,5",3XL,navy,Round neck sweater Nick navy 3XL,Round neck sweater Nick navy 3XL,"Deze ronde hals sweater combineert comfort en stijl. De binnenkant is voorzien van geborstelde fleece voor extra warmte en een heerlijk zacht gevoel. Ribboorden zorgen voor een perfecte pasvorm, terwijl het V-stiksel bij de hals een verfijnd detail toevoegt. Ideaal voor zowel alledaagse activiteiten als werkkleding.<br/><br/>- Dubbel gestikte naden, gekleurde nektape ter versteviging en 60°C wasbaar.<br/>- Geborstelde fleece aan de binnenkant voor meer draagcomfort, set-in mouwen, brede ribgebreide boorden.<br/>- V-stiksel op de borst en halve maan in de nek. Ribkraag.<br/>- Duurzame 280-grams ronde hals sweater, vervaardigd uit 70% voorgekrompen katoen en 30% gerecycled polyester. <br/>- Neutraal, enkel maatlabel aanwezig, dus uitermate geschikt voor rebranding. <br/>- Hangtag en polybags met barcode.<br/>- Geschikt voor werk- & casual vrijetijdskleding.<br/>- Beschikbaar van maat XS t/m 7XL.<br/><br/>Ook mogelijk in uw gewenste PMS-kleur aan dezelfde prijs, minimaal 300 stuks door de maten heen.",https://tghimages.nl/B2B_RNSW_NAVY_FRONT.JPG
B2B-RNSW,B2B Round neck sweater Nick,B2B-RNSWNA07,1,Back To Basics,,B2B-RNSWNA07,B2B Round neck sweater Nick,"6,10E+12",1,"47,6",4XL,navy,Round neck sweater Nick navy 4XL,Round neck sweater Nick navy 4XL,"Deze ronde hals sweater combineert comfort en stijl. De binnenkant is voorzien van geborstelde fleece voor extra warmte en een heerlijk zacht gevoel. Ribboorden zorgen voor een perfecte pasvorm, terwijl het V-stiksel bij de hals een verfijnd detail toevoegt. Ideaal voor zowel alledaagse activiteiten als werkkleding.<br/><br/>- Dubbel gestikte naden, gekleurde nektape ter versteviging en 60°C wasbaar.<br/>- Geborstelde fleece aan de binnenkant voor meer draagcomfort, set-in mouwen, brede ribgebreide boorden.<br/>- V-stiksel op de borst en halve maan in de nek. Ribkraag.<br/>- Duurzame 280-grams ronde hals sweater, vervaardigd uit 70% voorgekrompen katoen en 30% gerecycled polyester. <br/>- Neutraal, enkel maatlabel aanwezig, dus uitermate geschikt voor rebranding. <br/>- Hangtag en polybags met barcode.<br/>- Geschikt voor werk- & casual vrijetijdskleding.<br/>- Beschikbaar van maat XS t/m 7XL.<br/><br/>Ook mogelijk in uw gewenste PMS-kleur aan dezelfde prijs, minimaal 300 stuks door de maten heen.",https://tghimages.nl/B2B_RNSW_NAVY_FRONT.JPG
B2B-RNSW,B2B Round neck sweater Nick,B2B-RNSWNA08,1,Back To Basics,,B2B-RNSWNA08,B2B Round neck sweater Nick,"6,10E+12",1,"47,7",5XL,navy,Round neck sweater Nick navy 5XL,Round neck sweater Nick navy 5XL,"Deze ronde hals sweater combineert comfort en stijl. De binnenkant is voorzien van geborstelde fleece voor extra warmte en een heerlijk zacht gevoel. Ribboorden zorgen voor een perfecte pasvorm, terwijl het V-stiksel bij de hals een verfijnd detail toevoegt. Ideaal voor zowel alledaagse activiteiten als werkkleding.<br/><br/>- Dubbel gestikte naden, gekleurde nektape ter versteviging en 60°C wasbaar.<br/>- Geborstelde fleece aan de binnenkant voor meer draagcomfort, set-in mouwen, brede ribgebreide boorden.<br/>- V-stiksel op de borst en halve maan in de nek. Ribkraag.<br/>- Duurzame 280-grams ronde hals sweater, vervaardigd uit 70% voorgekrompen katoen en 30% gerecycled polyester. <br/>- Neutraal, enkel maatlabel aanwezig, dus uitermate geschikt voor rebranding. <br/>- Hangtag en polybags met barcode.<br/>- Geschikt voor werk- & casual vrijetijdskleding.<br/>- Beschikbaar van maat XS t/m 7XL.<br/><br/>Ook mogelijk in uw gewenste PMS-kleur aan dezelfde prijs, minimaal 300 stuks door de maten heen.",https://tghimages.nl/B2B_RNSW_NAVY_FRONT.JPG
B2B-RNSW,B2B Round neck sweater Nick,B2B-RNSWNA09,1,Back To Basics,,B2B-RNSWNA09,B2B Round neck sweater Nick,"6,10E+12",1,"47,8",6XL,navy,Round neck sweater Nick navy 6XL,Round neck sweater Nick navy 6XL,"Deze ronde hals sweater combineert comfort en stijl. De binnenkant is voorzien van geborstelde fleece voor extra warmte en een heerlijk zacht gevoel. Ribboorden zorgen voor een perfecte pasvorm, terwijl het V-stiksel bij de hals een verfijnd detail toevoegt. Ideaal voor zowel alledaagse activiteiten als werkkleding.<br/><br/>- Dubbel gestikte naden, gekleurde nektape ter versteviging en 60°C wasbaar.<br/>- Geborstelde fleece aan de binnenkant voor meer draagcomfort, set-in mouwen, brede ribgebreide boorden.<br/>- V-stiksel op de borst en halve maan in de nek. Ribkraag.<br/>- Duurzame 280-grams ronde hals sweater, vervaardigd uit 70% voorgekrompen katoen en 30% gerecycled polyester. <br/>- Neutraal, enkel maatlabel aanwezig, dus uitermate geschikt voor rebranding. <br/>- Hangtag en polybags met barcode.<br/>- Geschikt voor werk- & casual vrijetijdskleding.<br/>- Beschikbaar van maat XS t/m 7XL.<br/><br/>Ook mogelijk in uw gewenste PMS-kleur aan dezelfde prijs, minimaal 300 stuks door de maten heen.",https://tghimages.nl/B2B_RNSW_NAVY_FRONT.JPG
B2B-RNSW,B2B Round neck sweater Nick,B2B-RNSWNA10,1,Back To Basics,,B2B-RNSWNA10,B2B Round neck sweater Nick,"6,10E+12",1,"47,9",7XL,navy,Round neck sweater Nick navy 7XL,Round neck sweater Nick navy 7XL,"Deze ronde hals sweater combineert comfort en stijl. De binnenkant is voorzien van geborstelde fleece voor extra warmte en een heerlijk zacht gevoel. Ribboorden zorgen voor een perfecte pasvorm, terwijl het V-stiksel bij de hals een verfijnd detail toevoegt. Ideaal voor zowel alledaagse activiteiten als werkkleding.<br/><br/>- Dubbel gestikte naden, gekleurde nektape ter versteviging en 60°C wasbaar.<br/>- Geborstelde fleece aan de binnenkant voor meer draagcomfort, set-in mouwen, brede ribgebreide boorden.<br/>- V-stiksel op de borst en halve maan in de nek. Ribkraag.<br/>- Duurzame 280-grams ronde hals sweater, vervaardigd uit 70% voorgekrompen katoen en 30% gerecycled polyester. <br/>- Neutraal, enkel maatlabel aanwezig, dus uitermate geschikt voor rebranding. <br/>- Hangtag en polybags met barcode.<br/>- Geschikt voor werk- & casual vrijetijdskleding.<br/>- Beschikbaar van maat XS t/m 7XL.<br/><br/>Ook mogelijk in uw gewenste PMS-kleur aan dezelfde prijs, minimaal 300 stuks door de maten heen.",https://tghimages.nl/B2B_RNSW_NAVY_FRONT.JPG
B2B-RNSW,B2B Round neck sweater Nick,B2B-RNSWRB00,1,Back To Basics,,B2B-RNSWRB00,B2B Round neck sweater Nick,"6,10E+12",1,48,XS,royal blue,Round neck sweater Nick royal blue XS,Round neck sweater Nick royal blue XS,"Deze ronde hals sweater combineert comfort en stijl. De binnenkant is voorzien van geborstelde fleece voor extra warmte en een heerlijk zacht gevoel. Ribboorden zorgen voor een perfecte pasvorm, terwijl het V-stiksel bij de hals een verfijnd detail toevoegt. Ideaal voor zowel alledaagse activiteiten als werkkleding.<br/><br/>- Dubbel gestikte naden, gekleurde nektape ter versteviging en 60°C wasbaar.<br/>- Geborstelde fleece aan de binnenkant voor meer draagcomfort, set-in mouwen, brede ribgebreide boorden.<br/>- V-stiksel op de borst en halve maan in de nek. Ribkraag.<br/>- Duurzame 280-grams ronde hals sweater, vervaardigd uit 70% voorgekrompen katoen en 30% gerecycled polyester. <br/>- Neutraal, enkel maatlabel aanwezig, dus uitermate geschikt voor rebranding. <br/>- Hangtag en polybags met barcode.<br/>- Geschikt voor werk- & casual vrijetijdskleding.<br/>- Beschikbaar van maat XS t/m 7XL.<br/><br/>Ook mogelijk in uw gewenste PMS-kleur aan dezelfde prijs, minimaal 300 stuks door de maten heen.",https://tghimages.nl/B2B_RNSW_ROYAL_BLUE_FRONT.JPG
B2B-RNSW,B2B Round neck sweater Nick,B2B-RNSWRB01,1,Back To Basics,,B2B-RNSWRB01,B2B Round neck sweater Nick,"6,10E+12",1,"48,1",S,royal blue,Round neck sweater Nick royal blue S,Round neck sweater Nick royal blue S,"Deze ronde hals sweater combineert comfort en stijl. De binnenkant is voorzien van geborstelde fleece voor extra warmte en een heerlijk zacht gevoel. Ribboorden zorgen voor een perfecte pasvorm, terwijl het V-stiksel bij de hals een verfijnd detail toevoegt. Ideaal voor zowel alledaagse activiteiten als werkkleding.<br/><br/>- Dubbel gestikte naden, gekleurde nektape ter versteviging en 60°C wasbaar.<br/>- Geborstelde fleece aan de binnenkant voor meer draagcomfort, set-in mouwen, brede ribgebreide boorden.<br/>- V-stiksel op de borst en halve maan in de nek. Ribkraag.<br/>- Duurzame 280-grams ronde hals sweater, vervaardigd uit 70% voorgekrompen katoen en 30% gerecycled polyester. <br/>- Neutraal, enkel maatlabel aanwezig, dus uitermate geschikt voor rebranding. <br/>- Hangtag en polybags met barcode.<br/>- Geschikt voor werk- & casual vrijetijdskleding.<br/>- Beschikbaar van maat XS t/m 7XL.<br/><br/>Ook mogelijk in uw gewenste PMS-kleur aan dezelfde prijs, minimaal 300 stuks door de maten heen.",https://tghimages.nl/B2B_RNSW_ROYAL_BLUE_FRONT.JPG
B2B-RNSW,B2B Round neck sweater Nick,B2B-RNSWRB02,1,Back To Basics,,B2B-RNSWRB02,B2B Round neck sweater Nick,"6,10E+12",1,"48,2",M,royal blue,Round neck sweater Nick royal blue M,Round neck sweater Nick royal blue M,"Deze ronde hals sweater combineert comfort en stijl. De binnenkant is voorzien van geborstelde fleece voor extra warmte en een heerlijk zacht gevoel. Ribboorden zorgen voor een perfecte pasvorm, terwijl het V-stiksel bij de hals een verfijnd detail toevoegt. Ideaal voor zowel alledaagse activiteiten als werkkleding.<br/><br/>- Dubbel gestikte naden, gekleurde nektape ter versteviging en 60°C wasbaar.<br/>- Geborstelde fleece aan de binnenkant voor meer draagcomfort, set-in mouwen, brede ribgebreide boorden.<br/>- V-stiksel op de borst en halve maan in de nek. Ribkraag.<br/>- Duurzame 280-grams ronde hals sweater, vervaardigd uit 70% voorgekrompen katoen en 30% gerecycled polyester. <br/>- Neutraal, enkel maatlabel aanwezig, dus uitermate geschikt voor rebranding. <br/>- Hangtag en polybags met barcode.<br/>- Geschikt voor werk- & casual vrijetijdskleding.<br/>- Beschikbaar van maat XS t/m 7XL.<br/><br/>Ook mogelijk in uw gewenste PMS-kleur aan dezelfde prijs, minimaal 300 stuks door de maten heen.",https://tghimages.nl/B2B_RNSW_ROYAL_BLUE_FRONT.JPG
B2B-RNSW,B2B Round neck sweater Nick,B2B-RNSWRB03,1,Back To Basics,,B2B-RNSWRB03,B2B Round neck sweater Nick,"6,10E+12",1,"48,3",L,royal blue,Round neck sweater Nick royal blue L,Round neck sweater Nick royal blue L,"Deze ronde hals sweater combineert comfort en stijl. De binnenkant is voorzien van geborstelde fleece voor extra warmte en een heerlijk zacht gevoel. Ribboorden zorgen voor een perfecte pasvorm, terwijl het V-stiksel bij de hals een verfijnd detail toevoegt. Ideaal voor zowel alledaagse activiteiten als werkkleding.<br/><br/>- Dubbel gestikte naden, gekleurde nektape ter versteviging en 60°C wasbaar.<br/>- Geborstelde fleece aan de binnenkant voor meer draagcomfort, set-in mouwen, brede ribgebreide boorden.<br/>- V-stiksel op de borst en halve maan in de nek. Ribkraag.<br/>- Duurzame 280-grams ronde hals sweater, vervaardigd uit 70% voorgekrompen katoen en 30% gerecycled polyester. <br/>- Neutraal, enkel maatlabel aanwezig, dus uitermate geschikt voor rebranding. <br/>- Hangtag en polybags met barcode.<br/>- Geschikt voor werk- & casual vrijetijdskleding.<br/>- Beschikbaar van maat XS t/m 7XL.<br/><br/>Ook mogelijk in uw gewenste PMS-kleur aan dezelfde prijs, minimaal 300 stuks door de maten heen.",https://tghimages.nl/B2B_RNSW_ROYAL_BLUE_FRONT.JPG
B2B-RNSW,B2B Round neck sweater Nick,B2B-RNSWRB04,1,Back To Basics,,B2B-RNSWRB04,B2B Round neck sweater Nick,"6,10E+12",1,"48,4",XL,royal blue,Round neck sweater Nick royal blue XL,Round neck sweater Nick royal blue XL,"Deze ronde hals sweater combineert comfort en stijl. De binnenkant is voorzien van geborstelde fleece voor extra warmte en een heerlijk zacht gevoel. Ribboorden zorgen voor een perfecte pasvorm, terwijl het V-stiksel bij de hals een verfijnd detail toevoegt. Ideaal voor zowel alledaagse activiteiten als werkkleding.<br/><br/>- Dubbel gestikte naden, gekleurde nektape ter versteviging en 60°C wasbaar.<br/>- Geborstelde fleece aan de binnenkant voor meer draagcomfort, set-in mouwen, brede ribgebreide boorden.<br/>- V-stiksel op de borst en halve maan in de nek. Ribkraag.<br/>- Duurzame 280-grams ronde hals sweater, vervaardigd uit 70% voorgekrompen katoen en 30% gerecycled polyester. <br/>- Neutraal, enkel maatlabel aanwezig, dus uitermate geschikt voor rebranding. <br/>- Hangtag en polybags met barcode.<br/>- Geschikt voor werk- & casual vrijetijdskleding.<br/>- Beschikbaar van maat XS t/m 7XL.<br/><br/>Ook mogelijk in uw gewenste PMS-kleur aan dezelfde prijs, minimaal 300 stuks door de maten heen.",https://tghimages.nl/B2B_RNSW_ROYAL_BLUE_FRONT.JPG
B2B-RNSW,B2B Round neck sweater Nick,B2B-RNSWRB05,1,Back To Basics,,B2B-RNSWRB05,B2B Round neck sweater Nick,"6,10E+12",1,"48,5",XXL,royal blue,Round neck sweater Nick royal blue XXL,Round neck sweater Nick royal blue XXL,"Deze ronde hals sweater combineert comfort en stijl. De binnenkant is voorzien van geborstelde fleece voor extra warmte en een heerlijk zacht gevoel. Ribboorden zorgen voor een perfecte pasvorm, terwijl het V-stiksel bij de hals een verfijnd detail toevoegt. Ideaal voor zowel alledaagse activiteiten als werkkleding.<br/><br/>- Dubbel gestikte naden, gekleurde nektape ter versteviging en 60°C wasbaar.<br/>- Geborstelde fleece aan de binnenkant voor meer draagcomfort, set-in mouwen, brede ribgebreide boorden.<br/>- V-stiksel op de borst en halve maan in de nek. Ribkraag.<br/>- Duurzame 280-grams ronde hals sweater, vervaardigd uit 70% voorgekrompen katoen en 30% gerecycled polyester. <br/>- Neutraal, enkel maatlabel aanwezig, dus uitermate geschikt voor rebranding. <br/>- Hangtag en polybags met barcode.<br/>- Geschikt voor werk- & casual vrijetijdskleding.<br/>- Beschikbaar van maat XS t/m 7XL.<br/><br/>Ook mogelijk in uw gewenste PMS-kleur aan dezelfde prijs, minimaal 300 stuks door de maten heen.",https://tghimages.nl/B2B_RNSW_ROYAL_BLUE_FRONT.JPG
B2B-RNSW,B2B Round neck sweater Nick,B2B-RNSWRB06,1,Back To Basics,,B2B-RNSWRB06,B2B Round neck sweater Nick,"6,10E+12",1,"48,6",3XL,royal blue,Round neck sweater Nick royal blue 3XL,Round neck sweater Nick royal blue 3XL,"Deze ronde hals sweater combineert comfort en stijl. De binnenkant is voorzien van geborstelde fleece voor extra warmte en een heerlijk zacht gevoel. Ribboorden zorgen voor een perfecte pasvorm, terwijl het V-stiksel bij de hals een verfijnd detail toevoegt. Ideaal voor zowel alledaagse activiteiten als werkkleding.<br/><br/>- Dubbel gestikte naden, gekleurde nektape ter versteviging en 60°C wasbaar.<br/>- Geborstelde fleece aan de binnenkant voor meer draagcomfort, set-in mouwen, brede ribgebreide boorden.<br/>- V-stiksel op de borst en halve maan in de nek. Ribkraag.<br/>- Duurzame 280-grams ronde hals sweater, vervaardigd uit 70% voorgekrompen katoen en 30% gerecycled polyester. <br/>- Neutraal, enkel maatlabel aanwezig, dus uitermate geschikt voor rebranding. <br/>- Hangtag en polybags met barcode.<br/>- Geschikt voor werk- & casual vrijetijdskleding.<br/>- Beschikbaar van maat XS t/m 7XL.<br/><br/>Ook mogelijk in uw gewenste PMS-kleur aan dezelfde prijs, minimaal 300 stuks door de maten heen.",https://tghimages.nl/B2B_RNSW_ROYAL_BLUE_FRONT.JPG
B2B-RNSW,B2B Round neck sweater Nick,B2B-RNSWRB07,1,Back To Basics,,B2B-RNSWRB07,B2B Round neck sweater Nick,"6,10E+12",1,"48,7",4XL,royal blue,Round neck sweater Nick royal blue 4XL,Round neck sweater Nick royal blue 4XL,"Deze ronde hals sweater combineert comfort en stijl. De binnenkant is voorzien van geborstelde fleece voor extra warmte en een heerlijk zacht gevoel. Ribboorden zorgen voor een perfecte pasvorm, terwijl het V-stiksel bij de hals een verfijnd detail toevoegt. Ideaal voor zowel alledaagse activiteiten als werkkleding.<br/><br/>- Dubbel gestikte naden, gekleurde nektape ter versteviging en 60°C wasbaar.<br/>- Geborstelde fleece aan de binnenkant voor meer draagcomfort, set-in mouwen, brede ribgebreide boorden.<br/>- V-stiksel op de borst en halve maan in de nek. Ribkraag.<br/>- Duurzame 280-grams ronde hals sweater, vervaardigd uit 70% voorgekrompen katoen en 30% gerecycled polyester. <br/>- Neutraal, enkel maatlabel aanwezig, dus uitermate geschikt voor rebranding. <br/>- Hangtag en polybags met barcode.<br/>- Geschikt voor werk- & casual vrijetijdskleding.<br/>- Beschikbaar van maat XS t/m 7XL.<br/><br/>Ook mogelijk in uw gewenste PMS-kleur aan dezelfde prijs, minimaal 300 stuks door de maten heen.",https://tghimages.nl/B2B_RNSW_ROYAL_BLUE_FRONT.JPG
B2B-RNSW,B2B Round neck sweater Nick,B2B-RNSWRB08,1,Back To Basics,,B2B-RNSWRB08,B2B Round neck sweater Nick,"6,10E+12",1,"48,8",5XL,royal blue,Round neck sweater Nick royal blue 5XL,Round neck sweater Nick royal blue 5XL,"Deze ronde hals sweater combineert comfort en stijl. De binnenkant is voorzien van geborstelde fleece voor extra warmte en een heerlijk zacht gevoel. Ribboorden zorgen voor een perfecte pasvorm, terwijl het V-stiksel bij de hals een verfijnd detail toevoegt. Ideaal voor zowel alledaagse activiteiten als werkkleding.<br/><br/>- Dubbel gestikte naden, gekleurde nektape ter versteviging en 60°C wasbaar.<br/>- Geborstelde fleece aan de binnenkant voor meer draagcomfort, set-in mouwen, brede ribgebreide boorden.<br/>- V-stiksel op de borst en halve maan in de nek. Ribkraag.<br/>- Duurzame 280-grams ronde hals sweater, vervaardigd uit 70% voorgekrompen katoen en 30% gerecycled polyester. <br/>- Neutraal, enkel maatlabel aanwezig, dus uitermate geschikt voor rebranding. <br/>- Hangtag en polybags met barcode.<br/>- Geschikt voor werk- & casual vrijetijdskleding.<br/>- Beschikbaar van maat XS t/m 7XL.<br/><br/>Ook mogelijk in uw gewenste PMS-kleur aan dezelfde prijs, minimaal 300 stuks door de maten heen.",https://tghimages.nl/B2B_RNSW_ROYAL_BLUE_FRONT.JPG
B2B-RNSW,B2B Round neck sweater Nick,B2B-RNSWRB09,1,Back To Basics,,B2B-RNSWRB09,B2B Round neck sweater Nick,"6,10E+12",1,"48,9",6XL,royal blue,Round neck sweater Nick royal blue 6XL,Round neck sweater Nick royal blue 6XL,"Deze ronde hals sweater combineert comfort en stijl. De binnenkant is voorzien van geborstelde fleece voor extra warmte en een heerlijk zacht gevoel. Ribboorden zorgen voor een perfecte pasvorm, terwijl het V-stiksel bij de hals een verfijnd detail toevoegt. Ideaal voor zowel alledaagse activiteiten als werkkleding.<br/><br/>- Dubbel gestikte naden, gekleurde nektape ter versteviging en 60°C wasbaar.<br/>- Geborstelde fleece aan de binnenkant voor meer draagcomfort, set-in mouwen, brede ribgebreide boorden.<br/>- V-stiksel op de borst en halve maan in de nek. Ribkraag.<br/>- Duurzame 280-grams ronde hals sweater, vervaardigd uit 70% voorgekrompen katoen en 30% gerecycled polyester. <br/>- Neutraal, enkel maatlabel aanwezig, dus uitermate geschikt voor rebranding. <br/>- Hangtag en polybags met barcode.<br/>- Geschikt voor werk- & casual vrijetijdskleding.<br/>- Beschikbaar van maat XS t/m 7XL.<br/><br/>Ook mogelijk in uw gewenste PMS-kleur aan dezelfde prijs, minimaal 300 stuks door de maten heen.",https://tghimages.nl/B2B_RNSW_ROYAL_BLUE_FRONT.JPG
B2B-RNSW,B2B Round neck sweater Nick,B2B-RNSWRB10,1,Back To Basics,,B2B-RNSWRB10,B2B Round neck sweater Nick,"6,10E+12",1,49,7XL,royal blue,Round neck sweater Nick royal blue 7XL,Round neck sweater Nick royal blue 7XL,"Deze ronde hals sweater combineert comfort en stijl. De binnenkant is voorzien van geborstelde fleece voor extra warmte en een heerlijk zacht gevoel. Ribboorden zorgen voor een perfecte pasvorm, terwijl het V-stiksel bij de hals een verfijnd detail toevoegt. Ideaal voor zowel alledaagse activiteiten als werkkleding.<br/><br/>- Dubbel gestikte naden, gekleurde nektape ter versteviging en 60°C wasbaar.<br/>- Geborstelde fleece aan de binnenkant voor meer draagcomfort, set-in mouwen, brede ribgebreide boorden.<br/>- V-stiksel op de borst en halve maan in de nek. Ribkraag.<br/>- Duurzame 280-grams ronde hals sweater, vervaardigd uit 70% voorgekrompen katoen en 30% gerecycled polyester. <br/>- Neutraal, enkel maatlabel aanwezig, dus uitermate geschikt voor rebranding. <br/>- Hangtag en polybags met barcode.<br/>- Geschikt voor werk- & casual vrijetijdskleding.<br/>- Beschikbaar van maat XS t/m 7XL.<br/><br/>Ook mogelijk in uw gewenste PMS-kleur aan dezelfde prijs, minimaal 300 stuks door de maten heen.",https://tghimages.nl/B2B_RNSW_ROYAL_BLUE_FRONT.JPG
B2B-RNSW,B2B Round neck sweater Nick,B2B-RNSWRE00,1,Back To Basics,,B2B-RNSWRE00,B2B Round neck sweater Nick,"6,10E+12",1,"49,1",XS,red,Round neck sweater Nick red XS,Round neck sweater Nick red XS,"Deze ronde hals sweater combineert comfort en stijl. De binnenkant is voorzien van geborstelde fleece voor extra warmte en een heerlijk zacht gevoel. Ribboorden zorgen voor een perfecte pasvorm, terwijl het V-stiksel bij de hals een verfijnd detail toevoegt. Ideaal voor zowel alledaagse activiteiten als werkkleding.<br/><br/>- Dubbel gestikte naden, gekleurde nektape ter versteviging en 60°C wasbaar.<br/>- Geborstelde fleece aan de binnenkant voor meer draagcomfort, set-in mouwen, brede ribgebreide boorden.<br/>- V-stiksel op de borst en halve maan in de nek. Ribkraag.<br/>- Duurzame 280-grams ronde hals sweater, vervaardigd uit 70% voorgekrompen katoen en 30% gerecycled polyester. <br/>- Neutraal, enkel maatlabel aanwezig, dus uitermate geschikt voor rebranding. <br/>- Hangtag en polybags met barcode.<br/>- Geschikt voor werk- & casual vrijetijdskleding.<br/>- Beschikbaar van maat XS t/m 7XL.<br/><br/>Ook mogelijk in uw gewenste PMS-kleur aan dezelfde prijs, minimaal 300 stuks door de maten heen.",https://tghimages.nl/B2B_RNSW_RED_FRONT.JPG
B2B-RNSW,B2B Round neck sweater Nick,B2B-RNSWRE01,1,Back To Basics,,B2B-RNSWRE01,B2B Round neck sweater Nick,"6,10E+12",1,"49,2",S,red,Round neck sweater Nick red S,Round neck sweater Nick red S,"Deze ronde hals sweater combineert comfort en stijl. De binnenkant is voorzien van geborstelde fleece voor extra warmte en een heerlijk zacht gevoel. Ribboorden zorgen voor een perfecte pasvorm, terwijl het V-stiksel bij de hals een verfijnd detail toevoegt. Ideaal voor zowel alledaagse activiteiten als werkkleding.<br/><br/>- Dubbel gestikte naden, gekleurde nektape ter versteviging en 60°C wasbaar.<br/>- Geborstelde fleece aan de binnenkant voor meer draagcomfort, set-in mouwen, brede ribgebreide boorden.<br/>- V-stiksel op de borst en halve maan in de nek. Ribkraag.<br/>- Duurzame 280-grams ronde hals sweater, vervaardigd uit 70% voorgekrompen katoen en 30% gerecycled polyester. <br/>- Neutraal, enkel maatlabel aanwezig, dus uitermate geschikt voor rebranding. <br/>- Hangtag en polybags met barcode.<br/>- Geschikt voor werk- & casual vrijetijdskleding.<br/>- Beschikbaar van maat XS t/m 7XL.<br/><br/>Ook mogelijk in uw gewenste PMS-kleur aan dezelfde prijs, minimaal 300 stuks door de maten heen.",https://tghimages.nl/B2B_RNSW_RED_FRONT.JPG
B2B-RNSW,B2B Round neck sweater Nick,B2B-RNSWRE02,1,Back To Basics,,B2B-RNSWRE02,B2B Round neck sweater Nick,"6,10E+12",1,"49,3",M,red,Round neck sweater Nick red M,Round neck sweater Nick red M,"Deze ronde hals sweater combineert comfort en stijl. De binnenkant is voorzien van geborstelde fleece voor extra warmte en een heerlijk zacht gevoel. Ribboorden zorgen voor een perfecte pasvorm, terwijl het V-stiksel bij de hals een verfijnd detail toevoegt. Ideaal voor zowel alledaagse activiteiten als werkkleding.<br/><br/>- Dubbel gestikte naden, gekleurde nektape ter versteviging en 60°C wasbaar.<br/>- Geborstelde fleece aan de binnenkant voor meer draagcomfort, set-in mouwen, brede ribgebreide boorden.<br/>- V-stiksel op de borst en halve maan in de nek. Ribkraag.<br/>- Duurzame 280-grams ronde hals sweater, vervaardigd uit 70% voorgekrompen katoen en 30% gerecycled polyester. <br/>- Neutraal, enkel maatlabel aanwezig, dus uitermate geschikt voor rebranding. <br/>- Hangtag en polybags met barcode.<br/>- Geschikt voor werk- & casual vrijetijdskleding.<br/>- Beschikbaar van maat XS t/m 7XL.<br/><br/>Ook mogelijk in uw gewenste PMS-kleur aan dezelfde prijs, minimaal 300 stuks door de maten heen.",https://tghimages.nl/B2B_RNSW_RED_FRONT.JPG
B2B-RNSW,B2B Round neck sweater Nick,B2B-RNSWRE03,1,Back To Basics,,B2B-RNSWRE03,B2B Round neck sweater Nick,"6,10E+12",1,"49,4",L,red,Round neck sweater Nick red L,Round neck sweater Nick red L,"Deze ronde hals sweater combineert comfort en stijl. De binnenkant is voorzien van geborstelde fleece voor extra warmte en een heerlijk zacht gevoel. Ribboorden zorgen voor een perfecte pasvorm, terwijl het V-stiksel bij de hals een verfijnd detail toevoegt. Ideaal voor zowel alledaagse activiteiten als werkkleding.<br/><br/>- Dubbel gestikte naden, gekleurde nektape ter versteviging en 60°C wasbaar.<br/>- Geborstelde fleece aan de binnenkant voor meer draagcomfort, set-in mouwen, brede ribgebreide boorden.<br/>- V-stiksel op de borst en halve maan in de nek. Ribkraag.<br/>- Duurzame 280-grams ronde hals sweater, vervaardigd uit 70% voorgekrompen katoen en 30% gerecycled polyester. <br/>- Neutraal, enkel maatlabel aanwezig, dus uitermate geschikt voor rebranding. <br/>- Hangtag en polybags met barcode.<br/>- Geschikt voor werk- & casual vrijetijdskleding.<br/>- Beschikbaar van maat XS t/m 7XL.<br/><br/>Ook mogelijk in uw gewenste PMS-kleur aan dezelfde prijs, minimaal 300 stuks door de maten heen.",https://tghimages.nl/B2B_RNSW_RED_FRONT.JPG
B2B-RNSW,B2B Round neck sweater Nick,B2B-RNSWRE04,1,Back To Basics,,B2B-RNSWRE04,B2B Round neck sweater Nick,"6,10E+12",1,"49,5",XL,red,Round neck sweater Nick red XL,Round neck sweater Nick red XL,"Deze ronde hals sweater combineert comfort en stijl. De binnenkant is voorzien van geborstelde fleece voor extra warmte en een heerlijk zacht gevoel. Ribboorden zorgen voor een perfecte pasvorm, terwijl het V-stiksel bij de hals een verfijnd detail toevoegt. Ideaal voor zowel alledaagse activiteiten als werkkleding.<br/><br/>- Dubbel gestikte naden, gekleurde nektape ter versteviging en 60°C wasbaar.<br/>- Geborstelde fleece aan de binnenkant voor meer draagcomfort, set-in mouwen, brede ribgebreide boorden.<br/>- V-stiksel op de borst en halve maan in de nek. Ribkraag.<br/>- Duurzame 280-grams ronde hals sweater, vervaardigd uit 70% voorgekrompen katoen en 30% gerecycled polyester. <br/>- Neutraal, enkel maatlabel aanwezig, dus uitermate geschikt voor rebranding. <br/>- Hangtag en polybags met barcode.<br/>- Geschikt voor werk- & casual vrijetijdskleding.<br/>- Beschikbaar van maat XS t/m 7XL.<br/><br/>Ook mogelijk in uw gewenste PMS-kleur aan dezelfde prijs, minimaal 300 stuks door de maten heen.",https://tghimages.nl/B2B_RNSW_RED_FRONT.JPG
B2B-RNSW,B2B Round neck sweater Nick,B2B-RNSWRE05,1,Back To Basics,,B2B-RNSWRE05,B2B Round neck sweater Nick,"6,10E+12",1,"49,6",XXL,red,Round neck sweater Nick red XXL,Round neck sweater Nick red XXL,"Deze ronde hals sweater combineert comfort en stijl. De binnenkant is voorzien van geborstelde fleece voor extra warmte en een heerlijk zacht gevoel. Ribboorden zorgen voor een perfecte pasvorm, terwijl het V-stiksel bij de hals een verfijnd detail toevoegt. Ideaal voor zowel alledaagse activiteiten als werkkleding.<br/><br/>- Dubbel gestikte naden, gekleurde nektape ter versteviging en 60°C wasbaar.<br/>- Geborstelde fleece aan de binnenkant voor meer draagcomfort, set-in mouwen, brede ribgebreide boorden.<br/>- V-stiksel op de borst en halve maan in de nek. Ribkraag.<br/>- Duurzame 280-grams ronde hals sweater, vervaardigd uit 70% voorgekrompen katoen en 30% gerecycled polyester. <br/>- Neutraal, enkel maatlabel aanwezig, dus uitermate geschikt voor rebranding. <br/>- Hangtag en polybags met barcode.<br/>- Geschikt voor werk- & casual vrijetijdskleding.<br/>- Beschikbaar van maat XS t/m 7XL.<br/><br/>Ook mogelijk in uw gewenste PMS-kleur aan dezelfde prijs, minimaal 300 stuks door de maten heen.",https://tghimages.nl/B2B_RNSW_RED_FRONT.JPG
B2B-RNSW,B2B Round neck sweater Nick,B2B-RNSWRE06,1,Back To Basics,,B2B-RNSWRE06,B2B Round neck sweater Nick,"6,10E+12",1,"49,7",3XL,red,Round neck sweater Nick red 3XL,Round neck sweater Nick red 3XL,"Deze ronde hals sweater combineert comfort en stijl. De binnenkant is voorzien van geborstelde fleece voor extra warmte en een heerlijk zacht gevoel. Ribboorden zorgen voor een perfecte pasvorm, terwijl het V-stiksel bij de hals een verfijnd detail toevoegt. Ideaal voor zowel alledaagse activiteiten als werkkleding.<br/><br/>- Dubbel gestikte naden, gekleurde nektape ter versteviging en 60°C wasbaar.<br/>- Geborstelde fleece aan de binnenkant voor meer draagcomfort, set-in mouwen, brede ribgebreide boorden.<br/>- V-stiksel op de borst en halve maan in de nek. Ribkraag.<br/>- Duurzame 280-grams ronde hals sweater, vervaardigd uit 70% voorgekrompen katoen en 30% gerecycled polyester. <br/>- Neutraal, enkel maatlabel aanwezig, dus uitermate geschikt voor rebranding. <br/>- Hangtag en polybags met barcode.<br/>- Geschikt voor werk- & casual vrijetijdskleding.<br/>- Beschikbaar van maat XS t/m 7XL.<br/><br/>Ook mogelijk in uw gewenste PMS-kleur aan dezelfde prijs, minimaal 300 stuks door de maten heen.",https://tghimages.nl/B2B_RNSW_RED_FRONT.JPG
B2B-RNSW,B2B Round neck sweater Nick,B2B-RNSWRE07,1,Back To Basics,,B2B-RNSWRE07,B2B Round neck sweater Nick,"6,10E+12",1,"49,8",4XL,red,Round neck sweater Nick red 4XL,Round neck sweater Nick red 4XL,"Deze ronde hals sweater combineert comfort en stijl. De binnenkant is voorzien van geborstelde fleece voor extra warmte en een heerlijk zacht gevoel. Ribboorden zorgen voor een perfecte pasvorm, terwijl het V-stiksel bij de hals een verfijnd detail toevoegt. Ideaal voor zowel alledaagse activiteiten als werkkleding.<br/><br/>- Dubbel gestikte naden, gekleurde nektape ter versteviging en 60°C wasbaar.<br/>- Geborstelde fleece aan de binnenkant voor meer draagcomfort, set-in mouwen, brede ribgebreide boorden.<br/>- V-stiksel op de borst en halve maan in de nek. Ribkraag.<br/>- Duurzame 280-grams ronde hals sweater, vervaardigd uit 70% voorgekrompen katoen en 30% gerecycled polyester. <br/>- Neutraal, enkel maatlabel aanwezig, dus uitermate geschikt voor rebranding. <br/>- Hangtag en polybags met barcode.<br/>- Geschikt voor werk- & casual vrijetijdskleding.<br/>- Beschikbaar van maat XS t/m 7XL.<br/><br/>Ook mogelijk in uw gewenste PMS-kleur aan dezelfde prijs, minimaal 300 stuks door de maten heen.",https://tghimages.nl/B2B_RNSW_RED_FRONT.JPG
B2B-RNSW,B2B Round neck sweater Nick,B2B-RNSWRE08,1,Back To Basics,,B2B-RNSWRE08,B2B Round neck sweater Nick,"6,10E+12",1,"49,9",5XL,red,Round neck sweater Nick red 5XL,Round neck sweater Nick red 5XL,"Deze ronde hals sweater combineert comfort en stijl. De binnenkant is voorzien van geborstelde fleece voor extra warmte en een heerlijk zacht gevoel. Ribboorden zorgen voor een perfecte pasvorm, terwijl het V-stiksel bij de hals een verfijnd detail toevoegt. Ideaal voor zowel alledaagse activiteiten als werkkleding.<br/><br/>- Dubbel gestikte naden, gekleurde nektape ter versteviging en 60°C wasbaar.<br/>- Geborstelde fleece aan de binnenkant voor meer draagcomfort, set-in mouwen, brede ribgebreide boorden.<br/>- V-stiksel op de borst en halve maan in de nek. Ribkraag.<br/>- Duurzame 280-grams ronde hals sweater, vervaardigd uit 70% voorgekrompen katoen en 30% gerecycled polyester. <br/>- Neutraal, enkel maatlabel aanwezig, dus uitermate geschikt voor rebranding. <br/>- Hangtag en polybags met barcode.<br/>- Geschikt voor werk- & casual vrijetijdskleding.<br/>- Beschikbaar van maat XS t/m 7XL.<br/><br/>Ook mogelijk in uw gewenste PMS-kleur aan dezelfde prijs, minimaal 300 stuks door de maten heen.",https://tghimages.nl/B2B_RNSW_RED_FRONT.JPG
B2B-RNSW,B2B Round neck sweater Nick,B2B-RNSWRE09,1,Back To Basics,,B2B-RNSWRE09,B2B Round neck sweater Nick,"6,10E+12",1,50,6XL,red,Round neck sweater Nick red 6XL,Round neck sweater Nick red 6XL,"Deze ronde hals sweater combineert comfort en stijl. De binnenkant is voorzien van geborstelde fleece voor extra warmte en een heerlijk zacht gevoel. Ribboorden zorgen voor een perfecte pasvorm, terwijl het V-stiksel bij de hals een verfijnd detail toevoegt. Ideaal voor zowel alledaagse activiteiten als werkkleding.<br/><br/>- Dubbel gestikte naden, gekleurde nektape ter versteviging en 60°C wasbaar.<br/>- Geborstelde fleece aan de binnenkant voor meer draagcomfort, set-in mouwen, brede ribgebreide boorden.<br/>- V-stiksel op de borst en halve maan in de nek. Ribkraag.<br/>- Duurzame 280-grams ronde hals sweater, vervaardigd uit 70% voorgekrompen katoen en 30% gerecycled polyester. <br/>- Neutraal, enkel maatlabel aanwezig, dus uitermate geschikt voor rebranding. <br/>- Hangtag en polybags met barcode.<br/>- Geschikt voor werk- & casual vrijetijdskleding.<br/>- Beschikbaar van maat XS t/m 7XL.<br/><br/>Ook mogelijk in uw gewenste PMS-kleur aan dezelfde prijs, minimaal 300 stuks door de maten heen.",https://tghimages.nl/B2B_RNSW_RED_FRONT.JPG
B2B-RNSW,B2B Round neck sweater Nick,B2B-RNSWRE10,1,Back To Basics,,B2B-RNSWRE10,B2B Round neck sweater Nick,"6,10E+12",1,"50,1",7XL,red,Round neck sweater Nick red 7XL,Round neck sweater Nick red 7XL,"Deze ronde hals sweater combineert comfort en stijl. De binnenkant is voorzien van geborstelde fleece voor extra warmte en een heerlijk zacht gevoel. Ribboorden zorgen voor een perfecte pasvorm, terwijl het V-stiksel bij de hals een verfijnd detail toevoegt. Ideaal voor zowel alledaagse activiteiten als werkkleding.<br/><br/>- Dubbel gestikte naden, gekleurde nektape ter versteviging en 60°C wasbaar.<br/>- Geborstelde fleece aan de binnenkant voor meer draagcomfort, set-in mouwen, brede ribgebreide boorden.<br/>- V-stiksel op de borst en halve maan in de nek. Ribkraag.<br/>- Duurzame 280-grams ronde hals sweater, vervaardigd uit 70% voorgekrompen katoen en 30% gerecycled polyester. <br/>- Neutraal, enkel maatlabel aanwezig, dus uitermate geschikt voor rebranding. <br/>- Hangtag en polybags met barcode.<br/>- Geschikt voor werk- & casual vrijetijdskleding.<br/>- Beschikbaar van maat XS t/m 7XL.<br/><br/>Ook mogelijk in uw gewenste PMS-kleur aan dezelfde prijs, minimaal 300 stuks door de maten heen.",https://tghimages.nl/B2B_RNSW_RED_FRONT.JPG
B2B-RNSW,B2B Round neck sweater Nick,B2B-RNSWWH00,1,Back To Basics,,B2B-RNSWWH00,B2B Round neck sweater Nick,"6,10E+12",1,"50,2",XS,white,Round neck sweater Nick white XS,Round neck sweater Nick white XS,"Deze ronde hals sweater combineert comfort en stijl. De binnenkant is voorzien van geborstelde fleece voor extra warmte en een heerlijk zacht gevoel. Ribboorden zorgen voor een perfecte pasvorm, terwijl het V-stiksel bij de hals een verfijnd detail toevoegt. Ideaal voor zowel alledaagse activiteiten als werkkleding.<br/><br/>- Dubbel gestikte naden, gekleurde nektape ter versteviging en 60°C wasbaar.<br/>- Geborstelde fleece aan de binnenkant voor meer draagcomfort, set-in mouwen, brede ribgebreide boorden.<br/>- V-stiksel op de borst en halve maan in de nek. Ribkraag.<br/>- Duurzame 280-grams ronde hals sweater, vervaardigd uit 70% voorgekrompen katoen en 30% gerecycled polyester. <br/>- Neutraal, enkel maatlabel aanwezig, dus uitermate geschikt voor rebranding. <br/>- Hangtag en polybags met barcode.<br/>- Geschikt voor werk- & casual vrijetijdskleding.<br/>- Beschikbaar van maat XS t/m 7XL.<br/><br/>Ook mogelijk in uw gewenste PMS-kleur aan dezelfde prijs, minimaal 300 stuks door de maten heen.",https://tghimages.nl/B2B_RNSW_WHITE_FRONT.JPG
B2B-RNSW,B2B Round neck sweater Nick,B2B-RNSWWH01,1,Back To Basics,,B2B-RNSWWH01,B2B Round neck sweater Nick,"6,10E+12",1,"50,3",S,white,Round neck sweater Nick white S,Round neck sweater Nick white S,"Deze ronde hals sweater combineert comfort en stijl. De binnenkant is voorzien van geborstelde fleece voor extra warmte en een heerlijk zacht gevoel. Ribboorden zorgen voor een perfecte pasvorm, terwijl het V-stiksel bij de hals een verfijnd detail toevoegt. Ideaal voor zowel alledaagse activiteiten als werkkleding.<br/><br/>- Dubbel gestikte naden, gekleurde nektape ter versteviging en 60°C wasbaar.<br/>- Geborstelde fleece aan de binnenkant voor meer draagcomfort, set-in mouwen, brede ribgebreide boorden.<br/>- V-stiksel op de borst en halve maan in de nek. Ribkraag.<br/>- Duurzame 280-grams ronde hals sweater, vervaardigd uit 70% voorgekrompen katoen en 30% gerecycled polyester. <br/>- Neutraal, enkel maatlabel aanwezig, dus uitermate geschikt voor rebranding. <br/>- Hangtag en polybags met barcode.<br/>- Geschikt voor werk- & casual vrijetijdskleding.<br/>- Beschikbaar van maat XS t/m 7XL.<br/><br/>Ook mogelijk in uw gewenste PMS-kleur aan dezelfde prijs, minimaal 300 stuks door de maten heen.",https://tghimages.nl/B2B_RNSW_WHITE_FRONT.JPG
B2B-RNSW,B2B Round neck sweater Nick,B2B-RNSWWH02,1,Back To Basics,,B2B-RNSWWH02,B2B Round neck sweater Nick,"6,10E+12",1,"50,4",M,white,Round neck sweater Nick white M,Round neck sweater Nick white M,"Deze ronde hals sweater combineert comfort en stijl. De binnenkant is voorzien van geborstelde fleece voor extra warmte en een heerlijk zacht gevoel. Ribboorden zorgen voor een perfecte pasvorm, terwijl het V-stiksel bij de hals een verfijnd detail toevoegt. Ideaal voor zowel alledaagse activiteiten als werkkleding.<br/><br/>- Dubbel gestikte naden, gekleurde nektape ter versteviging en 60°C wasbaar.<br/>- Geborstelde fleece aan de binnenkant voor meer draagcomfort, set-in mouwen, brede ribgebreide boorden.<br/>- V-stiksel op de borst en halve maan in de nek. Ribkraag.<br/>- Duurzame 280-grams ronde hals sweater, vervaardigd uit 70% voorgekrompen katoen en 30% gerecycled polyester. <br/>- Neutraal, enkel maatlabel aanwezig, dus uitermate geschikt voor rebranding. <br/>- Hangtag en polybags met barcode.<br/>- Geschikt voor werk- & casual vrijetijdskleding.<br/>- Beschikbaar van maat XS t/m 7XL.<br/><br/>Ook mogelijk in uw gewenste PMS-kleur aan dezelfde prijs, minimaal 300 stuks door de maten heen.",https://tghimages.nl/B2B_RNSW_WHITE_FRONT.JPG
B2B-RNSW,B2B Round neck sweater Nick,B2B-RNSWWH03,1,Back To Basics,,B2B-RNSWWH03,B2B Round neck sweater Nick,"6,10E+12",1,"50,5",L,white,Round neck sweater Nick white L,Round neck sweater Nick white L,"Deze ronde hals sweater combineert comfort en stijl. De binnenkant is voorzien van geborstelde fleece voor extra warmte en een heerlijk zacht gevoel. Ribboorden zorgen voor een perfecte pasvorm, terwijl het V-stiksel bij de hals een verfijnd detail toevoegt. Ideaal voor zowel alledaagse activiteiten als werkkleding.<br/><br/>- Dubbel gestikte naden, gekleurde nektape ter versteviging en 60°C wasbaar.<br/>- Geborstelde fleece aan de binnenkant voor meer draagcomfort, set-in mouwen, brede ribgebreide boorden.<br/>- V-stiksel op de borst en halve maan in de nek. Ribkraag.<br/>- Duurzame 280-grams ronde hals sweater, vervaardigd uit 70% voorgekrompen katoen en 30% gerecycled polyester. <br/>- Neutraal, enkel maatlabel aanwezig, dus uitermate geschikt voor rebranding. <br/>- Hangtag en polybags met barcode.<br/>- Geschikt voor werk- & casual vrijetijdskleding.<br/>- Beschikbaar van maat XS t/m 7XL.<br/><br/>Ook mogelijk in uw gewenste PMS-kleur aan dezelfde prijs, minimaal 300 stuks door de maten heen.",https://tghimages.nl/B2B_RNSW_WHITE_FRONT.JPG
B2B-RNSW,B2B Round neck sweater Nick,B2B-RNSWWH04,1,Back To Basics,,B2B-RNSWWH04,B2B Round neck sweater Nick,"6,10E+12",1,"50,6",XL,white,Round neck sweater Nick white XL,Round neck sweater Nick white XL,"Deze ronde hals sweater combineert comfort en stijl. De binnenkant is voorzien van geborstelde fleece voor extra warmte en een heerlijk zacht gevoel. Ribboorden zorgen voor een perfecte pasvorm, terwijl het V-stiksel bij de hals een verfijnd detail toevoegt. Ideaal voor zowel alledaagse activiteiten als werkkleding.<br/><br/>- Dubbel gestikte naden, gekleurde nektape ter versteviging en 60°C wasbaar.<br/>- Geborstelde fleece aan de binnenkant voor meer draagcomfort, set-in mouwen, brede ribgebreide boorden.<br/>- V-stiksel op de borst en halve maan in de nek. Ribkraag.<br/>- Duurzame 280-grams ronde hals sweater, vervaardigd uit 70% voorgekrompen katoen en 30% gerecycled polyester. <br/>- Neutraal, enkel maatlabel aanwezig, dus uitermate geschikt voor rebranding. <br/>- Hangtag en polybags met barcode.<br/>- Geschikt voor werk- & casual vrijetijdskleding.<br/>- Beschikbaar van maat XS t/m 7XL.<br/><br/>Ook mogelijk in uw gewenste PMS-kleur aan dezelfde prijs, minimaal 300 stuks door de maten heen.",https://tghimages.nl/B2B_RNSW_WHITE_FRONT.JPG
B2B-RNSW,B2B Round neck sweater Nick,B2B-RNSWWH05,1,Back To Basics,,B2B-RNSWWH05,B2B Round neck sweater Nick,"6,10E+12",1,"50,7",XXL,white,Round neck sweater Nick white XXL,Round neck sweater Nick white XXL,"Deze ronde hals sweater combineert comfort en stijl. De binnenkant is voorzien van geborstelde fleece voor extra warmte en een heerlijk zacht gevoel. Ribboorden zorgen voor een perfecte pasvorm, terwijl het V-stiksel bij de hals een verfijnd detail toevoegt. Ideaal voor zowel alledaagse activiteiten als werkkleding.<br/><br/>- Dubbel gestikte naden, gekleurde nektape ter versteviging en 60°C wasbaar.<br/>- Geborstelde fleece aan de binnenkant voor meer draagcomfort, set-in mouwen, brede ribgebreide boorden.<br/>- V-stiksel op de borst en halve maan in de nek. Ribkraag.<br/>- Duurzame 280-grams ronde hals sweater, vervaardigd uit 70% voorgekrompen katoen en 30% gerecycled polyester. <br/>- Neutraal, enkel maatlabel aanwezig, dus uitermate geschikt voor rebranding. <br/>- Hangtag en polybags met barcode.<br/>- Geschikt voor werk- & casual vrijetijdskleding.<br/>- Beschikbaar van maat XS t/m 7XL.<br/><br/>Ook mogelijk in uw gewenste PMS-kleur aan dezelfde prijs, minimaal 300 stuks door de maten heen.",https://tghimages.nl/B2B_RNSW_WHITE_FRONT.JPG
B2B-RNSW,B2B Round neck sweater Nick,B2B-RNSWWH06,1,Back To Basics,,B2B-RNSWWH06,B2B Round neck sweater Nick,"6,10E+12",1,"50,8",3XL,white,Round neck sweater Nick white 3XL,Round neck sweater Nick white 3XL,"Deze ronde hals sweater combineert comfort en stijl. De binnenkant is voorzien van geborstelde fleece voor extra warmte en een heerlijk zacht gevoel. Ribboorden zorgen voor een perfecte pasvorm, terwijl het V-stiksel bij de hals een verfijnd detail toevoegt. Ideaal voor zowel alledaagse activiteiten als werkkleding.<br/><br/>- Dubbel gestikte naden, gekleurde nektape ter versteviging en 60°C wasbaar.<br/>- Geborstelde fleece aan de binnenkant voor meer draagcomfort, set-in mouwen, brede ribgebreide boorden.<br/>- V-stiksel op de borst en halve maan in de nek. Ribkraag.<br/>- Duurzame 280-grams ronde hals sweater, vervaardigd uit 70% voorgekrompen katoen en 30% gerecycled polyester. <br/>- Neutraal, enkel maatlabel aanwezig, dus uitermate geschikt voor rebranding. <br/>- Hangtag en polybags met barcode.<br/>- Geschikt voor werk- & casual vrijetijdskleding.<br/>- Beschikbaar van maat XS t/m 7XL.<br/><br/>Ook mogelijk in uw gewenste PMS-kleur aan dezelfde prijs, minimaal 300 stuks door de maten heen.",https://tghimages.nl/B2B_RNSW_WHITE_FRONT.JPG
B2B-RNSW,B2B Round neck sweater Nick,B2B-RNSWWH07,1,Back To Basics,,B2B-RNSWWH07,B2B Round neck sweater Nick,"6,10E+12",1,"50,9",4XL,white,Round neck sweater Nick white 4XL,Round neck sweater Nick white 4XL,"Deze ronde hals sweater combineert comfort en stijl. De binnenkant is voorzien van geborstelde fleece voor extra warmte en een heerlijk zacht gevoel. Ribboorden zorgen voor een perfecte pasvorm, terwijl het V-stiksel bij de hals een verfijnd detail toevoegt. Ideaal voor zowel alledaagse activiteiten als werkkleding.<br/><br/>- Dubbel gestikte naden, gekleurde nektape ter versteviging en 60°C wasbaar.<br/>- Geborstelde fleece aan de binnenkant voor meer draagcomfort, set-in mouwen, brede ribgebreide boorden.<br/>- V-stiksel op de borst en halve maan in de nek. Ribkraag.<br/>- Duurzame 280-grams ronde hals sweater, vervaardigd uit 70% voorgekrompen katoen en 30% gerecycled polyester. <br/>- Neutraal, enkel maatlabel aanwezig, dus uitermate geschikt voor rebranding. <br/>- Hangtag en polybags met barcode.<br/>- Geschikt voor werk- & casual vrijetijdskleding.<br/>- Beschikbaar van maat XS t/m 7XL.<br/><br/>Ook mogelijk in uw gewenste PMS-kleur aan dezelfde prijs, minimaal 300 stuks door de maten heen.",https://tghimages.nl/B2B_RNSW_WHITE_FRONT.JPG
B2B-RNSW,B2B Round neck sweater Nick,B2B-RNSWWH08,1,Back To Basics,,B2B-RNSWWH08,B2B Round neck sweater Nick,"6,10E+12",1,51,5XL,white,Round neck sweater Nick white 5XL,Round neck sweater Nick white 5XL,"Deze ronde hals sweater combineert comfort en stijl. De binnenkant is voorzien van geborstelde fleece voor extra warmte en een heerlijk zacht gevoel. Ribboorden zorgen voor een perfecte pasvorm, terwijl het V-stiksel bij de hals een verfijnd detail toevoegt. Ideaal voor zowel alledaagse activiteiten als werkkleding.<br/><br/>- Dubbel gestikte naden, gekleurde nektape ter versteviging en 60°C wasbaar.<br/>- Geborstelde fleece aan de binnenkant voor meer draagcomfort, set-in mouwen, brede ribgebreide boorden.<br/>- V-stiksel op de borst en halve maan in de nek. Ribkraag.<br/>- Duurzame 280-grams ronde hals sweater, vervaardigd uit 70% voorgekrompen katoen en 30% gerecycled polyester. <br/>- Neutraal, enkel maatlabel aanwezig, dus uitermate geschikt voor rebranding. <br/>- Hangtag en polybags met barcode.<br/>- Geschikt voor werk- & casual vrijetijdskleding.<br/>- Beschikbaar van maat XS t/m 7XL.<br/><br/>Ook mogelijk in uw gewenste PMS-kleur aan dezelfde prijs, minimaal 300 stuks door de maten heen.",https://tghimages.nl/B2B_RNSW_WHITE_FRONT.JPG
B2B-RNSW,B2B Round neck sweater Nick,B2B-RNSWWH09,1,Back To Basics,,B2B-RNSWWH09,B2B Round neck sweater Nick,"6,10E+12",1,"51,1",6XL,white,Round neck sweater Nick white 6XL,Round neck sweater Nick white 6XL,"Deze ronde hals sweater combineert comfort en stijl. De binnenkant is voorzien van geborstelde fleece voor extra warmte en een heerlijk zacht gevoel. Ribboorden zorgen voor een perfecte pasvorm, terwijl het V-stiksel bij de hals een verfijnd detail toevoegt. Ideaal voor zowel alledaagse activiteiten als werkkleding.<br/><br/>- Dubbel gestikte naden, gekleurde nektape ter versteviging en 60°C wasbaar.<br/>- Geborstelde fleece aan de binnenkant voor meer draagcomfort, set-in mouwen, brede ribgebreide boorden.<br/>- V-stiksel op de borst en halve maan in de nek. Ribkraag.<br/>- Duurzame 280-grams ronde hals sweater, vervaardigd uit 70% voorgekrompen katoen en 30% gerecycled polyester. <br/>- Neutraal, enkel maatlabel aanwezig, dus uitermate geschikt voor rebranding. <br/>- Hangtag en polybags met barcode.<br/>- Geschikt voor werk- & casual vrijetijdskleding.<br/>- Beschikbaar van maat XS t/m 7XL.<br/><br/>Ook mogelijk in uw gewenste PMS-kleur aan dezelfde prijs, minimaal 300 stuks door de maten heen.",https://tghimages.nl/B2B_RNSW_WHITE_FRONT.JPG
B2B-RNSW,B2B Round neck sweater Nick,B2B-RNSWWH10,1,Back To Basics,,B2B-RNSWWH10,B2B Round neck sweater Nick,"6,10E+12",1,"51,2",7XL,white,Round neck sweater Nick white 7XL,Round neck sweater Nick white 7XL,"Deze ronde hals sweater combineert comfort en stijl. De binnenkant is voorzien van geborstelde fleece voor extra warmte en een heerlijk zacht gevoel. Ribboorden zorgen voor een perfecte pasvorm, terwijl het V-stiksel bij de hals een verfijnd detail toevoegt. Ideaal voor zowel alledaagse activiteiten als werkkleding.<br/><br/>- Dubbel gestikte naden, gekleurde nektape ter versteviging en 60°C wasbaar.<br/>- Geborstelde fleece aan de binnenkant voor meer draagcomfort, set-in mouwen, brede ribgebreide boorden.<br/>- V-stiksel op de borst en halve maan in de nek. Ribkraag.<br/>- Duurzame 280-grams ronde hals sweater, vervaardigd uit 70% voorgekrompen katoen en 30% gerecycled polyester. <br/>- Neutraal, enkel maatlabel aanwezig, dus uitermate geschikt voor rebranding. <br/>- Hangtag en polybags met barcode.<br/>- Geschikt voor werk- & casual vrijetijdskleding.<br/>- Beschikbaar van maat XS t/m 7XL.<br/><br/>Ook mogelijk in uw gewenste PMS-kleur aan dezelfde prijs, minimaal 300 stuks door de maten heen.",https://tghimages.nl/B2B_RNSW_WHITE_FRONT.JPG
B2B-SSL,B2B Ladies softshell jacket Zoey,B2B-SSLBL00,1,Back To Basics,,B2B-SSLBL00,B2B Ladies softshell jacket Zoey,"6,10E+12",1,"51,3",XS,black,Ladies softshell jacket Zoey black XS,Ladies softshell jacket Zoey black XS,"Deze getailleerde softshell voor dames is voorzien van  zakken met ritssluiting, dubbel gestikte naden. Gemaakt van 3-laags ademend en waterafstotend materiaal, biedt deze jas comfort in alle weersomstandigheden. Ideaal voor vrouwen die een stijlvolle en praktische jas zoeken. Waterdicht tot 8.000 mm.",https://tghimages.nl/B2B_SSL_BLACK_FRONT.JPG
B2B-SSL,B2B Ladies softshell jacket Zoey,B2B-SSLBL01,1,Back To Basics,,B2B-SSLBL01,B2B Ladies softshell jacket Zoey,"6,10E+12",1,"51,4",S,black,Ladies softshell jacket Zoey black S,Ladies softshell jacket Zoey black S,"Deze getailleerde softshell voor dames is voorzien van  zakken met ritssluiting, dubbel gestikte naden. Gemaakt van 3-laags ademend en waterafstotend materiaal, biedt deze jas comfort in alle weersomstandigheden. Ideaal voor vrouwen die een stijlvolle en praktische jas zoeken. Waterdicht tot 8.000 mm.",https://tghimages.nl/B2B_SSL_BLACK_FRONT.JPG
B2B-SSL,B2B Ladies softshell jacket Zoey,B2B-SSLBL02,1,Back To Basics,,B2B-SSLBL02,B2B Ladies softshell jacket Zoey,"6,10E+12",1,"51,5",M,black,Ladies softshell jacket Zoey black M,Ladies softshell jacket Zoey black M,"Deze getailleerde softshell voor dames is voorzien van  zakken met ritssluiting, dubbel gestikte naden. Gemaakt van 3-laags ademend en waterafstotend materiaal, biedt deze jas comfort in alle weersomstandigheden. Ideaal voor vrouwen die een stijlvolle en praktische jas zoeken. Waterdicht tot 8.000 mm.",https://tghimages.nl/B2B_SSL_BLACK_FRONT.JPG
B2B-SSL,B2B Ladies softshell jacket Zoey,B2B-SSLBL03,1,Back To Basics,,B2B-SSLBL03,B2B Ladies softshell jacket Zoey,"6,10E+12",1,"51,6",L,black,Ladies softshell jacket Zoey black L,Ladies softshell jacket Zoey black L,"Deze getailleerde softshell voor dames is voorzien van  zakken met ritssluiting, dubbel gestikte naden. Gemaakt van 3-laags ademend en waterafstotend materiaal, biedt deze jas comfort in alle weersomstandigheden. Ideaal voor vrouwen die een stijlvolle en praktische jas zoeken. Waterdicht tot 8.000 mm.",https://tghimages.nl/B2B_SSL_BLACK_FRONT.JPG
B2B-SSL,B2B Ladies softshell jacket Zoey,B2B-SSLBL04,1,Back To Basics,,B2B-SSLBL04,B2B Ladies softshell jacket Zoey,"6,10E+12",1,"51,7",XL,black,Ladies softshell jacket Zoey black XL,Ladies softshell jacket Zoey black XL,"Deze getailleerde softshell voor dames is voorzien van  zakken met ritssluiting, dubbel gestikte naden. Gemaakt van 3-laags ademend en waterafstotend materiaal, biedt deze jas comfort in alle weersomstandigheden. Ideaal voor vrouwen die een stijlvolle en praktische jas zoeken. Waterdicht tot 8.000 mm.",https://tghimages.nl/B2B_SSL_BLACK_FRONT.JPG
B2B-SSL,B2B Ladies softshell jacket Zoey,B2B-SSLBL05,1,Back To Basics,,B2B-SSLBL05,B2B Ladies softshell jacket Zoey,"6,10E+12",1,"51,8",XXL,black,Ladies softshell jacket Zoey black XXL,Ladies softshell jacket Zoey black XXL,"Deze getailleerde softshell voor dames is voorzien van  zakken met ritssluiting, dubbel gestikte naden. Gemaakt van 3-laags ademend en waterafstotend materiaal, biedt deze jas comfort in alle weersomstandigheden. Ideaal voor vrouwen die een stijlvolle en praktische jas zoeken. Waterdicht tot 8.000 mm.",https://tghimages.nl/B2B_SSL_BLACK_FRONT.JPG
B2B-SSL,B2B Ladies softshell jacket Zoey,B2B-SSLBL06,1,Back To Basics,,B2B-SSLBL06,B2B Ladies softshell jacket Zoey,"6,10E+12",1,"51,9",3XL,black,Ladies softshell jacket Zoey black 3XL,Ladies softshell jacket Zoey black 3XL,"Deze getailleerde softshell voor dames is voorzien van  zakken met ritssluiting, dubbel gestikte naden. Gemaakt van 3-laags ademend en waterafstotend materiaal, biedt deze jas comfort in alle weersomstandigheden. Ideaal voor vrouwen die een stijlvolle en praktische jas zoeken. Waterdicht tot 8.000 mm.",https://tghimages.nl/B2B_SSL_BLACK_FRONT.JPG
B2B-SSL,B2B Ladies softshell jacket Zoey,B2B-SSLBL07,1,Back To Basics,,B2B-SSLBL07,B2B Ladies softshell jacket Zoey,"6,10E+12",1,52,4XL,black,Ladies softshell jacket Zoey black 4XL,Ladies softshell jacket Zoey black 4XL,"Deze getailleerde softshell voor dames is voorzien van  zakken met ritssluiting, dubbel gestikte naden. Gemaakt van 3-laags ademend en waterafstotend materiaal, biedt deze jas comfort in alle weersomstandigheden. Ideaal voor vrouwen die een stijlvolle en praktische jas zoeken. Waterdicht tot 8.000 mm.",https://tghimages.nl/B2B_SSL_BLACK_FRONT.JPG
B2B-SSL,B2B Ladies softshell jacket Zoey,B2B-SSLBL08,1,Back To Basics,,B2B-SSLBL08,B2B Ladies softshell jacket Zoey,"6,10E+12",1,"52,1",5XL,black,Ladies softshell jacket Zoey black 5XL,Ladies softshell jacket Zoey black 5XL,"Deze getailleerde softshell voor dames is voorzien van  zakken met ritssluiting, dubbel gestikte naden. Gemaakt van 3-laags ademend en waterafstotend materiaal, biedt deze jas comfort in alle weersomstandigheden. Ideaal voor vrouwen die een stijlvolle en praktische jas zoeken. Waterdicht tot 8.000 mm.",https://tghimages.nl/B2B_SSL_BLACK_FRONT.JPG
B2B-SSL,B2B Ladies softshell jacket Zoey,B2B-SSLNA00,1,Back To Basics,,B2B-SSLNA00,B2B Ladies softshell jacket Zoey,"6,10E+12",1,"52,2",XS,navy,Ladies softshell jacket Zoey navy XS,Ladies softshell jacket Zoey navy XS,"Deze getailleerde softshell voor dames is voorzien van  zakken met ritssluiting, dubbel gestikte naden. Gemaakt van 3-laags ademend en waterafstotend materiaal, biedt deze jas comfort in alle weersomstandigheden. Ideaal voor vrouwen die een stijlvolle en praktische jas zoeken. Waterdicht tot 8.000 mm.",https://tghimages.nl/B2B_SSL_NAVY_FRONT.JPG
B2B-SSL,B2B Ladies softshell jacket Zoey,B2B-SSLNA01,1,Back To Basics,,B2B-SSLNA01,B2B Ladies softshell jacket Zoey,"6,10E+12",1,"52,3",S,navy,Ladies softshell jacket Zoey navy S,Ladies softshell jacket Zoey navy S,"Deze getailleerde softshell voor dames is voorzien van  zakken met ritssluiting, dubbel gestikte naden. Gemaakt van 3-laags ademend en waterafstotend materiaal, biedt deze jas comfort in alle weersomstandigheden. Ideaal voor vrouwen die een stijlvolle en praktische jas zoeken. Waterdicht tot 8.000 mm.",https://tghimages.nl/B2B_SSL_NAVY_FRONT.JPG
B2B-SSL,B2B Ladies softshell jacket Zoey,B2B-SSLNA02,1,Back To Basics,,B2B-SSLNA02,B2B Ladies softshell jacket Zoey,"6,10E+12",1,"52,4",M,navy,Ladies softshell jacket Zoey navy M,Ladies softshell jacket Zoey navy M,"Deze getailleerde softshell voor dames is voorzien van  zakken met ritssluiting, dubbel gestikte naden. Gemaakt van 3-laags ademend en waterafstotend materiaal, biedt deze jas comfort in alle weersomstandigheden. Ideaal voor vrouwen die een stijlvolle en praktische jas zoeken. Waterdicht tot 8.000 mm.",https://tghimages.nl/B2B_SSL_NAVY_FRONT.JPG
B2B-SSL,B2B Ladies softshell jacket Zoey,B2B-SSLNA03,1,Back To Basics,,B2B-SSLNA03,B2B Ladies softshell jacket Zoey,"6,10E+12",1,"52,5",L,navy,Ladies softshell jacket Zoey navy L,Ladies softshell jacket Zoey navy L,"Deze getailleerde softshell voor dames is voorzien van  zakken met ritssluiting, dubbel gestikte naden. Gemaakt van 3-laags ademend en waterafstotend materiaal, biedt deze jas comfort in alle weersomstandigheden. Ideaal voor vrouwen die een stijlvolle en praktische jas zoeken. Waterdicht tot 8.000 mm.",https://tghimages.nl/B2B_SSL_NAVY_FRONT.JPG
B2B-SSL,B2B Ladies softshell jacket Zoey,B2B-SSLNA04,1,Back To Basics,,B2B-SSLNA04,B2B Ladies softshell jacket Zoey,"6,10E+12",1,"52,6",XL,navy,Ladies softshell jacket Zoey navy XL,Ladies softshell jacket Zoey navy XL,"Deze getailleerde softshell voor dames is voorzien van  zakken met ritssluiting, dubbel gestikte naden. Gemaakt van 3-laags ademend en waterafstotend materiaal, biedt deze jas comfort in alle weersomstandigheden. Ideaal voor vrouwen die een stijlvolle en praktische jas zoeken. Waterdicht tot 8.000 mm.",https://tghimages.nl/B2B_SSL_NAVY_FRONT.JPG
B2B-SSL,B2B Ladies softshell jacket Zoey,B2B-SSLNA05,1,Back To Basics,,B2B-SSLNA05,B2B Ladies softshell jacket Zoey,"6,10E+12",1,"52,7",XXL,navy,Ladies softshell jacket Zoey navy XXL,Ladies softshell jacket Zoey navy XXL,"Deze getailleerde softshell voor dames is voorzien van  zakken met ritssluiting, dubbel gestikte naden. Gemaakt van 3-laags ademend en waterafstotend materiaal, biedt deze jas comfort in alle weersomstandigheden. Ideaal voor vrouwen die een stijlvolle en praktische jas zoeken. Waterdicht tot 8.000 mm.",https://tghimages.nl/B2B_SSL_NAVY_FRONT.JPG
B2B-SSL,B2B Ladies softshell jacket Zoey,B2B-SSLNA06,1,Back To Basics,,B2B-SSLNA06,B2B Ladies softshell jacket Zoey,"6,10E+12",1,"52,8",3XL,navy,Ladies softshell jacket Zoey navy 3XL,Ladies softshell jacket Zoey navy 3XL,"Deze getailleerde softshell voor dames is voorzien van  zakken met ritssluiting, dubbel gestikte naden. Gemaakt van 3-laags ademend en waterafstotend materiaal, biedt deze jas comfort in alle weersomstandigheden. Ideaal voor vrouwen die een stijlvolle en praktische jas zoeken. Waterdicht tot 8.000 mm.",https://tghimages.nl/B2B_SSL_NAVY_FRONT.JPG
B2B-SSL,B2B Ladies softshell jacket Zoey,B2B-SSLNA07,1,Back To Basics,,B2B-SSLNA07,B2B Ladies softshell jacket Zoey,"6,10E+12",1,"52,9",4XL,navy,Ladies softshell jacket Zoey navy 4XL,Ladies softshell jacket Zoey navy 4XL,"Deze getailleerde softshell voor dames is voorzien van  zakken met ritssluiting, dubbel gestikte naden. Gemaakt van 3-laags ademend en waterafstotend materiaal, biedt deze jas comfort in alle weersomstandigheden. Ideaal voor vrouwen die een stijlvolle en praktische jas zoeken. Waterdicht tot 8.000 mm.",https://tghimages.nl/B2B_SSL_NAVY_FRONT.JPG
B2B-SSL,B2B Ladies softshell jacket Zoey,B2B-SSLNA08,1,Back To Basics,,B2B-SSLNA08,B2B Ladies softshell jacket Zoey,"6,10E+12",1,53,5XL,navy,Ladies softshell jacket Zoey navy 5XL,Ladies softshell jacket Zoey navy 5XL,"Deze getailleerde softshell voor dames is voorzien van  zakken met ritssluiting, dubbel gestikte naden. Gemaakt van 3-laags ademend en waterafstotend materiaal, biedt deze jas comfort in alle weersomstandigheden. Ideaal voor vrouwen die een stijlvolle en praktische jas zoeken. Waterdicht tot 8.000 mm.",https://tghimages.nl/B2B_SSL_NAVY_FRONT.JPG
B2B-SSM,B2B Softshell jacket Ryan,B2B-SSMBL00,1,Back To Basics,,B2B-SSMBL00,B2B Softshell jacket Ryan,"6,10E+12",1,"53,1",XS,black,Softshell jacket Ryan black XS,Softshell jacket Ryan black XS,"Deze hoogwaardige softshell biedt comfort en functionaliteit. Voorzien van zakken met ritssluiting, dubbel gestikte naden en een gsm-zakje op de mouw. Gemaakt van 3-laags ademend en waterafstotend materiaal, met een verstelbaar trekkoord aan de onderzijde. Ideaal voor werk en vrije tijd. Waterdicht tot 8.000 mm.",https://tghimages.nl/B2B_SSM_BLACK_FRONT.JPG
B2B-SSM,B2B Softshell jacket Ryan,B2B-SSMBL01,1,Back To Basics,,B2B-SSMBL01,B2B Softshell jacket Ryan,"6,10E+12",1,"53,2",S,black,Softshell jacket Ryan black S,Softshell jacket Ryan black S,"Deze hoogwaardige softshell biedt comfort en functionaliteit. Voorzien van zakken met ritssluiting, dubbel gestikte naden en een gsm-zakje op de mouw. Gemaakt van 3-laags ademend en waterafstotend materiaal, met een verstelbaar trekkoord aan de onderzijde. Ideaal voor werk en vrije tijd. Waterdicht tot 8.000 mm.",https://tghimages.nl/B2B_SSM_BLACK_FRONT.JPG
B2B-SSM,B2B Softshell jacket Ryan,B2B-SSMBL02,1,Back To Basics,,B2B-SSMBL02,B2B Softshell jacket Ryan,"6,10E+12",1,"53,3",M,black,Softshell jacket Ryan black M,Softshell jacket Ryan black M,"Deze hoogwaardige softshell biedt comfort en functionaliteit. Voorzien van zakken met ritssluiting, dubbel gestikte naden en een gsm-zakje op de mouw. Gemaakt van 3-laags ademend en waterafstotend materiaal, met een verstelbaar trekkoord aan de onderzijde. Ideaal voor werk en vrije tijd. Waterdicht tot 8.000 mm.",https://tghimages.nl/B2B_SSM_BLACK_FRONT.JPG
B2B-SSM,B2B Softshell jacket Ryan,B2B-SSMBL03,1,Back To Basics,,B2B-SSMBL03,B2B Softshell jacket Ryan,"6,10E+12",1,"53,4",L,black,Softshell jacket Ryan black L,Softshell jacket Ryan black L,"Deze hoogwaardige softshell biedt comfort en functionaliteit. Voorzien van zakken met ritssluiting, dubbel gestikte naden en een gsm-zakje op de mouw. Gemaakt van 3-laags ademend en waterafstotend materiaal, met een verstelbaar trekkoord aan de onderzijde. Ideaal voor werk en vrije tijd. Waterdicht tot 8.000 mm.",https://tghimages.nl/B2B_SSM_BLACK_FRONT.JPG
B2B-SSM,B2B Softshell jacket Ryan,B2B-SSMBL04,1,Back To Basics,,B2B-SSMBL04,B2B Softshell jacket Ryan,"6,10E+12",1,"53,5",XL,black,Softshell jacket Ryan black XL,Softshell jacket Ryan black XL,"Deze hoogwaardige softshell biedt comfort en functionaliteit. Voorzien van zakken met ritssluiting, dubbel gestikte naden en een gsm-zakje op de mouw. Gemaakt van 3-laags ademend en waterafstotend materiaal, met een verstelbaar trekkoord aan de onderzijde. Ideaal voor werk en vrije tijd. Waterdicht tot 8.000 mm.",https://tghimages.nl/B2B_SSM_BLACK_FRONT.JPG
B2B-SSM,B2B Softshell jacket Ryan,B2B-SSMBL05,1,Back To Basics,,B2B-SSMBL05,B2B Softshell jacket Ryan,"6,10E+12",1,"53,6",XXL,black,Softshell jacket Ryan black XXL,Softshell jacket Ryan black XXL,"Deze hoogwaardige softshell biedt comfort en functionaliteit. Voorzien van zakken met ritssluiting, dubbel gestikte naden en een gsm-zakje op de mouw. Gemaakt van 3-laags ademend en waterafstotend materiaal, met een verstelbaar trekkoord aan de onderzijde. Ideaal voor werk en vrije tijd. Waterdicht tot 8.000 mm.",https://tghimages.nl/B2B_SSM_BLACK_FRONT.JPG
B2B-SSM,B2B Softshell jacket Ryan,B2B-SSMBL06,1,Back To Basics,,B2B-SSMBL06,B2B Softshell jacket Ryan,"6,10E+12",1,"53,7",3XL,black,Softshell jacket Ryan black 3XL,Softshell jacket Ryan black 3XL,"Deze hoogwaardige softshell biedt comfort en functionaliteit. Voorzien van zakken met ritssluiting, dubbel gestikte naden en een gsm-zakje op de mouw. Gemaakt van 3-laags ademend en waterafstotend materiaal, met een verstelbaar trekkoord aan de onderzijde. Ideaal voor werk en vrije tijd. Waterdicht tot 8.000 mm.",https://tghimages.nl/B2B_SSM_BLACK_FRONT.JPG
B2B-SSM,B2B Softshell jacket Ryan,B2B-SSMBL07,1,Back To Basics,,B2B-SSMBL07,B2B Softshell jacket Ryan,"6,10E+12",1,"53,8",4XL,black,Softshell jacket Ryan black 4XL,Softshell jacket Ryan black 4XL,"Deze hoogwaardige softshell biedt comfort en functionaliteit. Voorzien van zakken met ritssluiting, dubbel gestikte naden en een gsm-zakje op de mouw. Gemaakt van 3-laags ademend en waterafstotend materiaal, met een verstelbaar trekkoord aan de onderzijde. Ideaal voor werk en vrije tijd. Waterdicht tot 8.000 mm.",https://tghimages.nl/B2B_SSM_BLACK_FRONT.JPG
B2B-SSM,B2B Softshell jacket Ryan,B2B-SSMBL08,1,Back To Basics,,B2B-SSMBL08,B2B Softshell jacket Ryan,"6,10E+12",1,"53,9",5XL,black,Softshell jacket Ryan black 5XL,Softshell jacket Ryan black 5XL,"Deze hoogwaardige softshell biedt comfort en functionaliteit. Voorzien van zakken met ritssluiting, dubbel gestikte naden en een gsm-zakje op de mouw. Gemaakt van 3-laags ademend en waterafstotend materiaal, met een verstelbaar trekkoord aan de onderzijde. Ideaal voor werk en vrije tijd. Waterdicht tot 8.000 mm.",https://tghimages.nl/B2B_SSM_BLACK_FRONT.JPG
B2B-SSM,B2B Softshell jacket Ryan,B2B-SSMBL09,1,Back To Basics,,B2B-SSMBL09,B2B Softshell jacket Ryan,"6,10E+12",1,54,6XL,black,Softshell jacket Ryan black 6XL,Softshell jacket Ryan black 6XL,"Deze hoogwaardige softshell biedt comfort en functionaliteit. Voorzien van zakken met ritssluiting, dubbel gestikte naden en een gsm-zakje op de mouw. Gemaakt van 3-laags ademend en waterafstotend materiaal, met een verstelbaar trekkoord aan de onderzijde. Ideaal voor werk en vrije tijd. Waterdicht tot 8.000 mm.",https://tghimages.nl/B2B_SSM_BLACK_FRONT.JPG
B2B-SSM,B2B Softshell jacket Ryan,B2B-SSMBL10,1,Back To Basics,,B2B-SSMBL10,B2B Softshell jacket Ryan,"6,10E+12",1,"54,1",7XL,black,Softshell jacket Ryan black 7XL,Softshell jacket Ryan black 7XL,"Deze hoogwaardige softshell biedt comfort en functionaliteit. Voorzien van zakken met ritssluiting, dubbel gestikte naden en een gsm-zakje op de mouw. Gemaakt van 3-laags ademend en waterafstotend materiaal, met een verstelbaar trekkoord aan de onderzijde. Ideaal voor werk en vrije tijd. Waterdicht tot 8.000 mm.",https://tghimages.nl/B2B_SSM_BLACK_FRONT.JPG
B2B-SSM,B2B Softshell jacket Ryan,B2B-SSMNA00,1,Back To Basics,,B2B-SSMNA00,B2B Softshell jacket Ryan,"6,10E+12",1,"54,2",XS,navy,Softshell jacket Ryan navy XS,Softshell jacket Ryan navy XS,"Deze hoogwaardige softshell biedt comfort en functionaliteit. Voorzien van zakken met ritssluiting, dubbel gestikte naden en een gsm-zakje op de mouw. Gemaakt van 3-laags ademend en waterafstotend materiaal, met een verstelbaar trekkoord aan de onderzijde. Ideaal voor werk en vrije tijd. Waterdicht tot 8.000 mm.",https://tghimages.nl/B2B_SSM_NAVY_FRONT.JPG
B2B-SSM,B2B Softshell jacket Ryan,B2B-SSMNA01,1,Back To Basics,,B2B-SSMNA01,B2B Softshell jacket Ryan,"6,10E+12",1,"54,3",S,navy,Softshell jacket Ryan navy S,Softshell jacket Ryan navy S,"Deze hoogwaardige softshell biedt comfort en functionaliteit. Voorzien van zakken met ritssluiting, dubbel gestikte naden en een gsm-zakje op de mouw. Gemaakt van 3-laags ademend en waterafstotend materiaal, met een verstelbaar trekkoord aan de onderzijde. Ideaal voor werk en vrije tijd. Waterdicht tot 8.000 mm.",https://tghimages.nl/B2B_SSM_NAVY_FRONT.JPG
B2B-SSM,B2B Softshell jacket Ryan,B2B-SSMNA02,1,Back To Basics,,B2B-SSMNA02,B2B Softshell jacket Ryan,"6,10E+12",1,"54,4",M,navy,Softshell jacket Ryan navy M,Softshell jacket Ryan navy M,"Deze hoogwaardige softshell biedt comfort en functionaliteit. Voorzien van zakken met ritssluiting, dubbel gestikte naden en een gsm-zakje op de mouw. Gemaakt van 3-laags ademend en waterafstotend materiaal, met een verstelbaar trekkoord aan de onderzijde. Ideaal voor werk en vrije tijd. Waterdicht tot 8.000 mm.",https://tghimages.nl/B2B_SSM_NAVY_FRONT.JPG
B2B-SSM,B2B Softshell jacket Ryan,B2B-SSMNA03,1,Back To Basics,,B2B-SSMNA03,B2B Softshell jacket Ryan,"6,10E+12",1,"54,5",L,navy,Softshell jacket Ryan navy L,Softshell jacket Ryan navy L,"Deze hoogwaardige softshell biedt comfort en functionaliteit. Voorzien van zakken met ritssluiting, dubbel gestikte naden en een gsm-zakje op de mouw. Gemaakt van 3-laags ademend en waterafstotend materiaal, met een verstelbaar trekkoord aan de onderzijde. Ideaal voor werk en vrije tijd. Waterdicht tot 8.000 mm.",https://tghimages.nl/B2B_SSM_NAVY_FRONT.JPG
B2B-SSM,B2B Softshell jacket Ryan,B2B-SSMNA04,1,Back To Basics,,B2B-SSMNA04,B2B Softshell jacket Ryan,"6,10E+12",1,"54,6",XL,navy,Softshell jacket Ryan navy XL,Softshell jacket Ryan navy XL,"Deze hoogwaardige softshell biedt comfort en functionaliteit. Voorzien van zakken met ritssluiting, dubbel gestikte naden en een gsm-zakje op de mouw. Gemaakt van 3-laags ademend en waterafstotend materiaal, met een verstelbaar trekkoord aan de onderzijde. Ideaal voor werk en vrije tijd. Waterdicht tot 8.000 mm.",https://tghimages.nl/B2B_SSM_NAVY_FRONT.JPG
B2B-SSM,B2B Softshell jacket Ryan,B2B-SSMNA05,1,Back To Basics,,B2B-SSMNA05,B2B Softshell jacket Ryan,"6,10E+12",1,"54,7",XXL,navy,Softshell jacket Ryan navy XXL,Softshell jacket Ryan navy XXL,"Deze hoogwaardige softshell biedt comfort en functionaliteit. Voorzien van zakken met ritssluiting, dubbel gestikte naden en een gsm-zakje op de mouw. Gemaakt van 3-laags ademend en waterafstotend materiaal, met een verstelbaar trekkoord aan de onderzijde. Ideaal voor werk en vrije tijd. Waterdicht tot 8.000 mm.",https://tghimages.nl/B2B_SSM_NAVY_FRONT.JPG
B2B-SSM,B2B Softshell jacket Ryan,B2B-SSMNA06,1,Back To Basics,,B2B-SSMNA06,B2B Softshell jacket Ryan,"6,10E+12",1,"54,8",3XL,navy,Softshell jacket Ryan navy 3XL,Softshell jacket Ryan navy 3XL,"Deze hoogwaardige softshell biedt comfort en functionaliteit. Voorzien van zakken met ritssluiting, dubbel gestikte naden en een gsm-zakje op de mouw. Gemaakt van 3-laags ademend en waterafstotend materiaal, met een verstelbaar trekkoord aan de onderzijde. Ideaal voor werk en vrije tijd. Waterdicht tot 8.000 mm.",https://tghimages.nl/B2B_SSM_NAVY_FRONT.JPG
B2B-SSM,B2B Softshell jacket Ryan,B2B-SSMNA07,1,Back To Basics,,B2B-SSMNA07,B2B Softshell jacket Ryan,"6,10E+12",1,"54,9",4XL,navy,Softshell jacket Ryan navy 4XL,Softshell jacket Ryan navy 4XL,"Deze hoogwaardige softshell biedt comfort en functionaliteit. Voorzien van zakken met ritssluiting, dubbel gestikte naden en een gsm-zakje op de mouw. Gemaakt van 3-laags ademend en waterafstotend materiaal, met een verstelbaar trekkoord aan de onderzijde. Ideaal voor werk en vrije tijd. Waterdicht tot 8.000 mm.",https://tghimages.nl/B2B_SSM_NAVY_FRONT.JPG
B2B-SSM,B2B Softshell jacket Ryan,B2B-SSMNA08,1,Back To Basics,,B2B-SSMNA08,B2B Softshell jacket Ryan,"6,10E+12",1,55,5XL,navy,Softshell jacket Ryan navy 5XL,Softshell jacket Ryan navy 5XL,"Deze hoogwaardige softshell biedt comfort en functionaliteit. Voorzien van zakken met ritssluiting, dubbel gestikte naden en een gsm-zakje op de mouw. Gemaakt van 3-laags ademend en waterafstotend materiaal, met een verstelbaar trekkoord aan de onderzijde. Ideaal voor werk en vrije tijd. Waterdicht tot 8.000 mm.",https://tghimages.nl/B2B_SSM_NAVY_FRONT.JPG
B2B-SSM,B2B Softshell jacket Ryan,B2B-SSMNA09,1,Back To Basics,,B2B-SSMNA09,B2B Softshell jacket Ryan,"6,10E+12",1,"55,1",6XL,navy,Softshell jacket Ryan navy 6XL,Softshell jacket Ryan navy 6XL,"Deze hoogwaardige softshell biedt comfort en functionaliteit. Voorzien van zakken met ritssluiting, dubbel gestikte naden en een gsm-zakje op de mouw. Gemaakt van 3-laags ademend en waterafstotend materiaal, met een verstelbaar trekkoord aan de onderzijde. Ideaal voor werk en vrije tijd. Waterdicht tot 8.000 mm.",https://tghimages.nl/B2B_SSM_NAVY_FRONT.JPG
B2B-SSM,B2B Softshell jacket Ryan,B2B-SSMNA10,1,Back To Basics,,B2B-SSMNA10,B2B Softshell jacket Ryan,"6,10E+12",1,"55,2",7XL,navy,Softshell jacket Ryan navy 7XL,Softshell jacket Ryan navy 7XL,"Deze hoogwaardige softshell biedt comfort en functionaliteit. Voorzien van zakken met ritssluiting, dubbel gestikte naden en een gsm-zakje op de mouw. Gemaakt van 3-laags ademend en waterafstotend materiaal, met een verstelbaar trekkoord aan de onderzijde. Ideaal voor werk en vrije tijd. Waterdicht tot 8.000 mm.",https://tghimages.nl/B2B_SSM_NAVY_FRONT.JPG
B2B-SWJA,B2B Sweatjacket Noah,B2B-SWJAAN00,1,Back To Basics,,B2B-SWJAAN00,B2B Sweatjacket Noah,"6,10E+12",1,"55,3",XS,anthracite,Sweatjacket Noah anthracite XS,Sweatjacket Noah anthracite XS,"Deze moderne sweatjacket is ideaal voor dagelijks gebruik en biedt een combinatie van stijl en comfort. Gemaakt van 80% katoen en 20% gerecycled polyester met een gewicht van 280 gram, biedt deze jas een duurzame en hoogwaardige afwerking. Voorzien van handige ritsen in de zakken. Praktisch maar ook trendy dankzij de moderne fit. Perfect voor zowel casual als zakelijke gelegenheden.<br/><br/>- Dubbel gestikte naden, gekleurde nektape ter versteviging en 60°C wasbaar.<br/>- Geborstelde fleece aan de binnenkant voor meer draagcomfort, set-in mouwen, brede ribgebreide boorden.<br/>- 2 Zijzakken met rits. <br/>- 280-Grams sweatjacket, duurzaam vervaardigd uit 80% voorgekrompen katoen en 20% gerecycled polyester. <br/>- Neutraal, enkel maatlabel aanwezig, dus uitermate geschikt voor rebranding. <br/>- Hangtag en polybags met barcode.<br/>- Geschikt voor werk- & casual vrijetijdskleding.<br/>- Beschikbaar van maat XS t/m 7XL.<br/><br/>Ook mogelijk in uw gewenste PMS-kleur aan dezelfde prijs, minimaal 300 stuks door de maten heen.",https://tghimages.nl/B2B_SWJA_ANTHRACITE_FRONT.JPG
B2B-SWJA,B2B Sweatjacket Noah,B2B-SWJAAN01,1,Back To Basics,,B2B-SWJAAN01,B2B Sweatjacket Noah,"6,10E+12",1,"55,4",S,anthracite,Sweatjacket Noah anthracite S,Sweatjacket Noah anthracite S,"Deze moderne sweatjacket is ideaal voor dagelijks gebruik en biedt een combinatie van stijl en comfort. Gemaakt van 80% katoen en 20% gerecycled polyester met een gewicht van 280 gram, biedt deze jas een duurzame en hoogwaardige afwerking. Voorzien van handige ritsen in de zakken. Praktisch maar ook trendy dankzij de moderne fit. Perfect voor zowel casual als zakelijke gelegenheden.<br/><br/>- Dubbel gestikte naden, gekleurde nektape ter versteviging en 60°C wasbaar.<br/>- Geborstelde fleece aan de binnenkant voor meer draagcomfort, set-in mouwen, brede ribgebreide boorden.<br/>- 2 Zijzakken met rits. <br/>- 280-Grams sweatjacket, duurzaam vervaardigd uit 80% voorgekrompen katoen en 20% gerecycled polyester. <br/>- Neutraal, enkel maatlabel aanwezig, dus uitermate geschikt voor rebranding. <br/>- Hangtag en polybags met barcode.<br/>- Geschikt voor werk- & casual vrijetijdskleding.<br/>- Beschikbaar van maat XS t/m 7XL.<br/><br/>Ook mogelijk in uw gewenste PMS-kleur aan dezelfde prijs, minimaal 300 stuks door de maten heen.",https://tghimages.nl/B2B_SWJA_ANTHRACITE_FRONT.JPG
B2B-SWJA,B2B Sweatjacket Noah,B2B-SWJAAN02,1,Back To Basics,,B2B-SWJAAN02,B2B Sweatjacket Noah,"6,10E+12",1,"55,5",M,anthracite,Sweatjacket Noah anthracite M,Sweatjacket Noah anthracite M,"Deze moderne sweatjacket is ideaal voor dagelijks gebruik en biedt een combinatie van stijl en comfort. Gemaakt van 80% katoen en 20% gerecycled polyester met een gewicht van 280 gram, biedt deze jas een duurzame en hoogwaardige afwerking. Voorzien van handige ritsen in de zakken. Praktisch maar ook trendy dankzij de moderne fit. Perfect voor zowel casual als zakelijke gelegenheden.<br/><br/>- Dubbel gestikte naden, gekleurde nektape ter versteviging en 60°C wasbaar.<br/>- Geborstelde fleece aan de binnenkant voor meer draagcomfort, set-in mouwen, brede ribgebreide boorden.<br/>- 2 Zijzakken met rits. <br/>- 280-Grams sweatjacket, duurzaam vervaardigd uit 80% voorgekrompen katoen en 20% gerecycled polyester. <br/>- Neutraal, enkel maatlabel aanwezig, dus uitermate geschikt voor rebranding. <br/>- Hangtag en polybags met barcode.<br/>- Geschikt voor werk- & casual vrijetijdskleding.<br/>- Beschikbaar van maat XS t/m 7XL.<br/><br/>Ook mogelijk in uw gewenste PMS-kleur aan dezelfde prijs, minimaal 300 stuks door de maten heen.",https://tghimages.nl/B2B_SWJA_ANTHRACITE_FRONT.JPG
B2B-SWJA,B2B Sweatjacket Noah,B2B-SWJAAN03,1,Back To Basics,,B2B-SWJAAN03,B2B Sweatjacket Noah,"6,10E+12",1,"55,6",L,anthracite,Sweatjacket Noah anthracite L,Sweatjacket Noah anthracite L,"Deze moderne sweatjacket is ideaal voor dagelijks gebruik en biedt een combinatie van stijl en comfort. Gemaakt van 80% katoen en 20% gerecycled polyester met een gewicht van 280 gram, biedt deze jas een duurzame en hoogwaardige afwerking. Voorzien van handige ritsen in de zakken. Praktisch maar ook trendy dankzij de moderne fit. Perfect voor zowel casual als zakelijke gelegenheden.<br/><br/>- Dubbel gestikte naden, gekleurde nektape ter versteviging en 60°C wasbaar.<br/>- Geborstelde fleece aan de binnenkant voor meer draagcomfort, set-in mouwen, brede ribgebreide boorden.<br/>- 2 Zijzakken met rits. <br/>- 280-Grams sweatjacket, duurzaam vervaardigd uit 80% voorgekrompen katoen en 20% gerecycled polyester. <br/>- Neutraal, enkel maatlabel aanwezig, dus uitermate geschikt voor rebranding. <br/>- Hangtag en polybags met barcode.<br/>- Geschikt voor werk- & casual vrijetijdskleding.<br/>- Beschikbaar van maat XS t/m 7XL.<br/><br/>Ook mogelijk in uw gewenste PMS-kleur aan dezelfde prijs, minimaal 300 stuks door de maten heen.",https://tghimages.nl/B2B_SWJA_ANTHRACITE_FRONT.JPG
B2B-SWJA,B2B Sweatjacket Noah,B2B-SWJAAN04,1,Back To Basics,,B2B-SWJAAN04,B2B Sweatjacket Noah,"6,10E+12",1,"55,7",XL,anthracite,Sweatjacket Noah anthracite XL,Sweatjacket Noah anthracite XL,"Deze moderne sweatjacket is ideaal voor dagelijks gebruik en biedt een combinatie van stijl en comfort. Gemaakt van 80% katoen en 20% gerecycled polyester met een gewicht van 280 gram, biedt deze jas een duurzame en hoogwaardige afwerking. Voorzien van handige ritsen in de zakken. Praktisch maar ook trendy dankzij de moderne fit. Perfect voor zowel casual als zakelijke gelegenheden.<br/><br/>- Dubbel gestikte naden, gekleurde nektape ter versteviging en 60°C wasbaar.<br/>- Geborstelde fleece aan de binnenkant voor meer draagcomfort, set-in mouwen, brede ribgebreide boorden.<br/>- 2 Zijzakken met rits. <br/>- 280-Grams sweatjacket, duurzaam vervaardigd uit 80% voorgekrompen katoen en 20% gerecycled polyester. <br/>- Neutraal, enkel maatlabel aanwezig, dus uitermate geschikt voor rebranding. <br/>- Hangtag en polybags met barcode.<br/>- Geschikt voor werk- & casual vrijetijdskleding.<br/>- Beschikbaar van maat XS t/m 7XL.<br/><br/>Ook mogelijk in uw gewenste PMS-kleur aan dezelfde prijs, minimaal 300 stuks door de maten heen.",https://tghimages.nl/B2B_SWJA_ANTHRACITE_FRONT.JPG
B2B-SWJA,B2B Sweatjacket Noah,B2B-SWJAAN05,1,Back To Basics,,B2B-SWJAAN05,B2B Sweatjacket Noah,"6,10E+12",1,"55,8",XXL,anthracite,Sweatjacket Noah anthracite XXL,Sweatjacket Noah anthracite XXL,"Deze moderne sweatjacket is ideaal voor dagelijks gebruik en biedt een combinatie van stijl en comfort. Gemaakt van 80% katoen en 20% gerecycled polyester met een gewicht van 280 gram, biedt deze jas een duurzame en hoogwaardige afwerking. Voorzien van handige ritsen in de zakken. Praktisch maar ook trendy dankzij de moderne fit. Perfect voor zowel casual als zakelijke gelegenheden.<br/><br/>- Dubbel gestikte naden, gekleurde nektape ter versteviging en 60°C wasbaar.<br/>- Geborstelde fleece aan de binnenkant voor meer draagcomfort, set-in mouwen, brede ribgebreide boorden.<br/>- 2 Zijzakken met rits. <br/>- 280-Grams sweatjacket, duurzaam vervaardigd uit 80% voorgekrompen katoen en 20% gerecycled polyester. <br/>- Neutraal, enkel maatlabel aanwezig, dus uitermate geschikt voor rebranding. <br/>- Hangtag en polybags met barcode.<br/>- Geschikt voor werk- & casual vrijetijdskleding.<br/>- Beschikbaar van maat XS t/m 7XL.<br/><br/>Ook mogelijk in uw gewenste PMS-kleur aan dezelfde prijs, minimaal 300 stuks door de maten heen.",https://tghimages.nl/B2B_SWJA_ANTHRACITE_FRONT.JPG
B2B-SWJA,B2B Sweatjacket Noah,B2B-SWJAAN06,1,Back To Basics,,B2B-SWJAAN06,B2B Sweatjacket Noah,"6,10E+12",1,"55,9",3XL,anthracite,Sweatjacket Noah anthracite 3XL,Sweatjacket Noah anthracite 3XL,"Deze moderne sweatjacket is ideaal voor dagelijks gebruik en biedt een combinatie van stijl en comfort. Gemaakt van 80% katoen en 20% gerecycled polyester met een gewicht van 280 gram, biedt deze jas een duurzame en hoogwaardige afwerking. Voorzien van handige ritsen in de zakken. Praktisch maar ook trendy dankzij de moderne fit. Perfect voor zowel casual als zakelijke gelegenheden.<br/><br/>- Dubbel gestikte naden, gekleurde nektape ter versteviging en 60°C wasbaar.<br/>- Geborstelde fleece aan de binnenkant voor meer draagcomfort, set-in mouwen, brede ribgebreide boorden.<br/>- 2 Zijzakken met rits. <br/>- 280-Grams sweatjacket, duurzaam vervaardigd uit 80% voorgekrompen katoen en 20% gerecycled polyester. <br/>- Neutraal, enkel maatlabel aanwezig, dus uitermate geschikt voor rebranding. <br/>- Hangtag en polybags met barcode.<br/>- Geschikt voor werk- & casual vrijetijdskleding.<br/>- Beschikbaar van maat XS t/m 7XL.<br/><br/>Ook mogelijk in uw gewenste PMS-kleur aan dezelfde prijs, minimaal 300 stuks door de maten heen.",https://tghimages.nl/B2B_SWJA_ANTHRACITE_FRONT.JPG
B2B-SWJA,B2B Sweatjacket Noah,B2B-SWJAAN07,1,Back To Basics,,B2B-SWJAAN07,B2B Sweatjacket Noah,"6,10E+12",1,56,4XL,anthracite,Sweatjacket Noah anthracite 4XL,Sweatjacket Noah anthracite 4XL,"Deze moderne sweatjacket is ideaal voor dagelijks gebruik en biedt een combinatie van stijl en comfort. Gemaakt van 80% katoen en 20% gerecycled polyester met een gewicht van 280 gram, biedt deze jas een duurzame en hoogwaardige afwerking. Voorzien van handige ritsen in de zakken. Praktisch maar ook trendy dankzij de moderne fit. Perfect voor zowel casual als zakelijke gelegenheden.<br/><br/>- Dubbel gestikte naden, gekleurde nektape ter versteviging en 60°C wasbaar.<br/>- Geborstelde fleece aan de binnenkant voor meer draagcomfort, set-in mouwen, brede ribgebreide boorden.<br/>- 2 Zijzakken met rits. <br/>- 280-Grams sweatjacket, duurzaam vervaardigd uit 80% voorgekrompen katoen en 20% gerecycled polyester. <br/>- Neutraal, enkel maatlabel aanwezig, dus uitermate geschikt voor rebranding. <br/>- Hangtag en polybags met barcode.<br/>- Geschikt voor werk- & casual vrijetijdskleding.<br/>- Beschikbaar van maat XS t/m 7XL.<br/><br/>Ook mogelijk in uw gewenste PMS-kleur aan dezelfde prijs, minimaal 300 stuks door de maten heen.",https://tghimages.nl/B2B_SWJA_ANTHRACITE_FRONT.JPG
B2B-SWJA,B2B Sweatjacket Noah,B2B-SWJAAN08,1,Back To Basics,,B2B-SWJAAN08,B2B Sweatjacket Noah,"6,10E+12",1,"56,1",5XL,anthracite,Sweatjacket Noah anthracite 5XL,Sweatjacket Noah anthracite 5XL,"Deze moderne sweatjacket is ideaal voor dagelijks gebruik en biedt een combinatie van stijl en comfort. Gemaakt van 80% katoen en 20% gerecycled polyester met een gewicht van 280 gram, biedt deze jas een duurzame en hoogwaardige afwerking. Voorzien van handige ritsen in de zakken. Praktisch maar ook trendy dankzij de moderne fit. Perfect voor zowel casual als zakelijke gelegenheden.<br/><br/>- Dubbel gestikte naden, gekleurde nektape ter versteviging en 60°C wasbaar.<br/>- Geborstelde fleece aan de binnenkant voor meer draagcomfort, set-in mouwen, brede ribgebreide boorden.<br/>- 2 Zijzakken met rits. <br/>- 280-Grams sweatjacket, duurzaam vervaardigd uit 80% voorgekrompen katoen en 20% gerecycled polyester. <br/>- Neutraal, enkel maatlabel aanwezig, dus uitermate geschikt voor rebranding. <br/>- Hangtag en polybags met barcode.<br/>- Geschikt voor werk- & casual vrijetijdskleding.<br/>- Beschikbaar van maat XS t/m 7XL.<br/><br/>Ook mogelijk in uw gewenste PMS-kleur aan dezelfde prijs, minimaal 300 stuks door de maten heen.",https://tghimages.nl/B2B_SWJA_ANTHRACITE_FRONT.JPG
B2B-SWJA,B2B Sweatjacket Noah,B2B-SWJAAN09,1,Back To Basics,,B2B-SWJAAN09,B2B Sweatjacket Noah,"6,10E+12",1,"56,2",6XL,anthracite,Sweatjacket Noah anthracite 6XL,Sweatjacket Noah anthracite 6XL,"Deze moderne sweatjacket is ideaal voor dagelijks gebruik en biedt een combinatie van stijl en comfort. Gemaakt van 80% katoen en 20% gerecycled polyester met een gewicht van 280 gram, biedt deze jas een duurzame en hoogwaardige afwerking. Voorzien van handige ritsen in de zakken. Praktisch maar ook trendy dankzij de moderne fit. Perfect voor zowel casual als zakelijke gelegenheden.<br/><br/>- Dubbel gestikte naden, gekleurde nektape ter versteviging en 60°C wasbaar.<br/>- Geborstelde fleece aan de binnenkant voor meer draagcomfort, set-in mouwen, brede ribgebreide boorden.<br/>- 2 Zijzakken met rits. <br/>- 280-Grams sweatjacket, duurzaam vervaardigd uit 80% voorgekrompen katoen en 20% gerecycled polyester. <br/>- Neutraal, enkel maatlabel aanwezig, dus uitermate geschikt voor rebranding. <br/>- Hangtag en polybags met barcode.<br/>- Geschikt voor werk- & casual vrijetijdskleding.<br/>- Beschikbaar van maat XS t/m 7XL.<br/><br/>Ook mogelijk in uw gewenste PMS-kleur aan dezelfde prijs, minimaal 300 stuks door de maten heen.",https://tghimages.nl/B2B_SWJA_ANTHRACITE_FRONT.JPG
B2B-SWJA,B2B Sweatjacket Noah,B2B-SWJAAN10,1,Back To Basics,,B2B-SWJAAN10,B2B Sweatjacket Noah,"6,10E+12",1,"56,3",7XL,anthracite,Sweatjacket Noah anthracite 7XL,Sweatjacket Noah anthracite 7XL,"Deze moderne sweatjacket is ideaal voor dagelijks gebruik en biedt een combinatie van stijl en comfort. Gemaakt van 80% katoen en 20% gerecycled polyester met een gewicht van 280 gram, biedt deze jas een duurzame en hoogwaardige afwerking. Voorzien van handige ritsen in de zakken. Praktisch maar ook trendy dankzij de moderne fit. Perfect voor zowel casual als zakelijke gelegenheden.<br/><br/>- Dubbel gestikte naden, gekleurde nektape ter versteviging en 60°C wasbaar.<br/>- Geborstelde fleece aan de binnenkant voor meer draagcomfort, set-in mouwen, brede ribgebreide boorden.<br/>- 2 Zijzakken met rits. <br/>- 280-Grams sweatjacket, duurzaam vervaardigd uit 80% voorgekrompen katoen en 20% gerecycled polyester. <br/>- Neutraal, enkel maatlabel aanwezig, dus uitermate geschikt voor rebranding. <br/>- Hangtag en polybags met barcode.<br/>- Geschikt voor werk- & casual vrijetijdskleding.<br/>- Beschikbaar van maat XS t/m 7XL.<br/><br/>Ook mogelijk in uw gewenste PMS-kleur aan dezelfde prijs, minimaal 300 stuks door de maten heen.",https://tghimages.nl/B2B_SWJA_ANTHRACITE_FRONT.JPG
B2B-SWJA,B2B Sweatjacket Noah,B2B-SWJABL00,1,Back To Basics,,B2B-SWJABL00,B2B Sweatjacket Noah,"6,10E+12",1,"56,4",XS,black,Sweatjacket Noah black XS,Sweatjacket Noah black XS,"Deze moderne sweatjacket is ideaal voor dagelijks gebruik en biedt een combinatie van stijl en comfort. Gemaakt van 80% katoen en 20% gerecycled polyester met een gewicht van 280 gram, biedt deze jas een duurzame en hoogwaardige afwerking. Voorzien van handige ritsen in de zakken. Praktisch maar ook trendy dankzij de moderne fit. Perfect voor zowel casual als zakelijke gelegenheden.<br/><br/>- Dubbel gestikte naden, gekleurde nektape ter versteviging en 60°C wasbaar.<br/>- Geborstelde fleece aan de binnenkant voor meer draagcomfort, set-in mouwen, brede ribgebreide boorden.<br/>- 2 Zijzakken met rits. <br/>- 280-Grams sweatjacket, duurzaam vervaardigd uit 80% voorgekrompen katoen en 20% gerecycled polyester. <br/>- Neutraal, enkel maatlabel aanwezig, dus uitermate geschikt voor rebranding. <br/>- Hangtag en polybags met barcode.<br/>- Geschikt voor werk- & casual vrijetijdskleding.<br/>- Beschikbaar van maat XS t/m 7XL.<br/><br/>Ook mogelijk in uw gewenste PMS-kleur aan dezelfde prijs, minimaal 300 stuks door de maten heen.",https://tghimages.nl/B2B_SWJA_BLACK_FRONT.JPG
B2B-SWJA,B2B Sweatjacket Noah,B2B-SWJABL01,1,Back To Basics,,B2B-SWJABL01,B2B Sweatjacket Noah,"6,10E+12",1,"56,5",S,black,Sweatjacket Noah black S,Sweatjacket Noah black S,"Deze moderne sweatjacket is ideaal voor dagelijks gebruik en biedt een combinatie van stijl en comfort. Gemaakt van 80% katoen en 20% gerecycled polyester met een gewicht van 280 gram, biedt deze jas een duurzame en hoogwaardige afwerking. Voorzien van handige ritsen in de zakken. Praktisch maar ook trendy dankzij de moderne fit. Perfect voor zowel casual als zakelijke gelegenheden.<br/><br/>- Dubbel gestikte naden, gekleurde nektape ter versteviging en 60°C wasbaar.<br/>- Geborstelde fleece aan de binnenkant voor meer draagcomfort, set-in mouwen, brede ribgebreide boorden.<br/>- 2 Zijzakken met rits. <br/>- 280-Grams sweatjacket, duurzaam vervaardigd uit 80% voorgekrompen katoen en 20% gerecycled polyester. <br/>- Neutraal, enkel maatlabel aanwezig, dus uitermate geschikt voor rebranding. <br/>- Hangtag en polybags met barcode.<br/>- Geschikt voor werk- & casual vrijetijdskleding.<br/>- Beschikbaar van maat XS t/m 7XL.<br/><br/>Ook mogelijk in uw gewenste PMS-kleur aan dezelfde prijs, minimaal 300 stuks door de maten heen.",https://tghimages.nl/B2B_SWJA_BLACK_FRONT.JPG
B2B-SWJA,B2B Sweatjacket Noah,B2B-SWJABL02,1,Back To Basics,,B2B-SWJABL02,B2B Sweatjacket Noah,"6,10E+12",1,"56,6",M,black,Sweatjacket Noah black M,Sweatjacket Noah black M,"Deze moderne sweatjacket is ideaal voor dagelijks gebruik en biedt een combinatie van stijl en comfort. Gemaakt van 80% katoen en 20% gerecycled polyester met een gewicht van 280 gram, biedt deze jas een duurzame en hoogwaardige afwerking. Voorzien van handige ritsen in de zakken. Praktisch maar ook trendy dankzij de moderne fit. Perfect voor zowel casual als zakelijke gelegenheden.<br/><br/>- Dubbel gestikte naden, gekleurde nektape ter versteviging en 60°C wasbaar.<br/>- Geborstelde fleece aan de binnenkant voor meer draagcomfort, set-in mouwen, brede ribgebreide boorden.<br/>- 2 Zijzakken met rits. <br/>- 280-Grams sweatjacket, duurzaam vervaardigd uit 80% voorgekrompen katoen en 20% gerecycled polyester. <br/>- Neutraal, enkel maatlabel aanwezig, dus uitermate geschikt voor rebranding. <br/>- Hangtag en polybags met barcode.<br/>- Geschikt voor werk- & casual vrijetijdskleding.<br/>- Beschikbaar van maat XS t/m 7XL.<br/><br/>Ook mogelijk in uw gewenste PMS-kleur aan dezelfde prijs, minimaal 300 stuks door de maten heen.",https://tghimages.nl/B2B_SWJA_BLACK_FRONT.JPG
B2B-SWJA,B2B Sweatjacket Noah,B2B-SWJABL03,1,Back To Basics,,B2B-SWJABL03,B2B Sweatjacket Noah,"6,10E+12",1,"56,7",L,black,Sweatjacket Noah black L,Sweatjacket Noah black L,"Deze moderne sweatjacket is ideaal voor dagelijks gebruik en biedt een combinatie van stijl en comfort. Gemaakt van 80% katoen en 20% gerecycled polyester met een gewicht van 280 gram, biedt deze jas een duurzame en hoogwaardige afwerking. Voorzien van handige ritsen in de zakken. Praktisch maar ook trendy dankzij de moderne fit. Perfect voor zowel casual als zakelijke gelegenheden.<br/><br/>- Dubbel gestikte naden, gekleurde nektape ter versteviging en 60°C wasbaar.<br/>- Geborstelde fleece aan de binnenkant voor meer draagcomfort, set-in mouwen, brede ribgebreide boorden.<br/>- 2 Zijzakken met rits. <br/>- 280-Grams sweatjacket, duurzaam vervaardigd uit 80% voorgekrompen katoen en 20% gerecycled polyester. <br/>- Neutraal, enkel maatlabel aanwezig, dus uitermate geschikt voor rebranding. <br/>- Hangtag en polybags met barcode.<br/>- Geschikt voor werk- & casual vrijetijdskleding.<br/>- Beschikbaar van maat XS t/m 7XL.<br/><br/>Ook mogelijk in uw gewenste PMS-kleur aan dezelfde prijs, minimaal 300 stuks door de maten heen.",https://tghimages.nl/B2B_SWJA_BLACK_FRONT.JPG
B2B-SWJA,B2B Sweatjacket Noah,B2B-SWJABL04,1,Back To Basics,,B2B-SWJABL04,B2B Sweatjacket Noah,"6,10E+12",1,"56,8",XL,black,Sweatjacket Noah black XL,Sweatjacket Noah black XL,"Deze moderne sweatjacket is ideaal voor dagelijks gebruik en biedt een combinatie van stijl en comfort. Gemaakt van 80% katoen en 20% gerecycled polyester met een gewicht van 280 gram, biedt deze jas een duurzame en hoogwaardige afwerking. Voorzien van handige ritsen in de zakken. Praktisch maar ook trendy dankzij de moderne fit. Perfect voor zowel casual als zakelijke gelegenheden.<br/><br/>- Dubbel gestikte naden, gekleurde nektape ter versteviging en 60°C wasbaar.<br/>- Geborstelde fleece aan de binnenkant voor meer draagcomfort, set-in mouwen, brede ribgebreide boorden.<br/>- 2 Zijzakken met rits. <br/>- 280-Grams sweatjacket, duurzaam vervaardigd uit 80% voorgekrompen katoen en 20% gerecycled polyester. <br/>- Neutraal, enkel maatlabel aanwezig, dus uitermate geschikt voor rebranding. <br/>- Hangtag en polybags met barcode.<br/>- Geschikt voor werk- & casual vrijetijdskleding.<br/>- Beschikbaar van maat XS t/m 7XL.<br/><br/>Ook mogelijk in uw gewenste PMS-kleur aan dezelfde prijs, minimaal 300 stuks door de maten heen.",https://tghimages.nl/B2B_SWJA_BLACK_FRONT.JPG
B2B-SWJA,B2B Sweatjacket Noah,B2B-SWJABL05,1,Back To Basics,,B2B-SWJABL05,B2B Sweatjacket Noah,"6,10E+12",1,"56,9",XXL,black,Sweatjacket Noah black XXL,Sweatjacket Noah black XXL,"Deze moderne sweatjacket is ideaal voor dagelijks gebruik en biedt een combinatie van stijl en comfort. Gemaakt van 80% katoen en 20% gerecycled polyester met een gewicht van 280 gram, biedt deze jas een duurzame en hoogwaardige afwerking. Voorzien van handige ritsen in de zakken. Praktisch maar ook trendy dankzij de moderne fit. Perfect voor zowel casual als zakelijke gelegenheden.<br/><br/>- Dubbel gestikte naden, gekleurde nektape ter versteviging en 60°C wasbaar.<br/>- Geborstelde fleece aan de binnenkant voor meer draagcomfort, set-in mouwen, brede ribgebreide boorden.<br/>- 2 Zijzakken met rits. <br/>- 280-Grams sweatjacket, duurzaam vervaardigd uit 80% voorgekrompen katoen en 20% gerecycled polyester. <br/>- Neutraal, enkel maatlabel aanwezig, dus uitermate geschikt voor rebranding. <br/>- Hangtag en polybags met barcode.<br/>- Geschikt voor werk- & casual vrijetijdskleding.<br/>- Beschikbaar van maat XS t/m 7XL.<br/><br/>Ook mogelijk in uw gewenste PMS-kleur aan dezelfde prijs, minimaal 300 stuks door de maten heen.",https://tghimages.nl/B2B_SWJA_BLACK_FRONT.JPG
B2B-SWJA,B2B Sweatjacket Noah,B2B-SWJABL06,1,Back To Basics,,B2B-SWJABL06,B2B Sweatjacket Noah,"6,10E+12",1,57,3XL,black,Sweatjacket Noah black 3XL,Sweatjacket Noah black 3XL,"Deze moderne sweatjacket is ideaal voor dagelijks gebruik en biedt een combinatie van stijl en comfort. Gemaakt van 80% katoen en 20% gerecycled polyester met een gewicht van 280 gram, biedt deze jas een duurzame en hoogwaardige afwerking. Voorzien van handige ritsen in de zakken. Praktisch maar ook trendy dankzij de moderne fit. Perfect voor zowel casual als zakelijke gelegenheden.<br/><br/>- Dubbel gestikte naden, gekleurde nektape ter versteviging en 60°C wasbaar.<br/>- Geborstelde fleece aan de binnenkant voor meer draagcomfort, set-in mouwen, brede ribgebreide boorden.<br/>- 2 Zijzakken met rits. <br/>- 280-Grams sweatjacket, duurzaam vervaardigd uit 80% voorgekrompen katoen en 20% gerecycled polyester. <br/>- Neutraal, enkel maatlabel aanwezig, dus uitermate geschikt voor rebranding. <br/>- Hangtag en polybags met barcode.<br/>- Geschikt voor werk- & casual vrijetijdskleding.<br/>- Beschikbaar van maat XS t/m 7XL.<br/><br/>Ook mogelijk in uw gewenste PMS-kleur aan dezelfde prijs, minimaal 300 stuks door de maten heen.",https://tghimages.nl/B2B_SWJA_BLACK_FRONT.JPG
B2B-SWJA,B2B Sweatjacket Noah,B2B-SWJABL07,1,Back To Basics,,B2B-SWJABL07,B2B Sweatjacket Noah,"6,10E+12",1,"57,1",4XL,black,Sweatjacket Noah black 4XL,Sweatjacket Noah black 4XL,"Deze moderne sweatjacket is ideaal voor dagelijks gebruik en biedt een combinatie van stijl en comfort. Gemaakt van 80% katoen en 20% gerecycled polyester met een gewicht van 280 gram, biedt deze jas een duurzame en hoogwaardige afwerking. Voorzien van handige ritsen in de zakken. Praktisch maar ook trendy dankzij de moderne fit. Perfect voor zowel casual als zakelijke gelegenheden.<br/><br/>- Dubbel gestikte naden, gekleurde nektape ter versteviging en 60°C wasbaar.<br/>- Geborstelde fleece aan de binnenkant voor meer draagcomfort, set-in mouwen, brede ribgebreide boorden.<br/>- 2 Zijzakken met rits. <br/>- 280-Grams sweatjacket, duurzaam vervaardigd uit 80% voorgekrompen katoen en 20% gerecycled polyester. <br/>- Neutraal, enkel maatlabel aanwezig, dus uitermate geschikt voor rebranding. <br/>- Hangtag en polybags met barcode.<br/>- Geschikt voor werk- & casual vrijetijdskleding.<br/>- Beschikbaar van maat XS t/m 7XL.<br/><br/>Ook mogelijk in uw gewenste PMS-kleur aan dezelfde prijs, minimaal 300 stuks door de maten heen.",https://tghimages.nl/B2B_SWJA_BLACK_FRONT.JPG
B2B-SWJA,B2B Sweatjacket Noah,B2B-SWJABL08,1,Back To Basics,,B2B-SWJABL08,B2B Sweatjacket Noah,"6,10E+12",1,"57,2",5XL,black,Sweatjacket Noah black 5XL,Sweatjacket Noah black 5XL,"Deze moderne sweatjacket is ideaal voor dagelijks gebruik en biedt een combinatie van stijl en comfort. Gemaakt van 80% katoen en 20% gerecycled polyester met een gewicht van 280 gram, biedt deze jas een duurzame en hoogwaardige afwerking. Voorzien van handige ritsen in de zakken. Praktisch maar ook trendy dankzij de moderne fit. Perfect voor zowel casual als zakelijke gelegenheden.<br/><br/>- Dubbel gestikte naden, gekleurde nektape ter versteviging en 60°C wasbaar.<br/>- Geborstelde fleece aan de binnenkant voor meer draagcomfort, set-in mouwen, brede ribgebreide boorden.<br/>- 2 Zijzakken met rits. <br/>- 280-Grams sweatjacket, duurzaam vervaardigd uit 80% voorgekrompen katoen en 20% gerecycled polyester. <br/>- Neutraal, enkel maatlabel aanwezig, dus uitermate geschikt voor rebranding. <br/>- Hangtag en polybags met barcode.<br/>- Geschikt voor werk- & casual vrijetijdskleding.<br/>- Beschikbaar van maat XS t/m 7XL.<br/><br/>Ook mogelijk in uw gewenste PMS-kleur aan dezelfde prijs, minimaal 300 stuks door de maten heen.",https://tghimages.nl/B2B_SWJA_BLACK_FRONT.JPG
B2B-SWJA,B2B Sweatjacket Noah,B2B-SWJABL09,1,Back To Basics,,B2B-SWJABL09,B2B Sweatjacket Noah,"6,10E+12",1,"57,3",6XL,black,Sweatjacket Noah black 6XL,Sweatjacket Noah black 6XL,"Deze moderne sweatjacket is ideaal voor dagelijks gebruik en biedt een combinatie van stijl en comfort. Gemaakt van 80% katoen en 20% gerecycled polyester met een gewicht van 280 gram, biedt deze jas een duurzame en hoogwaardige afwerking. Voorzien van handige ritsen in de zakken. Praktisch maar ook trendy dankzij de moderne fit. Perfect voor zowel casual als zakelijke gelegenheden.<br/><br/>- Dubbel gestikte naden, gekleurde nektape ter versteviging en 60°C wasbaar.<br/>- Geborstelde fleece aan de binnenkant voor meer draagcomfort, set-in mouwen, brede ribgebreide boorden.<br/>- 2 Zijzakken met rits. <br/>- 280-Grams sweatjacket, duurzaam vervaardigd uit 80% voorgekrompen katoen en 20% gerecycled polyester. <br/>- Neutraal, enkel maatlabel aanwezig, dus uitermate geschikt voor rebranding. <br/>- Hangtag en polybags met barcode.<br/>- Geschikt voor werk- & casual vrijetijdskleding.<br/>- Beschikbaar van maat XS t/m 7XL.<br/><br/>Ook mogelijk in uw gewenste PMS-kleur aan dezelfde prijs, minimaal 300 stuks door de maten heen.",https://tghimages.nl/B2B_SWJA_BLACK_FRONT.JPG
B2B-SWJA,B2B Sweatjacket Noah,B2B-SWJABL10,1,Back To Basics,,B2B-SWJABL10,B2B Sweatjacket Noah,"6,10E+12",1,"57,4",7XL,black,Sweatjacket Noah black 7XL,Sweatjacket Noah black 7XL,"Deze moderne sweatjacket is ideaal voor dagelijks gebruik en biedt een combinatie van stijl en comfort. Gemaakt van 80% katoen en 20% gerecycled polyester met een gewicht van 280 gram, biedt deze jas een duurzame en hoogwaardige afwerking. Voorzien van handige ritsen in de zakken. Praktisch maar ook trendy dankzij de moderne fit. Perfect voor zowel casual als zakelijke gelegenheden.<br/><br/>- Dubbel gestikte naden, gekleurde nektape ter versteviging en 60°C wasbaar.<br/>- Geborstelde fleece aan de binnenkant voor meer draagcomfort, set-in mouwen, brede ribgebreide boorden.<br/>- 2 Zijzakken met rits. <br/>- 280-Grams sweatjacket, duurzaam vervaardigd uit 80% voorgekrompen katoen en 20% gerecycled polyester. <br/>- Neutraal, enkel maatlabel aanwezig, dus uitermate geschikt voor rebranding. <br/>- Hangtag en polybags met barcode.<br/>- Geschikt voor werk- & casual vrijetijdskleding.<br/>- Beschikbaar van maat XS t/m 7XL.<br/><br/>Ook mogelijk in uw gewenste PMS-kleur aan dezelfde prijs, minimaal 300 stuks door de maten heen.",https://tghimages.nl/B2B_SWJA_BLACK_FRONT.JPG
B2B-SWJA,B2B Sweatjacket Noah,B2B-SWJANA00,1,Back To Basics,,B2B-SWJANA00,B2B Sweatjacket Noah,"6,10E+12",1,"57,5",XS,navy,Sweatjacket Noah navy XS,Sweatjacket Noah navy XS,"Deze moderne sweatjacket is ideaal voor dagelijks gebruik en biedt een combinatie van stijl en comfort. Gemaakt van 80% katoen en 20% gerecycled polyester met een gewicht van 280 gram, biedt deze jas een duurzame en hoogwaardige afwerking. Voorzien van handige ritsen in de zakken. Praktisch maar ook trendy dankzij de moderne fit. Perfect voor zowel casual als zakelijke gelegenheden.<br/><br/>- Dubbel gestikte naden, gekleurde nektape ter versteviging en 60°C wasbaar.<br/>- Geborstelde fleece aan de binnenkant voor meer draagcomfort, set-in mouwen, brede ribgebreide boorden.<br/>- 2 Zijzakken met rits. <br/>- 280-Grams sweatjacket, duurzaam vervaardigd uit 80% voorgekrompen katoen en 20% gerecycled polyester. <br/>- Neutraal, enkel maatlabel aanwezig, dus uitermate geschikt voor rebranding. <br/>- Hangtag en polybags met barcode.<br/>- Geschikt voor werk- & casual vrijetijdskleding.<br/>- Beschikbaar van maat XS t/m 7XL.<br/><br/>Ook mogelijk in uw gewenste PMS-kleur aan dezelfde prijs, minimaal 300 stuks door de maten heen.",https://tghimages.nl/B2B_SWJA_NAVY_FRONT.JPG
B2B-SWJA,B2B Sweatjacket Noah,B2B-SWJANA01,1,Back To Basics,,B2B-SWJANA01,B2B Sweatjacket Noah,"6,10E+12",1,"57,6",S,navy,Sweatjacket Noah navy S,Sweatjacket Noah navy S,"Deze moderne sweatjacket is ideaal voor dagelijks gebruik en biedt een combinatie van stijl en comfort. Gemaakt van 80% katoen en 20% gerecycled polyester met een gewicht van 280 gram, biedt deze jas een duurzame en hoogwaardige afwerking. Voorzien van handige ritsen in de zakken. Praktisch maar ook trendy dankzij de moderne fit. Perfect voor zowel casual als zakelijke gelegenheden.<br/><br/>- Dubbel gestikte naden, gekleurde nektape ter versteviging en 60°C wasbaar.<br/>- Geborstelde fleece aan de binnenkant voor meer draagcomfort, set-in mouwen, brede ribgebreide boorden.<br/>- 2 Zijzakken met rits. <br/>- 280-Grams sweatjacket, duurzaam vervaardigd uit 80% voorgekrompen katoen en 20% gerecycled polyester. <br/>- Neutraal, enkel maatlabel aanwezig, dus uitermate geschikt voor rebranding. <br/>- Hangtag en polybags met barcode.<br/>- Geschikt voor werk- & casual vrijetijdskleding.<br/>- Beschikbaar van maat XS t/m 7XL.<br/><br/>Ook mogelijk in uw gewenste PMS-kleur aan dezelfde prijs, minimaal 300 stuks door de maten heen.",https://tghimages.nl/B2B_SWJA_NAVY_FRONT.JPG
B2B-SWJA,B2B Sweatjacket Noah,B2B-SWJANA02,1,Back To Basics,,B2B-SWJANA02,B2B Sweatjacket Noah,"6,10E+12",1,"57,7",M,navy,Sweatjacket Noah navy M,Sweatjacket Noah navy M,"Deze moderne sweatjacket is ideaal voor dagelijks gebruik en biedt een combinatie van stijl en comfort. Gemaakt van 80% katoen en 20% gerecycled polyester met een gewicht van 280 gram, biedt deze jas een duurzame en hoogwaardige afwerking. Voorzien van handige ritsen in de zakken. Praktisch maar ook trendy dankzij de moderne fit. Perfect voor zowel casual als zakelijke gelegenheden.<br/><br/>- Dubbel gestikte naden, gekleurde nektape ter versteviging en 60°C wasbaar.<br/>- Geborstelde fleece aan de binnenkant voor meer draagcomfort, set-in mouwen, brede ribgebreide boorden.<br/>- 2 Zijzakken met rits. <br/>- 280-Grams sweatjacket, duurzaam vervaardigd uit 80% voorgekrompen katoen en 20% gerecycled polyester. <br/>- Neutraal, enkel maatlabel aanwezig, dus uitermate geschikt voor rebranding. <br/>- Hangtag en polybags met barcode.<br/>- Geschikt voor werk- & casual vrijetijdskleding.<br/>- Beschikbaar van maat XS t/m 7XL.<br/><br/>Ook mogelijk in uw gewenste PMS-kleur aan dezelfde prijs, minimaal 300 stuks door de maten heen.",https://tghimages.nl/B2B_SWJA_NAVY_FRONT.JPG
B2B-SWJA,B2B Sweatjacket Noah,B2B-SWJANA03,1,Back To Basics,,B2B-SWJANA03,B2B Sweatjacket Noah,"6,10E+12",1,"57,8",L,navy,Sweatjacket Noah navy L,Sweatjacket Noah navy L,"Deze moderne sweatjacket is ideaal voor dagelijks gebruik en biedt een combinatie van stijl en comfort. Gemaakt van 80% katoen en 20% gerecycled polyester met een gewicht van 280 gram, biedt deze jas een duurzame en hoogwaardige afwerking. Voorzien van handige ritsen in de zakken. Praktisch maar ook trendy dankzij de moderne fit. Perfect voor zowel casual als zakelijke gelegenheden.<br/><br/>- Dubbel gestikte naden, gekleurde nektape ter versteviging en 60°C wasbaar.<br/>- Geborstelde fleece aan de binnenkant voor meer draagcomfort, set-in mouwen, brede ribgebreide boorden.<br/>- 2 Zijzakken met rits. <br/>- 280-Grams sweatjacket, duurzaam vervaardigd uit 80% voorgekrompen katoen en 20% gerecycled polyester. <br/>- Neutraal, enkel maatlabel aanwezig, dus uitermate geschikt voor rebranding. <br/>- Hangtag en polybags met barcode.<br/>- Geschikt voor werk- & casual vrijetijdskleding.<br/>- Beschikbaar van maat XS t/m 7XL.<br/><br/>Ook mogelijk in uw gewenste PMS-kleur aan dezelfde prijs, minimaal 300 stuks door de maten heen.",https://tghimages.nl/B2B_SWJA_NAVY_FRONT.JPG
B2B-SWJA,B2B Sweatjacket Noah,B2B-SWJANA04,1,Back To Basics,,B2B-SWJANA04,B2B Sweatjacket Noah,"6,10E+12",1,"57,9",XL,navy,Sweatjacket Noah navy XL,Sweatjacket Noah navy XL,"Deze moderne sweatjacket is ideaal voor dagelijks gebruik en biedt een combinatie van stijl en comfort. Gemaakt van 80% katoen en 20% gerecycled polyester met een gewicht van 280 gram, biedt deze jas een duurzame en hoogwaardige afwerking. Voorzien van handige ritsen in de zakken. Praktisch maar ook trendy dankzij de moderne fit. Perfect voor zowel casual als zakelijke gelegenheden.<br/><br/>- Dubbel gestikte naden, gekleurde nektape ter versteviging en 60°C wasbaar.<br/>- Geborstelde fleece aan de binnenkant voor meer draagcomfort, set-in mouwen, brede ribgebreide boorden.<br/>- 2 Zijzakken met rits. <br/>- 280-Grams sweatjacket, duurzaam vervaardigd uit 80% voorgekrompen katoen en 20% gerecycled polyester. <br/>- Neutraal, enkel maatlabel aanwezig, dus uitermate geschikt voor rebranding. <br/>- Hangtag en polybags met barcode.<br/>- Geschikt voor werk- & casual vrijetijdskleding.<br/>- Beschikbaar van maat XS t/m 7XL.<br/><br/>Ook mogelijk in uw gewenste PMS-kleur aan dezelfde prijs, minimaal 300 stuks door de maten heen.",https://tghimages.nl/B2B_SWJA_NAVY_FRONT.JPG
B2B-SWJA,B2B Sweatjacket Noah,B2B-SWJANA05,1,Back To Basics,,B2B-SWJANA05,B2B Sweatjacket Noah,"6,10E+12",1,58,XXL,navy,Sweatjacket Noah navy XXL,Sweatjacket Noah navy XXL,"Deze moderne sweatjacket is ideaal voor dagelijks gebruik en biedt een combinatie van stijl en comfort. Gemaakt van 80% katoen en 20% gerecycled polyester met een gewicht van 280 gram, biedt deze jas een duurzame en hoogwaardige afwerking. Voorzien van handige ritsen in de zakken. Praktisch maar ook trendy dankzij de moderne fit. Perfect voor zowel casual als zakelijke gelegenheden.<br/><br/>- Dubbel gestikte naden, gekleurde nektape ter versteviging en 60°C wasbaar.<br/>- Geborstelde fleece aan de binnenkant voor meer draagcomfort, set-in mouwen, brede ribgebreide boorden.<br/>- 2 Zijzakken met rits. <br/>- 280-Grams sweatjacket, duurzaam vervaardigd uit 80% voorgekrompen katoen en 20% gerecycled polyester. <br/>- Neutraal, enkel maatlabel aanwezig, dus uitermate geschikt voor rebranding. <br/>- Hangtag en polybags met barcode.<br/>- Geschikt voor werk- & casual vrijetijdskleding.<br/>- Beschikbaar van maat XS t/m 7XL.<br/><br/>Ook mogelijk in uw gewenste PMS-kleur aan dezelfde prijs, minimaal 300 stuks door de maten heen.",https://tghimages.nl/B2B_SWJA_NAVY_FRONT.JPG
B2B-SWJA,B2B Sweatjacket Noah,B2B-SWJANA06,1,Back To Basics,,B2B-SWJANA06,B2B Sweatjacket Noah,"6,10E+12",1,"58,1",3XL,navy,Sweatjacket Noah navy 3XL,Sweatjacket Noah navy 3XL,"Deze moderne sweatjacket is ideaal voor dagelijks gebruik en biedt een combinatie van stijl en comfort. Gemaakt van 80% katoen en 20% gerecycled polyester met een gewicht van 280 gram, biedt deze jas een duurzame en hoogwaardige afwerking. Voorzien van handige ritsen in de zakken. Praktisch maar ook trendy dankzij de moderne fit. Perfect voor zowel casual als zakelijke gelegenheden.<br/><br/>- Dubbel gestikte naden, gekleurde nektape ter versteviging en 60°C wasbaar.<br/>- Geborstelde fleece aan de binnenkant voor meer draagcomfort, set-in mouwen, brede ribgebreide boorden.<br/>- 2 Zijzakken met rits. <br/>- 280-Grams sweatjacket, duurzaam vervaardigd uit 80% voorgekrompen katoen en 20% gerecycled polyester. <br/>- Neutraal, enkel maatlabel aanwezig, dus uitermate geschikt voor rebranding. <br/>- Hangtag en polybags met barcode.<br/>- Geschikt voor werk- & casual vrijetijdskleding.<br/>- Beschikbaar van maat XS t/m 7XL.<br/><br/>Ook mogelijk in uw gewenste PMS-kleur aan dezelfde prijs, minimaal 300 stuks door de maten heen.",https://tghimages.nl/B2B_SWJA_NAVY_FRONT.JPG
B2B-SWJA,B2B Sweatjacket Noah,B2B-SWJANA07,1,Back To Basics,,B2B-SWJANA07,B2B Sweatjacket Noah,"6,10E+12",1,"58,2",4XL,navy,Sweatjacket Noah navy 4XL,Sweatjacket Noah navy 4XL,"Deze moderne sweatjacket is ideaal voor dagelijks gebruik en biedt een combinatie van stijl en comfort. Gemaakt van 80% katoen en 20% gerecycled polyester met een gewicht van 280 gram, biedt deze jas een duurzame en hoogwaardige afwerking. Voorzien van handige ritsen in de zakken. Praktisch maar ook trendy dankzij de moderne fit. Perfect voor zowel casual als zakelijke gelegenheden.<br/><br/>- Dubbel gestikte naden, gekleurde nektape ter versteviging en 60°C wasbaar.<br/>- Geborstelde fleece aan de binnenkant voor meer draagcomfort, set-in mouwen, brede ribgebreide boorden.<br/>- 2 Zijzakken met rits. <br/>- 280-Grams sweatjacket, duurzaam vervaardigd uit 80% voorgekrompen katoen en 20% gerecycled polyester. <br/>- Neutraal, enkel maatlabel aanwezig, dus uitermate geschikt voor rebranding. <br/>- Hangtag en polybags met barcode.<br/>- Geschikt voor werk- & casual vrijetijdskleding.<br/>- Beschikbaar van maat XS t/m 7XL.<br/><br/>Ook mogelijk in uw gewenste PMS-kleur aan dezelfde prijs, minimaal 300 stuks door de maten heen.",https://tghimages.nl/B2B_SWJA_NAVY_FRONT.JPG
B2B-SWJA,B2B Sweatjacket Noah,B2B-SWJANA08,1,Back To Basics,,B2B-SWJANA08,B2B Sweatjacket Noah,"6,10E+12",1,"58,3",5XL,navy,Sweatjacket Noah navy 5XL,Sweatjacket Noah navy 5XL,"Deze moderne sweatjacket is ideaal voor dagelijks gebruik en biedt een combinatie van stijl en comfort. Gemaakt van 80% katoen en 20% gerecycled polyester met een gewicht van 280 gram, biedt deze jas een duurzame en hoogwaardige afwerking. Voorzien van handige ritsen in de zakken. Praktisch maar ook trendy dankzij de moderne fit. Perfect voor zowel casual als zakelijke gelegenheden.<br/><br/>- Dubbel gestikte naden, gekleurde nektape ter versteviging en 60°C wasbaar.<br/>- Geborstelde fleece aan de binnenkant voor meer draagcomfort, set-in mouwen, brede ribgebreide boorden.<br/>- 2 Zijzakken met rits. <br/>- 280-Grams sweatjacket, duurzaam vervaardigd uit 80% voorgekrompen katoen en 20% gerecycled polyester. <br/>- Neutraal, enkel maatlabel aanwezig, dus uitermate geschikt voor rebranding. <br/>- Hangtag en polybags met barcode.<br/>- Geschikt voor werk- & casual vrijetijdskleding.<br/>- Beschikbaar van maat XS t/m 7XL.<br/><br/>Ook mogelijk in uw gewenste PMS-kleur aan dezelfde prijs, minimaal 300 stuks door de maten heen.",https://tghimages.nl/B2B_SWJA_NAVY_FRONT.JPG
B2B-SWJA,B2B Sweatjacket Noah,B2B-SWJANA09,1,Back To Basics,,B2B-SWJANA09,B2B Sweatjacket Noah,"6,10E+12",1,"58,4",6XL,navy,Sweatjacket Noah navy 6XL,Sweatjacket Noah navy 6XL,"Deze moderne sweatjacket is ideaal voor dagelijks gebruik en biedt een combinatie van stijl en comfort. Gemaakt van 80% katoen en 20% gerecycled polyester met een gewicht van 280 gram, biedt deze jas een duurzame en hoogwaardige afwerking. Voorzien van handige ritsen in de zakken. Praktisch maar ook trendy dankzij de moderne fit. Perfect voor zowel casual als zakelijke gelegenheden.<br/><br/>- Dubbel gestikte naden, gekleurde nektape ter versteviging en 60°C wasbaar.<br/>- Geborstelde fleece aan de binnenkant voor meer draagcomfort, set-in mouwen, brede ribgebreide boorden.<br/>- 2 Zijzakken met rits. <br/>- 280-Grams sweatjacket, duurzaam vervaardigd uit 80% voorgekrompen katoen en 20% gerecycled polyester. <br/>- Neutraal, enkel maatlabel aanwezig, dus uitermate geschikt voor rebranding. <br/>- Hangtag en polybags met barcode.<br/>- Geschikt voor werk- & casual vrijetijdskleding.<br/>- Beschikbaar van maat XS t/m 7XL.<br/><br/>Ook mogelijk in uw gewenste PMS-kleur aan dezelfde prijs, minimaal 300 stuks door de maten heen.",https://tghimages.nl/B2B_SWJA_NAVY_FRONT.JPG
B2B-SWJA,B2B Sweatjacket Noah,B2B-SWJANA10,1,Back To Basics,,B2B-SWJANA10,B2B Sweatjacket Noah,"6,10E+12",1,"58,5",7XL,navy,Sweatjacket Noah navy 7XL,Sweatjacket Noah navy 7XL,"Deze moderne sweatjacket is ideaal voor dagelijks gebruik en biedt een combinatie van stijl en comfort. Gemaakt van 80% katoen en 20% gerecycled polyester met een gewicht van 280 gram, biedt deze jas een duurzame en hoogwaardige afwerking. Voorzien van handige ritsen in de zakken. Praktisch maar ook trendy dankzij de moderne fit. Perfect voor zowel casual als zakelijke gelegenheden.<br/><br/>- Dubbel gestikte naden, gekleurde nektape ter versteviging en 60°C wasbaar.<br/>- Geborstelde fleece aan de binnenkant voor meer draagcomfort, set-in mouwen, brede ribgebreide boorden.<br/>- 2 Zijzakken met rits. <br/>- 280-Grams sweatjacket, duurzaam vervaardigd uit 80% voorgekrompen katoen en 20% gerecycled polyester. <br/>- Neutraal, enkel maatlabel aanwezig, dus uitermate geschikt voor rebranding. <br/>- Hangtag en polybags met barcode.<br/>- Geschikt voor werk- & casual vrijetijdskleding.<br/>- Beschikbaar van maat XS t/m 7XL.<br/><br/>Ook mogelijk in uw gewenste PMS-kleur aan dezelfde prijs, minimaal 300 stuks door de maten heen.",https://tghimages.nl/B2B_SWJA_NAVY_FRONT.JPG
B2B-SWJA,B2B Sweatjacket Noah,B2B-SWJARB00,1,Back To Basics,,B2B-SWJARB00,B2B Sweatjacket Noah,"6,10E+12",1,"58,6",XS,royal blue,Sweatjacket Noah royal blue XS,Sweatjacket Noah royal blue XS,"Deze moderne sweatjacket is ideaal voor dagelijks gebruik en biedt een combinatie van stijl en comfort. Gemaakt van 80% katoen en 20% gerecycled polyester met een gewicht van 280 gram, biedt deze jas een duurzame en hoogwaardige afwerking. Voorzien van handige ritsen in de zakken. Praktisch maar ook trendy dankzij de moderne fit. Perfect voor zowel casual als zakelijke gelegenheden.<br/><br/>- Dubbel gestikte naden, gekleurde nektape ter versteviging en 60°C wasbaar.<br/>- Geborstelde fleece aan de binnenkant voor meer draagcomfort, set-in mouwen, brede ribgebreide boorden.<br/>- 2 Zijzakken met rits. <br/>- 280-Grams sweatjacket, duurzaam vervaardigd uit 80% voorgekrompen katoen en 20% gerecycled polyester. <br/>- Neutraal, enkel maatlabel aanwezig, dus uitermate geschikt voor rebranding. <br/>- Hangtag en polybags met barcode.<br/>- Geschikt voor werk- & casual vrijetijdskleding.<br/>- Beschikbaar van maat XS t/m 7XL.<br/><br/>Ook mogelijk in uw gewenste PMS-kleur aan dezelfde prijs, minimaal 300 stuks door de maten heen.",https://tghimages.nl/B2B_SWJA_ROYAL_BLUE_FRONT.JPG
B2B-SWJA,B2B Sweatjacket Noah,B2B-SWJARB01,1,Back To Basics,,B2B-SWJARB01,B2B Sweatjacket Noah,"6,10E+12",1,"58,7",S,royal blue,Sweatjacket Noah royal blue S,Sweatjacket Noah royal blue S,"Deze moderne sweatjacket is ideaal voor dagelijks gebruik en biedt een combinatie van stijl en comfort. Gemaakt van 80% katoen en 20% gerecycled polyester met een gewicht van 280 gram, biedt deze jas een duurzame en hoogwaardige afwerking. Voorzien van handige ritsen in de zakken. Praktisch maar ook trendy dankzij de moderne fit. Perfect voor zowel casual als zakelijke gelegenheden.<br/><br/>- Dubbel gestikte naden, gekleurde nektape ter versteviging en 60°C wasbaar.<br/>- Geborstelde fleece aan de binnenkant voor meer draagcomfort, set-in mouwen, brede ribgebreide boorden.<br/>- 2 Zijzakken met rits. <br/>- 280-Grams sweatjacket, duurzaam vervaardigd uit 80% voorgekrompen katoen en 20% gerecycled polyester. <br/>- Neutraal, enkel maatlabel aanwezig, dus uitermate geschikt voor rebranding. <br/>- Hangtag en polybags met barcode.<br/>- Geschikt voor werk- & casual vrijetijdskleding.<br/>- Beschikbaar van maat XS t/m 7XL.<br/><br/>Ook mogelijk in uw gewenste PMS-kleur aan dezelfde prijs, minimaal 300 stuks door de maten heen.",https://tghimages.nl/B2B_SWJA_ROYAL_BLUE_FRONT.JPG
B2B-SWJA,B2B Sweatjacket Noah,B2B-SWJARB02,1,Back To Basics,,B2B-SWJARB02,B2B Sweatjacket Noah,"6,10E+12",1,"58,8",M,royal blue,Sweatjacket Noah royal blue M,Sweatjacket Noah royal blue M,"Deze moderne sweatjacket is ideaal voor dagelijks gebruik en biedt een combinatie van stijl en comfort. Gemaakt van 80% katoen en 20% gerecycled polyester met een gewicht van 280 gram, biedt deze jas een duurzame en hoogwaardige afwerking. Voorzien van handige ritsen in de zakken. Praktisch maar ook trendy dankzij de moderne fit. Perfect voor zowel casual als zakelijke gelegenheden.<br/><br/>- Dubbel gestikte naden, gekleurde nektape ter versteviging en 60°C wasbaar.<br/>- Geborstelde fleece aan de binnenkant voor meer draagcomfort, set-in mouwen, brede ribgebreide boorden.<br/>- 2 Zijzakken met rits. <br/>- 280-Grams sweatjacket, duurzaam vervaardigd uit 80% voorgekrompen katoen en 20% gerecycled polyester. <br/>- Neutraal, enkel maatlabel aanwezig, dus uitermate geschikt voor rebranding. <br/>- Hangtag en polybags met barcode.<br/>- Geschikt voor werk- & casual vrijetijdskleding.<br/>- Beschikbaar van maat XS t/m 7XL.<br/><br/>Ook mogelijk in uw gewenste PMS-kleur aan dezelfde prijs, minimaal 300 stuks door de maten heen.",https://tghimages.nl/B2B_SWJA_ROYAL_BLUE_FRONT.JPG
B2B-SWJA,B2B Sweatjacket Noah,B2B-SWJARB03,1,Back To Basics,,B2B-SWJARB03,B2B Sweatjacket Noah,"6,10E+12",1,"58,9",L,royal blue,Sweatjacket Noah royal blue L,Sweatjacket Noah royal blue L,"Deze moderne sweatjacket is ideaal voor dagelijks gebruik en biedt een combinatie van stijl en comfort. Gemaakt van 80% katoen en 20% gerecycled polyester met een gewicht van 280 gram, biedt deze jas een duurzame en hoogwaardige afwerking. Voorzien van handige ritsen in de zakken. Praktisch maar ook trendy dankzij de moderne fit. Perfect voor zowel casual als zakelijke gelegenheden.<br/><br/>- Dubbel gestikte naden, gekleurde nektape ter versteviging en 60°C wasbaar.<br/>- Geborstelde fleece aan de binnenkant voor meer draagcomfort, set-in mouwen, brede ribgebreide boorden.<br/>- 2 Zijzakken met rits. <br/>- 280-Grams sweatjacket, duurzaam vervaardigd uit 80% voorgekrompen katoen en 20% gerecycled polyester. <br/>- Neutraal, enkel maatlabel aanwezig, dus uitermate geschikt voor rebranding. <br/>- Hangtag en polybags met barcode.<br/>- Geschikt voor werk- & casual vrijetijdskleding.<br/>- Beschikbaar van maat XS t/m 7XL.<br/><br/>Ook mogelijk in uw gewenste PMS-kleur aan dezelfde prijs, minimaal 300 stuks door de maten heen.",https://tghimages.nl/B2B_SWJA_ROYAL_BLUE_FRONT.JPG
B2B-SWJA,B2B Sweatjacket Noah,B2B-SWJARB04,1,Back To Basics,,B2B-SWJARB04,B2B Sweatjacket Noah,"6,10E+12",1,59,XL,royal blue,Sweatjacket Noah royal blue XL,Sweatjacket Noah royal blue XL,"Deze moderne sweatjacket is ideaal voor dagelijks gebruik en biedt een combinatie van stijl en comfort. Gemaakt van 80% katoen en 20% gerecycled polyester met een gewicht van 280 gram, biedt deze jas een duurzame en hoogwaardige afwerking. Voorzien van handige ritsen in de zakken. Praktisch maar ook trendy dankzij de moderne fit. Perfect voor zowel casual als zakelijke gelegenheden.<br/><br/>- Dubbel gestikte naden, gekleurde nektape ter versteviging en 60°C wasbaar.<br/>- Geborstelde fleece aan de binnenkant voor meer draagcomfort, set-in mouwen, brede ribgebreide boorden.<br/>- 2 Zijzakken met rits. <br/>- 280-Grams sweatjacket, duurzaam vervaardigd uit 80% voorgekrompen katoen en 20% gerecycled polyester. <br/>- Neutraal, enkel maatlabel aanwezig, dus uitermate geschikt voor rebranding. <br/>- Hangtag en polybags met barcode.<br/>- Geschikt voor werk- & casual vrijetijdskleding.<br/>- Beschikbaar van maat XS t/m 7XL.<br/><br/>Ook mogelijk in uw gewenste PMS-kleur aan dezelfde prijs, minimaal 300 stuks door de maten heen.",https://tghimages.nl/B2B_SWJA_ROYAL_BLUE_FRONT.JPG
B2B-SWJA,B2B Sweatjacket Noah,B2B-SWJARB05,1,Back To Basics,,B2B-SWJARB05,B2B Sweatjacket Noah,"6,10E+12",1,"59,1",XXL,royal blue,Sweatjacket Noah royal blue XXL,Sweatjacket Noah royal blue XXL,"Deze moderne sweatjacket is ideaal voor dagelijks gebruik en biedt een combinatie van stijl en comfort. Gemaakt van 80% katoen en 20% gerecycled polyester met een gewicht van 280 gram, biedt deze jas een duurzame en hoogwaardige afwerking. Voorzien van handige ritsen in de zakken. Praktisch maar ook trendy dankzij de moderne fit. Perfect voor zowel casual als zakelijke gelegenheden.<br/><br/>- Dubbel gestikte naden, gekleurde nektape ter versteviging en 60°C wasbaar.<br/>- Geborstelde fleece aan de binnenkant voor meer draagcomfort, set-in mouwen, brede ribgebreide boorden.<br/>- 2 Zijzakken met rits. <br/>- 280-Grams sweatjacket, duurzaam vervaardigd uit 80% voorgekrompen katoen en 20% gerecycled polyester. <br/>- Neutraal, enkel maatlabel aanwezig, dus uitermate geschikt voor rebranding. <br/>- Hangtag en polybags met barcode.<br/>- Geschikt voor werk- & casual vrijetijdskleding.<br/>- Beschikbaar van maat XS t/m 7XL.<br/><br/>Ook mogelijk in uw gewenste PMS-kleur aan dezelfde prijs, minimaal 300 stuks door de maten heen.",https://tghimages.nl/B2B_SWJA_ROYAL_BLUE_FRONT.JPG
B2B-SWJA,B2B Sweatjacket Noah,B2B-SWJARB06,1,Back To Basics,,B2B-SWJARB06,B2B Sweatjacket Noah,"6,10E+12",1,"59,2",3XL,royal blue,Sweatjacket Noah royal blue 3XL,Sweatjacket Noah royal blue 3XL,"Deze moderne sweatjacket is ideaal voor dagelijks gebruik en biedt een combinatie van stijl en comfort. Gemaakt van 80% katoen en 20% gerecycled polyester met een gewicht van 280 gram, biedt deze jas een duurzame en hoogwaardige afwerking. Voorzien van handige ritsen in de zakken. Praktisch maar ook trendy dankzij de moderne fit. Perfect voor zowel casual als zakelijke gelegenheden.<br/><br/>- Dubbel gestikte naden, gekleurde nektape ter versteviging en 60°C wasbaar.<br/>- Geborstelde fleece aan de binnenkant voor meer draagcomfort, set-in mouwen, brede ribgebreide boorden.<br/>- 2 Zijzakken met rits. <br/>- 280-Grams sweatjacket, duurzaam vervaardigd uit 80% voorgekrompen katoen en 20% gerecycled polyester. <br/>- Neutraal, enkel maatlabel aanwezig, dus uitermate geschikt voor rebranding. <br/>- Hangtag en polybags met barcode.<br/>- Geschikt voor werk- & casual vrijetijdskleding.<br/>- Beschikbaar van maat XS t/m 7XL.<br/><br/>Ook mogelijk in uw gewenste PMS-kleur aan dezelfde prijs, minimaal 300 stuks door de maten heen.",https://tghimages.nl/B2B_SWJA_ROYAL_BLUE_FRONT.JPG
B2B-SWJA,B2B Sweatjacket Noah,B2B-SWJARB07,1,Back To Basics,,B2B-SWJARB07,B2B Sweatjacket Noah,"6,10E+12",1,"59,3",4XL,royal blue,Sweatjacket Noah royal blue 4XL,Sweatjacket Noah royal blue 4XL,"Deze moderne sweatjacket is ideaal voor dagelijks gebruik en biedt een combinatie van stijl en comfort. Gemaakt van 80% katoen en 20% gerecycled polyester met een gewicht van 280 gram, biedt deze jas een duurzame en hoogwaardige afwerking. Voorzien van handige ritsen in de zakken. Praktisch maar ook trendy dankzij de moderne fit. Perfect voor zowel casual als zakelijke gelegenheden.<br/><br/>- Dubbel gestikte naden, gekleurde nektape ter versteviging en 60°C wasbaar.<br/>- Geborstelde fleece aan de binnenkant voor meer draagcomfort, set-in mouwen, brede ribgebreide boorden.<br/>- 2 Zijzakken met rits. <br/>- 280-Grams sweatjacket, duurzaam vervaardigd uit 80% voorgekrompen katoen en 20% gerecycled polyester. <br/>- Neutraal, enkel maatlabel aanwezig, dus uitermate geschikt voor rebranding. <br/>- Hangtag en polybags met barcode.<br/>- Geschikt voor werk- & casual vrijetijdskleding.<br/>- Beschikbaar van maat XS t/m 7XL.<br/><br/>Ook mogelijk in uw gewenste PMS-kleur aan dezelfde prijs, minimaal 300 stuks door de maten heen.",https://tghimages.nl/B2B_SWJA_ROYAL_BLUE_FRONT.JPG
B2B-SWJA,B2B Sweatjacket Noah,B2B-SWJARB08,1,Back To Basics,,B2B-SWJARB08,B2B Sweatjacket Noah,"6,10E+12",1,"59,4",5XL,royal blue,Sweatjacket Noah royal blue 5XL,Sweatjacket Noah royal blue 5XL,"Deze moderne sweatjacket is ideaal voor dagelijks gebruik en biedt een combinatie van stijl en comfort. Gemaakt van 80% katoen en 20% gerecycled polyester met een gewicht van 280 gram, biedt deze jas een duurzame en hoogwaardige afwerking. Voorzien van handige ritsen in de zakken. Praktisch maar ook trendy dankzij de moderne fit. Perfect voor zowel casual als zakelijke gelegenheden.<br/><br/>- Dubbel gestikte naden, gekleurde nektape ter versteviging en 60°C wasbaar.<br/>- Geborstelde fleece aan de binnenkant voor meer draagcomfort, set-in mouwen, brede ribgebreide boorden.<br/>- 2 Zijzakken met rits. <br/>- 280-Grams sweatjacket, duurzaam vervaardigd uit 80% voorgekrompen katoen en 20% gerecycled polyester. <br/>- Neutraal, enkel maatlabel aanwezig, dus uitermate geschikt voor rebranding. <br/>- Hangtag en polybags met barcode.<br/>- Geschikt voor werk- & casual vrijetijdskleding.<br/>- Beschikbaar van maat XS t/m 7XL.<br/><br/>Ook mogelijk in uw gewenste PMS-kleur aan dezelfde prijs, minimaal 300 stuks door de maten heen.",https://tghimages.nl/B2B_SWJA_ROYAL_BLUE_FRONT.JPG
B2B-SWJA,B2B Sweatjacket Noah,B2B-SWJARB09,1,Back To Basics,,B2B-SWJARB09,B2B Sweatjacket Noah,"6,10E+12",1,"59,5",6XL,royal blue,Sweatjacket Noah royal blue 6XL,Sweatjacket Noah royal blue 6XL,"Deze moderne sweatjacket is ideaal voor dagelijks gebruik en biedt een combinatie van stijl en comfort. Gemaakt van 80% katoen en 20% gerecycled polyester met een gewicht van 280 gram, biedt deze jas een duurzame en hoogwaardige afwerking. Voorzien van handige ritsen in de zakken. Praktisch maar ook trendy dankzij de moderne fit. Perfect voor zowel casual als zakelijke gelegenheden.<br/><br/>- Dubbel gestikte naden, gekleurde nektape ter versteviging en 60°C wasbaar.<br/>- Geborstelde fleece aan de binnenkant voor meer draagcomfort, set-in mouwen, brede ribgebreide boorden.<br/>- 2 Zijzakken met rits. <br/>- 280-Grams sweatjacket, duurzaam vervaardigd uit 80% voorgekrompen katoen en 20% gerecycled polyester. <br/>- Neutraal, enkel maatlabel aanwezig, dus uitermate geschikt voor rebranding. <br/>- Hangtag en polybags met barcode.<br/>- Geschikt voor werk- & casual vrijetijdskleding.<br/>- Beschikbaar van maat XS t/m 7XL.<br/><br/>Ook mogelijk in uw gewenste PMS-kleur aan dezelfde prijs, minimaal 300 stuks door de maten heen.",https://tghimages.nl/B2B_SWJA_ROYAL_BLUE_FRONT.JPG
B2B-SWJA,B2B Sweatjacket Noah,B2B-SWJARB10,1,Back To Basics,,B2B-SWJARB10,B2B Sweatjacket Noah,"6,10E+12",1,"59,6",7XL,royal blue,Sweatjacket Noah royal blue 7XL,Sweatjacket Noah royal blue 7XL,"Deze moderne sweatjacket is ideaal voor dagelijks gebruik en biedt een combinatie van stijl en comfort. Gemaakt van 80% katoen en 20% gerecycled polyester met een gewicht van 280 gram, biedt deze jas een duurzame en hoogwaardige afwerking. Voorzien van handige ritsen in de zakken. Praktisch maar ook trendy dankzij de moderne fit. Perfect voor zowel casual als zakelijke gelegenheden.<br/><br/>- Dubbel gestikte naden, gekleurde nektape ter versteviging en 60°C wasbaar.<br/>- Geborstelde fleece aan de binnenkant voor meer draagcomfort, set-in mouwen, brede ribgebreide boorden.<br/>- 2 Zijzakken met rits. <br/>- 280-Grams sweatjacket, duurzaam vervaardigd uit 80% voorgekrompen katoen en 20% gerecycled polyester. <br/>- Neutraal, enkel maatlabel aanwezig, dus uitermate geschikt voor rebranding. <br/>- Hangtag en polybags met barcode.<br/>- Geschikt voor werk- & casual vrijetijdskleding.<br/>- Beschikbaar van maat XS t/m 7XL.<br/><br/>Ook mogelijk in uw gewenste PMS-kleur aan dezelfde prijs, minimaal 300 stuks door de maten heen.",https://tghimages.nl/B2B_SWJA_ROYAL_BLUE_FRONT.JPG
B2B-SWJA,B2B Sweatjacket Noah,B2B-SWJARE00,1,Back To Basics,,B2B-SWJARE00,B2B Sweatjacket Noah,"6,10E+12",1,"59,7",XS,red,Sweatjacket Noah red XS,Sweatjacket Noah red XS,"Deze moderne sweatjacket is ideaal voor dagelijks gebruik en biedt een combinatie van stijl en comfort. Gemaakt van 80% katoen en 20% gerecycled polyester met een gewicht van 280 gram, biedt deze jas een duurzame en hoogwaardige afwerking. Voorzien van handige ritsen in de zakken. Praktisch maar ook trendy dankzij de moderne fit. Perfect voor zowel casual als zakelijke gelegenheden.<br/><br/>- Dubbel gestikte naden, gekleurde nektape ter versteviging en 60°C wasbaar.<br/>- Geborstelde fleece aan de binnenkant voor meer draagcomfort, set-in mouwen, brede ribgebreide boorden.<br/>- 2 Zijzakken met rits. <br/>- 280-Grams sweatjacket, duurzaam vervaardigd uit 80% voorgekrompen katoen en 20% gerecycled polyester. <br/>- Neutraal, enkel maatlabel aanwezig, dus uitermate geschikt voor rebranding. <br/>- Hangtag en polybags met barcode.<br/>- Geschikt voor werk- & casual vrijetijdskleding.<br/>- Beschikbaar van maat XS t/m 7XL.<br/><br/>Ook mogelijk in uw gewenste PMS-kleur aan dezelfde prijs, minimaal 300 stuks door de maten heen.",https://tghimages.nl/B2B_SWJA_RED_FRONT.JPG
B2B-SWJA,B2B Sweatjacket Noah,B2B-SWJARE01,1,Back To Basics,,B2B-SWJARE01,B2B Sweatjacket Noah,"6,10E+12",1,"59,8",S,red,Sweatjacket Noah red S,Sweatjacket Noah red S,"Deze moderne sweatjacket is ideaal voor dagelijks gebruik en biedt een combinatie van stijl en comfort. Gemaakt van 80% katoen en 20% gerecycled polyester met een gewicht van 280 gram, biedt deze jas een duurzame en hoogwaardige afwerking. Voorzien van handige ritsen in de zakken. Praktisch maar ook trendy dankzij de moderne fit. Perfect voor zowel casual als zakelijke gelegenheden.<br/><br/>- Dubbel gestikte naden, gekleurde nektape ter versteviging en 60°C wasbaar.<br/>- Geborstelde fleece aan de binnenkant voor meer draagcomfort, set-in mouwen, brede ribgebreide boorden.<br/>- 2 Zijzakken met rits. <br/>- 280-Grams sweatjacket, duurzaam vervaardigd uit 80% voorgekrompen katoen en 20% gerecycled polyester. <br/>- Neutraal, enkel maatlabel aanwezig, dus uitermate geschikt voor rebranding. <br/>- Hangtag en polybags met barcode.<br/>- Geschikt voor werk- & casual vrijetijdskleding.<br/>- Beschikbaar van maat XS t/m 7XL.<br/><br/>Ook mogelijk in uw gewenste PMS-kleur aan dezelfde prijs, minimaal 300 stuks door de maten heen.",https://tghimages.nl/B2B_SWJA_RED_FRONT.JPG
B2B-SWJA,B2B Sweatjacket Noah,B2B-SWJARE02,1,Back To Basics,,B2B-SWJARE02,B2B Sweatjacket Noah,"6,10E+12",1,"59,9",M,red,Sweatjacket Noah red M,Sweatjacket Noah red M,"Deze moderne sweatjacket is ideaal voor dagelijks gebruik en biedt een combinatie van stijl en comfort. Gemaakt van 80% katoen en 20% gerecycled polyester met een gewicht van 280 gram, biedt deze jas een duurzame en hoogwaardige afwerking. Voorzien van handige ritsen in de zakken. Praktisch maar ook trendy dankzij de moderne fit. Perfect voor zowel casual als zakelijke gelegenheden.<br/><br/>- Dubbel gestikte naden, gekleurde nektape ter versteviging en 60°C wasbaar.<br/>- Geborstelde fleece aan de binnenkant voor meer draagcomfort, set-in mouwen, brede ribgebreide boorden.<br/>- 2 Zijzakken met rits. <br/>- 280-Grams sweatjacket, duurzaam vervaardigd uit 80% voorgekrompen katoen en 20% gerecycled polyester. <br/>- Neutraal, enkel maatlabel aanwezig, dus uitermate geschikt voor rebranding. <br/>- Hangtag en polybags met barcode.<br/>- Geschikt voor werk- & casual vrijetijdskleding.<br/>- Beschikbaar van maat XS t/m 7XL.<br/><br/>Ook mogelijk in uw gewenste PMS-kleur aan dezelfde prijs, minimaal 300 stuks door de maten heen.",https://tghimages.nl/B2B_SWJA_RED_FRONT.JPG
B2B-SWJA,B2B Sweatjacket Noah,B2B-SWJARE03,1,Back To Basics,,B2B-SWJARE03,B2B Sweatjacket Noah,"6,10E+12",1,60,L,red,Sweatjacket Noah red L,Sweatjacket Noah red L,"Deze moderne sweatjacket is ideaal voor dagelijks gebruik en biedt een combinatie van stijl en comfort. Gemaakt van 80% katoen en 20% gerecycled polyester met een gewicht van 280 gram, biedt deze jas een duurzame en hoogwaardige afwerking. Voorzien van handige ritsen in de zakken. Praktisch maar ook trendy dankzij de moderne fit. Perfect voor zowel casual als zakelijke gelegenheden.<br/><br/>- Dubbel gestikte naden, gekleurde nektape ter versteviging en 60°C wasbaar.<br/>- Geborstelde fleece aan de binnenkant voor meer draagcomfort, set-in mouwen, brede ribgebreide boorden.<br/>- 2 Zijzakken met rits. <br/>- 280-Grams sweatjacket, duurzaam vervaardigd uit 80% voorgekrompen katoen en 20% gerecycled polyester. <br/>- Neutraal, enkel maatlabel aanwezig, dus uitermate geschikt voor rebranding. <br/>- Hangtag en polybags met barcode.<br/>- Geschikt voor werk- & casual vrijetijdskleding.<br/>- Beschikbaar van maat XS t/m 7XL.<br/><br/>Ook mogelijk in uw gewenste PMS-kleur aan dezelfde prijs, minimaal 300 stuks door de maten heen.",https://tghimages.nl/B2B_SWJA_RED_FRONT.JPG
B2B-SWJA,B2B Sweatjacket Noah,B2B-SWJARE04,1,Back To Basics,,B2B-SWJARE04,B2B Sweatjacket Noah,"6,10E+12",1,"60,1",XL,red,Sweatjacket Noah red XL,Sweatjacket Noah red XL,"Deze moderne sweatjacket is ideaal voor dagelijks gebruik en biedt een combinatie van stijl en comfort. Gemaakt van 80% katoen en 20% gerecycled polyester met een gewicht van 280 gram, biedt deze jas een duurzame en hoogwaardige afwerking. Voorzien van handige ritsen in de zakken. Praktisch maar ook trendy dankzij de moderne fit. Perfect voor zowel casual als zakelijke gelegenheden.<br/><br/>- Dubbel gestikte naden, gekleurde nektape ter versteviging en 60°C wasbaar.<br/>- Geborstelde fleece aan de binnenkant voor meer draagcomfort, set-in mouwen, brede ribgebreide boorden.<br/>- 2 Zijzakken met rits. <br/>- 280-Grams sweatjacket, duurzaam vervaardigd uit 80% voorgekrompen katoen en 20% gerecycled polyester. <br/>- Neutraal, enkel maatlabel aanwezig, dus uitermate geschikt voor rebranding. <br/>- Hangtag en polybags met barcode.<br/>- Geschikt voor werk- & casual vrijetijdskleding.<br/>- Beschikbaar van maat XS t/m 7XL.<br/><br/>Ook mogelijk in uw gewenste PMS-kleur aan dezelfde prijs, minimaal 300 stuks door de maten heen.",https://tghimages.nl/B2B_SWJA_RED_FRONT.JPG
B2B-SWJA,B2B Sweatjacket Noah,B2B-SWJARE05,1,Back To Basics,,B2B-SWJARE05,B2B Sweatjacket Noah,"6,10E+12",1,"60,2",XXL,red,Sweatjacket Noah red XXL,Sweatjacket Noah red XXL,"Deze moderne sweatjacket is ideaal voor dagelijks gebruik en biedt een combinatie van stijl en comfort. Gemaakt van 80% katoen en 20% gerecycled polyester met een gewicht van 280 gram, biedt deze jas een duurzame en hoogwaardige afwerking. Voorzien van handige ritsen in de zakken. Praktisch maar ook trendy dankzij de moderne fit. Perfect voor zowel casual als zakelijke gelegenheden.<br/><br/>- Dubbel gestikte naden, gekleurde nektape ter versteviging en 60°C wasbaar.<br/>- Geborstelde fleece aan de binnenkant voor meer draagcomfort, set-in mouwen, brede ribgebreide boorden.<br/>- 2 Zijzakken met rits. <br/>- 280-Grams sweatjacket, duurzaam vervaardigd uit 80% voorgekrompen katoen en 20% gerecycled polyester. <br/>- Neutraal, enkel maatlabel aanwezig, dus uitermate geschikt voor rebranding. <br/>- Hangtag en polybags met barcode.<br/>- Geschikt voor werk- & casual vrijetijdskleding.<br/>- Beschikbaar van maat XS t/m 7XL.<br/><br/>Ook mogelijk in uw gewenste PMS-kleur aan dezelfde prijs, minimaal 300 stuks door de maten heen.",https://tghimages.nl/B2B_SWJA_RED_FRONT.JPG
B2B-SWJA,B2B Sweatjacket Noah,B2B-SWJARE06,1,Back To Basics,,B2B-SWJARE06,B2B Sweatjacket Noah,"6,10E+12",1,"60,3",3XL,red,Sweatjacket Noah red 3XL,Sweatjacket Noah red 3XL,"Deze moderne sweatjacket is ideaal voor dagelijks gebruik en biedt een combinatie van stijl en comfort. Gemaakt van 80% katoen en 20% gerecycled polyester met een gewicht van 280 gram, biedt deze jas een duurzame en hoogwaardige afwerking. Voorzien van handige ritsen in de zakken. Praktisch maar ook trendy dankzij de moderne fit. Perfect voor zowel casual als zakelijke gelegenheden.<br/><br/>- Dubbel gestikte naden, gekleurde nektape ter versteviging en 60°C wasbaar.<br/>- Geborstelde fleece aan de binnenkant voor meer draagcomfort, set-in mouwen, brede ribgebreide boorden.<br/>- 2 Zijzakken met rits. <br/>- 280-Grams sweatjacket, duurzaam vervaardigd uit 80% voorgekrompen katoen en 20% gerecycled polyester. <br/>- Neutraal, enkel maatlabel aanwezig, dus uitermate geschikt voor rebranding. <br/>- Hangtag en polybags met barcode.<br/>- Geschikt voor werk- & casual vrijetijdskleding.<br/>- Beschikbaar van maat XS t/m 7XL.<br/><br/>Ook mogelijk in uw gewenste PMS-kleur aan dezelfde prijs, minimaal 300 stuks door de maten heen.",https://tghimages.nl/B2B_SWJA_RED_FRONT.JPG
B2B-SWJA,B2B Sweatjacket Noah,B2B-SWJARE07,1,Back To Basics,,B2B-SWJARE07,B2B Sweatjacket Noah,"6,10E+12",1,"60,4",4XL,red,Sweatjacket Noah red 4XL,Sweatjacket Noah red 4XL,"Deze moderne sweatjacket is ideaal voor dagelijks gebruik en biedt een combinatie van stijl en comfort. Gemaakt van 80% katoen en 20% gerecycled polyester met een gewicht van 280 gram, biedt deze jas een duurzame en hoogwaardige afwerking. Voorzien van handige ritsen in de zakken. Praktisch maar ook trendy dankzij de moderne fit. Perfect voor zowel casual als zakelijke gelegenheden.<br/><br/>- Dubbel gestikte naden, gekleurde nektape ter versteviging en 60°C wasbaar.<br/>- Geborstelde fleece aan de binnenkant voor meer draagcomfort, set-in mouwen, brede ribgebreide boorden.<br/>- 2 Zijzakken met rits. <br/>- 280-Grams sweatjacket, duurzaam vervaardigd uit 80% voorgekrompen katoen en 20% gerecycled polyester. <br/>- Neutraal, enkel maatlabel aanwezig, dus uitermate geschikt voor rebranding. <br/>- Hangtag en polybags met barcode.<br/>- Geschikt voor werk- & casual vrijetijdskleding.<br/>- Beschikbaar van maat XS t/m 7XL.<br/><br/>Ook mogelijk in uw gewenste PMS-kleur aan dezelfde prijs, minimaal 300 stuks door de maten heen.",https://tghimages.nl/B2B_SWJA_RED_FRONT.JPG
B2B-SWJA,B2B Sweatjacket Noah,B2B-SWJARE08,1,Back To Basics,,B2B-SWJARE08,B2B Sweatjacket Noah,"6,10E+12",1,"60,5",5XL,red,Sweatjacket Noah red 5XL,Sweatjacket Noah red 5XL,"Deze moderne sweatjacket is ideaal voor dagelijks gebruik en biedt een combinatie van stijl en comfort. Gemaakt van 80% katoen en 20% gerecycled polyester met een gewicht van 280 gram, biedt deze jas een duurzame en hoogwaardige afwerking. Voorzien van handige ritsen in de zakken. Praktisch maar ook trendy dankzij de moderne fit. Perfect voor zowel casual als zakelijke gelegenheden.<br/><br/>- Dubbel gestikte naden, gekleurde nektape ter versteviging en 60°C wasbaar.<br/>- Geborstelde fleece aan de binnenkant voor meer draagcomfort, set-in mouwen, brede ribgebreide boorden.<br/>- 2 Zijzakken met rits. <br/>- 280-Grams sweatjacket, duurzaam vervaardigd uit 80% voorgekrompen katoen en 20% gerecycled polyester. <br/>- Neutraal, enkel maatlabel aanwezig, dus uitermate geschikt voor rebranding. <br/>- Hangtag en polybags met barcode.<br/>- Geschikt voor werk- & casual vrijetijdskleding.<br/>- Beschikbaar van maat XS t/m 7XL.<br/><br/>Ook mogelijk in uw gewenste PMS-kleur aan dezelfde prijs, minimaal 300 stuks door de maten heen.",https://tghimages.nl/B2B_SWJA_RED_FRONT.JPG
B2B-SWJA,B2B Sweatjacket Noah,B2B-SWJARE09,1,Back To Basics,,B2B-SWJARE09,B2B Sweatjacket Noah,"6,10E+12",1,"60,6",6XL,red,Sweatjacket Noah red 6XL,Sweatjacket Noah red 6XL,"Deze moderne sweatjacket is ideaal voor dagelijks gebruik en biedt een combinatie van stijl en comfort. Gemaakt van 80% katoen en 20% gerecycled polyester met een gewicht van 280 gram, biedt deze jas een duurzame en hoogwaardige afwerking. Voorzien van handige ritsen in de zakken. Praktisch maar ook trendy dankzij de moderne fit. Perfect voor zowel casual als zakelijke gelegenheden.<br/><br/>- Dubbel gestikte naden, gekleurde nektape ter versteviging en 60°C wasbaar.<br/>- Geborstelde fleece aan de binnenkant voor meer draagcomfort, set-in mouwen, brede ribgebreide boorden.<br/>- 2 Zijzakken met rits. <br/>- 280-Grams sweatjacket, duurzaam vervaardigd uit 80% voorgekrompen katoen en 20% gerecycled polyester. <br/>- Neutraal, enkel maatlabel aanwezig, dus uitermate geschikt voor rebranding. <br/>- Hangtag en polybags met barcode.<br/>- Geschikt voor werk- & casual vrijetijdskleding.<br/>- Beschikbaar van maat XS t/m 7XL.<br/><br/>Ook mogelijk in uw gewenste PMS-kleur aan dezelfde prijs, minimaal 300 stuks door de maten heen.",https://tghimages.nl/B2B_SWJA_RED_FRONT.JPG
B2B-SWJA,B2B Sweatjacket Noah,B2B-SWJARE10,1,Back To Basics,,B2B-SWJARE10,B2B Sweatjacket Noah,"6,10E+12",1,"60,7",7XL,red,Sweatjacket Noah red 7XL,Sweatjacket Noah red 7XL,"Deze moderne sweatjacket is ideaal voor dagelijks gebruik en biedt een combinatie van stijl en comfort. Gemaakt van 80% katoen en 20% gerecycled polyester met een gewicht van 280 gram, biedt deze jas een duurzame en hoogwaardige afwerking. Voorzien van handige ritsen in de zakken. Praktisch maar ook trendy dankzij de moderne fit. Perfect voor zowel casual als zakelijke gelegenheden.<br/><br/>- Dubbel gestikte naden, gekleurde nektape ter versteviging en 60°C wasbaar.<br/>- Geborstelde fleece aan de binnenkant voor meer draagcomfort, set-in mouwen, brede ribgebreide boorden.<br/>- 2 Zijzakken met rits. <br/>- 280-Grams sweatjacket, duurzaam vervaardigd uit 80% voorgekrompen katoen en 20% gerecycled polyester. <br/>- Neutraal, enkel maatlabel aanwezig, dus uitermate geschikt voor rebranding. <br/>- Hangtag en polybags met barcode.<br/>- Geschikt voor werk- & casual vrijetijdskleding.<br/>- Beschikbaar van maat XS t/m 7XL.<br/><br/>Ook mogelijk in uw gewenste PMS-kleur aan dezelfde prijs, minimaal 300 stuks door de maten heen.",https://tghimages.nl/B2B_SWJA_RED_FRONT.JPG
B2B-SWJA,B2B Sweatjacket Noah,B2B-SWJAWH00,1,Back To Basics,,B2B-SWJAWH00,B2B Sweatjacket Noah,"6,10E+12",1,"60,8",XS,white,Sweatjacket Noah white XS,Sweatjacket Noah white XS,"Deze moderne sweatjacket is ideaal voor dagelijks gebruik en biedt een combinatie van stijl en comfort. Gemaakt van 80% katoen en 20% gerecycled polyester met een gewicht van 280 gram, biedt deze jas een duurzame en hoogwaardige afwerking. Voorzien van handige ritsen in de zakken. Praktisch maar ook trendy dankzij de moderne fit. Perfect voor zowel casual als zakelijke gelegenheden.<br/><br/>- Dubbel gestikte naden, gekleurde nektape ter versteviging en 60°C wasbaar.<br/>- Geborstelde fleece aan de binnenkant voor meer draagcomfort, set-in mouwen, brede ribgebreide boorden.<br/>- 2 Zijzakken met rits. <br/>- 280-Grams sweatjacket, duurzaam vervaardigd uit 80% voorgekrompen katoen en 20% gerecycled polyester. <br/>- Neutraal, enkel maatlabel aanwezig, dus uitermate geschikt voor rebranding. <br/>- Hangtag en polybags met barcode.<br/>- Geschikt voor werk- & casual vrijetijdskleding.<br/>- Beschikbaar van maat XS t/m 7XL.<br/><br/>Ook mogelijk in uw gewenste PMS-kleur aan dezelfde prijs, minimaal 300 stuks door de maten heen.",https://tghimages.nl/B2B_SWJA_WHITE_FRONT.JPG
B2B-SWJA,B2B Sweatjacket Noah,B2B-SWJAWH01,1,Back To Basics,,B2B-SWJAWH01,B2B Sweatjacket Noah,"6,10E+12",1,"60,9",S,white,Sweatjacket Noah white S,Sweatjacket Noah white S,"Deze moderne sweatjacket is ideaal voor dagelijks gebruik en biedt een combinatie van stijl en comfort. Gemaakt van 80% katoen en 20% gerecycled polyester met een gewicht van 280 gram, biedt deze jas een duurzame en hoogwaardige afwerking. Voorzien van handige ritsen in de zakken. Praktisch maar ook trendy dankzij de moderne fit. Perfect voor zowel casual als zakelijke gelegenheden.<br/><br/>- Dubbel gestikte naden, gekleurde nektape ter versteviging en 60°C wasbaar.<br/>- Geborstelde fleece aan de binnenkant voor meer draagcomfort, set-in mouwen, brede ribgebreide boorden.<br/>- 2 Zijzakken met rits. <br/>- 280-Grams sweatjacket, duurzaam vervaardigd uit 80% voorgekrompen katoen en 20% gerecycled polyester. <br/>- Neutraal, enkel maatlabel aanwezig, dus uitermate geschikt voor rebranding. <br/>- Hangtag en polybags met barcode.<br/>- Geschikt voor werk- & casual vrijetijdskleding.<br/>- Beschikbaar van maat XS t/m 7XL.<br/><br/>Ook mogelijk in uw gewenste PMS-kleur aan dezelfde prijs, minimaal 300 stuks door de maten heen.",https://tghimages.nl/B2B_SWJA_WHITE_FRONT.JPG
B2B-SWJA,B2B Sweatjacket Noah,B2B-SWJAWH02,1,Back To Basics,,B2B-SWJAWH02,B2B Sweatjacket Noah,"6,10E+12",1,61,M,white,Sweatjacket Noah white M,Sweatjacket Noah white M,"Deze moderne sweatjacket is ideaal voor dagelijks gebruik en biedt een combinatie van stijl en comfort. Gemaakt van 80% katoen en 20% gerecycled polyester met een gewicht van 280 gram, biedt deze jas een duurzame en hoogwaardige afwerking. Voorzien van handige ritsen in de zakken. Praktisch maar ook trendy dankzij de moderne fit. Perfect voor zowel casual als zakelijke gelegenheden.<br/><br/>- Dubbel gestikte naden, gekleurde nektape ter versteviging en 60°C wasbaar.<br/>- Geborstelde fleece aan de binnenkant voor meer draagcomfort, set-in mouwen, brede ribgebreide boorden.<br/>- 2 Zijzakken met rits. <br/>- 280-Grams sweatjacket, duurzaam vervaardigd uit 80% voorgekrompen katoen en 20% gerecycled polyester. <br/>- Neutraal, enkel maatlabel aanwezig, dus uitermate geschikt voor rebranding. <br/>- Hangtag en polybags met barcode.<br/>- Geschikt voor werk- & casual vrijetijdskleding.<br/>- Beschikbaar van maat XS t/m 7XL.<br/><br/>Ook mogelijk in uw gewenste PMS-kleur aan dezelfde prijs, minimaal 300 stuks door de maten heen.",https://tghimages.nl/B2B_SWJA_WHITE_FRONT.JPG
B2B-SWJA,B2B Sweatjacket Noah,B2B-SWJAWH03,1,Back To Basics,,B2B-SWJAWH03,B2B Sweatjacket Noah,"6,10E+12",1,"61,1",L,white,Sweatjacket Noah white L,Sweatjacket Noah white L,"Deze moderne sweatjacket is ideaal voor dagelijks gebruik en biedt een combinatie van stijl en comfort. Gemaakt van 80% katoen en 20% gerecycled polyester met een gewicht van 280 gram, biedt deze jas een duurzame en hoogwaardige afwerking. Voorzien van handige ritsen in de zakken. Praktisch maar ook trendy dankzij de moderne fit. Perfect voor zowel casual als zakelijke gelegenheden.<br/><br/>- Dubbel gestikte naden, gekleurde nektape ter versteviging en 60°C wasbaar.<br/>- Geborstelde fleece aan de binnenkant voor meer draagcomfort, set-in mouwen, brede ribgebreide boorden.<br/>- 2 Zijzakken met rits. <br/>- 280-Grams sweatjacket, duurzaam vervaardigd uit 80% voorgekrompen katoen en 20% gerecycled polyester. <br/>- Neutraal, enkel maatlabel aanwezig, dus uitermate geschikt voor rebranding. <br/>- Hangtag en polybags met barcode.<br/>- Geschikt voor werk- & casual vrijetijdskleding.<br/>- Beschikbaar van maat XS t/m 7XL.<br/><br/>Ook mogelijk in uw gewenste PMS-kleur aan dezelfde prijs, minimaal 300 stuks door de maten heen.",https://tghimages.nl/B2B_SWJA_WHITE_FRONT.JPG
B2B-SWJA,B2B Sweatjacket Noah,B2B-SWJAWH04,1,Back To Basics,,B2B-SWJAWH04,B2B Sweatjacket Noah,"6,10E+12",1,"61,2",XL,white,Sweatjacket Noah white XL,Sweatjacket Noah white XL,"Deze moderne sweatjacket is ideaal voor dagelijks gebruik en biedt een combinatie van stijl en comfort. Gemaakt van 80% katoen en 20% gerecycled polyester met een gewicht van 280 gram, biedt deze jas een duurzame en hoogwaardige afwerking. Voorzien van handige ritsen in de zakken. Praktisch maar ook trendy dankzij de moderne fit. Perfect voor zowel casual als zakelijke gelegenheden.<br/><br/>- Dubbel gestikte naden, gekleurde nektape ter versteviging en 60°C wasbaar.<br/>- Geborstelde fleece aan de binnenkant voor meer draagcomfort, set-in mouwen, brede ribgebreide boorden.<br/>- 2 Zijzakken met rits. <br/>- 280-Grams sweatjacket, duurzaam vervaardigd uit 80% voorgekrompen katoen en 20% gerecycled polyester. <br/>- Neutraal, enkel maatlabel aanwezig, dus uitermate geschikt voor rebranding. <br/>- Hangtag en polybags met barcode.<br/>- Geschikt voor werk- & casual vrijetijdskleding.<br/>- Beschikbaar van maat XS t/m 7XL.<br/><br/>Ook mogelijk in uw gewenste PMS-kleur aan dezelfde prijs, minimaal 300 stuks door de maten heen.",https://tghimages.nl/B2B_SWJA_WHITE_FRONT.JPG
B2B-SWJA,B2B Sweatjacket Noah,B2B-SWJAWH05,1,Back To Basics,,B2B-SWJAWH05,B2B Sweatjacket Noah,"6,10E+12",1,"61,3",XXL,white,Sweatjacket Noah white XXL,Sweatjacket Noah white XXL,"Deze moderne sweatjacket is ideaal voor dagelijks gebruik en biedt een combinatie van stijl en comfort. Gemaakt van 80% katoen en 20% gerecycled polyester met een gewicht van 280 gram, biedt deze jas een duurzame en hoogwaardige afwerking. Voorzien van handige ritsen in de zakken. Praktisch maar ook trendy dankzij de moderne fit. Perfect voor zowel casual als zakelijke gelegenheden.<br/><br/>- Dubbel gestikte naden, gekleurde nektape ter versteviging en 60°C wasbaar.<br/>- Geborstelde fleece aan de binnenkant voor meer draagcomfort, set-in mouwen, brede ribgebreide boorden.<br/>- 2 Zijzakken met rits. <br/>- 280-Grams sweatjacket, duurzaam vervaardigd uit 80% voorgekrompen katoen en 20% gerecycled polyester. <br/>- Neutraal, enkel maatlabel aanwezig, dus uitermate geschikt voor rebranding. <br/>- Hangtag en polybags met barcode.<br/>- Geschikt voor werk- & casual vrijetijdskleding.<br/>- Beschikbaar van maat XS t/m 7XL.<br/><br/>Ook mogelijk in uw gewenste PMS-kleur aan dezelfde prijs, minimaal 300 stuks door de maten heen.",https://tghimages.nl/B2B_SWJA_WHITE_FRONT.JPG
B2B-SWJA,B2B Sweatjacket Noah,B2B-SWJAWH06,1,Back To Basics,,B2B-SWJAWH06,B2B Sweatjacket Noah,"6,10E+12",1,"61,4",3XL,white,Sweatjacket Noah white 3XL,Sweatjacket Noah white 3XL,"Deze moderne sweatjacket is ideaal voor dagelijks gebruik en biedt een combinatie van stijl en comfort. Gemaakt van 80% katoen en 20% gerecycled polyester met een gewicht van 280 gram, biedt deze jas een duurzame en hoogwaardige afwerking. Voorzien van handige ritsen in de zakken. Praktisch maar ook trendy dankzij de moderne fit. Perfect voor zowel casual als zakelijke gelegenheden.<br/><br/>- Dubbel gestikte naden, gekleurde nektape ter versteviging en 60°C wasbaar.<br/>- Geborstelde fleece aan de binnenkant voor meer draagcomfort, set-in mouwen, brede ribgebreide boorden.<br/>- 2 Zijzakken met rits. <br/>- 280-Grams sweatjacket, duurzaam vervaardigd uit 80% voorgekrompen katoen en 20% gerecycled polyester. <br/>- Neutraal, enkel maatlabel aanwezig, dus uitermate geschikt voor rebranding. <br/>- Hangtag en polybags met barcode.<br/>- Geschikt voor werk- & casual vrijetijdskleding.<br/>- Beschikbaar van maat XS t/m 7XL.<br/><br/>Ook mogelijk in uw gewenste PMS-kleur aan dezelfde prijs, minimaal 300 stuks door de maten heen.",https://tghimages.nl/B2B_SWJA_WHITE_FRONT.JPG
B2B-SWJA,B2B Sweatjacket Noah,B2B-SWJAWH07,1,Back To Basics,,B2B-SWJAWH07,B2B Sweatjacket Noah,"6,10E+12",1,"61,5",4XL,white,Sweatjacket Noah white 4XL,Sweatjacket Noah white 4XL,"Deze moderne sweatjacket is ideaal voor dagelijks gebruik en biedt een combinatie van stijl en comfort. Gemaakt van 80% katoen en 20% gerecycled polyester met een gewicht van 280 gram, biedt deze jas een duurzame en hoogwaardige afwerking. Voorzien van handige ritsen in de zakken. Praktisch maar ook trendy dankzij de moderne fit. Perfect voor zowel casual als zakelijke gelegenheden.<br/><br/>- Dubbel gestikte naden, gekleurde nektape ter versteviging en 60°C wasbaar.<br/>- Geborstelde fleece aan de binnenkant voor meer draagcomfort, set-in mouwen, brede ribgebreide boorden.<br/>- 2 Zijzakken met rits. <br/>- 280-Grams sweatjacket, duurzaam vervaardigd uit 80% voorgekrompen katoen en 20% gerecycled polyester. <br/>- Neutraal, enkel maatlabel aanwezig, dus uitermate geschikt voor rebranding. <br/>- Hangtag en polybags met barcode.<br/>- Geschikt voor werk- & casual vrijetijdskleding.<br/>- Beschikbaar van maat XS t/m 7XL.<br/><br/>Ook mogelijk in uw gewenste PMS-kleur aan dezelfde prijs, minimaal 300 stuks door de maten heen.",https://tghimages.nl/B2B_SWJA_WHITE_FRONT.JPG
B2B-SWJA,B2B Sweatjacket Noah,B2B-SWJAWH08,1,Back To Basics,,B2B-SWJAWH08,B2B Sweatjacket Noah,"6,10E+12",1,"61,6",5XL,white,Sweatjacket Noah white 5XL,Sweatjacket Noah white 5XL,"Deze moderne sweatjacket is ideaal voor dagelijks gebruik en biedt een combinatie van stijl en comfort. Gemaakt van 80% katoen en 20% gerecycled polyester met een gewicht van 280 gram, biedt deze jas een duurzame en hoogwaardige afwerking. Voorzien van handige ritsen in de zakken. Praktisch maar ook trendy dankzij de moderne fit. Perfect voor zowel casual als zakelijke gelegenheden.<br/><br/>- Dubbel gestikte naden, gekleurde nektape ter versteviging en 60°C wasbaar.<br/>- Geborstelde fleece aan de binnenkant voor meer draagcomfort, set-in mouwen, brede ribgebreide boorden.<br/>- 2 Zijzakken met rits. <br/>- 280-Grams sweatjacket, duurzaam vervaardigd uit 80% voorgekrompen katoen en 20% gerecycled polyester. <br/>- Neutraal, enkel maatlabel aanwezig, dus uitermate geschikt voor rebranding. <br/>- Hangtag en polybags met barcode.<br/>- Geschikt voor werk- & casual vrijetijdskleding.<br/>- Beschikbaar van maat XS t/m 7XL.<br/><br/>Ook mogelijk in uw gewenste PMS-kleur aan dezelfde prijs, minimaal 300 stuks door de maten heen.",https://tghimages.nl/B2B_SWJA_WHITE_FRONT.JPG
B2B-SWJA,B2B Sweatjacket Noah,B2B-SWJAWH09,1,Back To Basics,,B2B-SWJAWH09,B2B Sweatjacket Noah,"6,10E+12",1,"61,7",6XL,white,Sweatjacket Noah white 6XL,Sweatjacket Noah white 6XL,"Deze moderne sweatjacket is ideaal voor dagelijks gebruik en biedt een combinatie van stijl en comfort. Gemaakt van 80% katoen en 20% gerecycled polyester met een gewicht van 280 gram, biedt deze jas een duurzame en hoogwaardige afwerking. Voorzien van handige ritsen in de zakken. Praktisch maar ook trendy dankzij de moderne fit. Perfect voor zowel casual als zakelijke gelegenheden.<br/><br/>- Dubbel gestikte naden, gekleurde nektape ter versteviging en 60°C wasbaar.<br/>- Geborstelde fleece aan de binnenkant voor meer draagcomfort, set-in mouwen, brede ribgebreide boorden.<br/>- 2 Zijzakken met rits. <br/>- 280-Grams sweatjacket, duurzaam vervaardigd uit 80% voorgekrompen katoen en 20% gerecycled polyester. <br/>- Neutraal, enkel maatlabel aanwezig, dus uitermate geschikt voor rebranding. <br/>- Hangtag en polybags met barcode.<br/>- Geschikt voor werk- & casual vrijetijdskleding.<br/>- Beschikbaar van maat XS t/m 7XL.<br/><br/>Ook mogelijk in uw gewenste PMS-kleur aan dezelfde prijs, minimaal 300 stuks door de maten heen.",https://tghimages.nl/B2B_SWJA_WHITE_FRONT.JPG
B2B-SWJA,B2B Sweatjacket Noah,B2B-SWJAWH10,1,Back To Basics,,B2B-SWJAWH10,B2B Sweatjacket Noah,"6,10E+12",1,"61,8",7XL,white,Sweatjacket Noah white 7XL,Sweatjacket Noah white 7XL,"Deze moderne sweatjacket is ideaal voor dagelijks gebruik en biedt een combinatie van stijl en comfort. Gemaakt van 80% katoen en 20% gerecycled polyester met een gewicht van 280 gram, biedt deze jas een duurzame en hoogwaardige afwerking. Voorzien van handige ritsen in de zakken. Praktisch maar ook trendy dankzij de moderne fit. Perfect voor zowel casual als zakelijke gelegenheden.<br/><br/>- Dubbel gestikte naden, gekleurde nektape ter versteviging en 60°C wasbaar.<br/>- Geborstelde fleece aan de binnenkant voor meer draagcomfort, set-in mouwen, brede ribgebreide boorden.<br/>- 2 Zijzakken met rits. <br/>- 280-Grams sweatjacket, duurzaam vervaardigd uit 80% voorgekrompen katoen en 20% gerecycled polyester. <br/>- Neutraal, enkel maatlabel aanwezig, dus uitermate geschikt voor rebranding. <br/>- Hangtag en polybags met barcode.<br/>- Geschikt voor werk- & casual vrijetijdskleding.<br/>- Beschikbaar van maat XS t/m 7XL.<br/><br/>Ook mogelijk in uw gewenste PMS-kleur aan dezelfde prijs, minimaal 300 stuks door de maten heen.",https://tghimages.nl/B2B_SWJA_WHITE_FRONT.JPG
B2B-TS160SL,B2B Ladies Stretch T-shirt Gina,B2B-TS160SLAN00,1,Back To Basics,,B2B-TS160SLAN00,B2B Ladies Stretch T-shirt Gina,"6,10E+12",1,"61,9",XS,anthracite,Ladies Stretch T-shirt Gina anthracite XS,Ladies Stretch T-shirt Gina anthracite XS,"Dit T-shirt van 95% voorgekrompen jersey katoen en 5% elastaan behoudt zijn pasvorm, zelfs na meerdere wasbeurten. Het zachte, ademende materiaal biedt ultiem comfort. Dubbel gestikte naden zorgen voor extra duurzaamheid, ideaal voor 
intensief gebruik.<br/><br/>- Dubbel gestikte naden, gekleurde nektape ter versteviging en 60°C wasbaar.<br/>- Set-in mouwen, zijnaden.<br/>- Laag uitgesneden, maar deftige strakke kraag. <br/>- Duurzaam 160-grams T-shirt, vervaardigd uit 95% voorgekrompen katoen en 5% elastaan. <br/>- Neutraal, enkel maatlabel aanwezig, dus uitermate geschikt voor rebranding. <br/>- Hangtag en polybags met barcode.<br/>- Geschikt voor werk- & casual vrijetijdskleding.<br/>- Beschikbaar van maat XS t/m 5XL.<br/><br/>Ook mogelijk in uw gewenste PMS-kleur aan dezelfde prijs, minimaal 300 stuks door de maten heen.",https://tghimages.nl/B2B_TS160SL_ANTHRACITE_FRONT.JPG
B2B-TS160SL,B2B Ladies Stretch T-shirt Gina,B2B-TS160SLAN01,1,Back To Basics,,B2B-TS160SLAN01,B2B Ladies Stretch T-shirt Gina,"6,10E+12",1,62,S,anthracite,Ladies Stretch T-shirt Gina anthracite S,Ladies Stretch T-shirt Gina anthracite S,"Dit T-shirt van 95% voorgekrompen jersey katoen en 5% elastaan behoudt zijn pasvorm, zelfs na meerdere wasbeurten. Het zachte, ademende materiaal biedt ultiem comfort. Dubbel gestikte naden zorgen voor extra duurzaamheid, ideaal voor 
intensief gebruik.<br/><br/>- Dubbel gestikte naden, gekleurde nektape ter versteviging en 60°C wasbaar.<br/>- Set-in mouwen, zijnaden.<br/>- Laag uitgesneden, maar deftige strakke kraag. <br/>- Duurzaam 160-grams T-shirt, vervaardigd uit 95% voorgekrompen katoen en 5% elastaan. <br/>- Neutraal, enkel maatlabel aanwezig, dus uitermate geschikt voor rebranding. <br/>- Hangtag en polybags met barcode.<br/>- Geschikt voor werk- & casual vrijetijdskleding.<br/>- Beschikbaar van maat XS t/m 5XL.<br/><br/>Ook mogelijk in uw gewenste PMS-kleur aan dezelfde prijs, minimaal 300 stuks door de maten heen.",https://tghimages.nl/B2B_TS160SL_ANTHRACITE_FRONT.JPG
B2B-TS160SL,B2B Ladies Stretch T-shirt Gina,B2B-TS160SLAN02,1,Back To Basics,,B2B-TS160SLAN02,B2B Ladies Stretch T-shirt Gina,"6,10E+12",1,"62,1",M,anthracite,Ladies Stretch T-shirt Gina anthracite M,Ladies Stretch T-shirt Gina anthracite M,"Dit T-shirt van 95% voorgekrompen jersey katoen en 5% elastaan behoudt zijn pasvorm, zelfs na meerdere wasbeurten. Het zachte, ademende materiaal biedt ultiem comfort. Dubbel gestikte naden zorgen voor extra duurzaamheid, ideaal voor 
intensief gebruik.<br/><br/>- Dubbel gestikte naden, gekleurde nektape ter versteviging en 60°C wasbaar.<br/>- Set-in mouwen, zijnaden.<br/>- Laag uitgesneden, maar deftige strakke kraag. <br/>- Duurzaam 160-grams T-shirt, vervaardigd uit 95% voorgekrompen katoen en 5% elastaan. <br/>- Neutraal, enkel maatlabel aanwezig, dus uitermate geschikt voor rebranding. <br/>- Hangtag en polybags met barcode.<br/>- Geschikt voor werk- & casual vrijetijdskleding.<br/>- Beschikbaar van maat XS t/m 5XL.<br/><br/>Ook mogelijk in uw gewenste PMS-kleur aan dezelfde prijs, minimaal 300 stuks door de maten heen.",https://tghimages.nl/B2B_TS160SL_ANTHRACITE_FRONT.JPG
B2B-TS160SL,B2B Ladies Stretch T-shirt Gina,B2B-TS160SLAN03,1,Back To Basics,,B2B-TS160SLAN03,B2B Ladies Stretch T-shirt Gina,"6,10E+12",1,"62,2",L,anthracite,Ladies Stretch T-shirt Gina anthracite L,Ladies Stretch T-shirt Gina anthracite L,"Dit T-shirt van 95% voorgekrompen jersey katoen en 5% elastaan behoudt zijn pasvorm, zelfs na meerdere wasbeurten. Het zachte, ademende materiaal biedt ultiem comfort. Dubbel gestikte naden zorgen voor extra duurzaamheid, ideaal voor 
intensief gebruik.<br/><br/>- Dubbel gestikte naden, gekleurde nektape ter versteviging en 60°C wasbaar.<br/>- Set-in mouwen, zijnaden.<br/>- Laag uitgesneden, maar deftige strakke kraag. <br/>- Duurzaam 160-grams T-shirt, vervaardigd uit 95% voorgekrompen katoen en 5% elastaan. <br/>- Neutraal, enkel maatlabel aanwezig, dus uitermate geschikt voor rebranding. <br/>- Hangtag en polybags met barcode.<br/>- Geschikt voor werk- & casual vrijetijdskleding.<br/>- Beschikbaar van maat XS t/m 5XL.<br/><br/>Ook mogelijk in uw gewenste PMS-kleur aan dezelfde prijs, minimaal 300 stuks door de maten heen.",https://tghimages.nl/B2B_TS160SL_ANTHRACITE_FRONT.JPG
B2B-TS160SL,B2B Ladies Stretch T-shirt Gina,B2B-TS160SLAN04,1,Back To Basics,,B2B-TS160SLAN04,B2B Ladies Stretch T-shirt Gina,"6,10E+12",1,"62,3",XL,anthracite,Ladies Stretch T-shirt Gina anthracite XL,Ladies Stretch T-shirt Gina anthracite XL,"Dit T-shirt van 95% voorgekrompen jersey katoen en 5% elastaan behoudt zijn pasvorm, zelfs na meerdere wasbeurten. Het zachte, ademende materiaal biedt ultiem comfort. Dubbel gestikte naden zorgen voor extra duurzaamheid, ideaal voor 
intensief gebruik.<br/><br/>- Dubbel gestikte naden, gekleurde nektape ter versteviging en 60°C wasbaar.<br/>- Set-in mouwen, zijnaden.<br/>- Laag uitgesneden, maar deftige strakke kraag. <br/>- Duurzaam 160-grams T-shirt, vervaardigd uit 95% voorgekrompen katoen en 5% elastaan. <br/>- Neutraal, enkel maatlabel aanwezig, dus uitermate geschikt voor rebranding. <br/>- Hangtag en polybags met barcode.<br/>- Geschikt voor werk- & casual vrijetijdskleding.<br/>- Beschikbaar van maat XS t/m 5XL.<br/><br/>Ook mogelijk in uw gewenste PMS-kleur aan dezelfde prijs, minimaal 300 stuks door de maten heen.",https://tghimages.nl/B2B_TS160SL_ANTHRACITE_FRONT.JPG
B2B-TS160SL,B2B Ladies Stretch T-shirt Gina,B2B-TS160SLAN05,1,Back To Basics,,B2B-TS160SLAN05,B2B Ladies Stretch T-shirt Gina,"6,10E+12",1,"62,4",XXL,anthracite,Ladies Stretch T-shirt Gina anthracite XXL,Ladies Stretch T-shirt Gina anthracite XXL,"Dit T-shirt van 95% voorgekrompen jersey katoen en 5% elastaan behoudt zijn pasvorm, zelfs na meerdere wasbeurten. Het zachte, ademende materiaal biedt ultiem comfort. Dubbel gestikte naden zorgen voor extra duurzaamheid, ideaal voor 
intensief gebruik.<br/><br/>- Dubbel gestikte naden, gekleurde nektape ter versteviging en 60°C wasbaar.<br/>- Set-in mouwen, zijnaden.<br/>- Laag uitgesneden, maar deftige strakke kraag. <br/>- Duurzaam 160-grams T-shirt, vervaardigd uit 95% voorgekrompen katoen en 5% elastaan. <br/>- Neutraal, enkel maatlabel aanwezig, dus uitermate geschikt voor rebranding. <br/>- Hangtag en polybags met barcode.<br/>- Geschikt voor werk- & casual vrijetijdskleding.<br/>- Beschikbaar van maat XS t/m 5XL.<br/><br/>Ook mogelijk in uw gewenste PMS-kleur aan dezelfde prijs, minimaal 300 stuks door de maten heen.",https://tghimages.nl/B2B_TS160SL_ANTHRACITE_FRONT.JPG
B2B-TS160SL,B2B Ladies Stretch T-shirt Gina,B2B-TS160SLAN06,1,Back To Basics,,B2B-TS160SLAN06,B2B Ladies Stretch T-shirt Gina,"6,10E+12",1,"62,5",3XL,anthracite,Ladies Stretch T-shirt Gina anthracite 3XL,Ladies Stretch T-shirt Gina anthracite 3XL,"Dit T-shirt van 95% voorgekrompen jersey katoen en 5% elastaan behoudt zijn pasvorm, zelfs na meerdere wasbeurten. Het zachte, ademende materiaal biedt ultiem comfort. Dubbel gestikte naden zorgen voor extra duurzaamheid, ideaal voor 
intensief gebruik.<br/><br/>- Dubbel gestikte naden, gekleurde nektape ter versteviging en 60°C wasbaar.<br/>- Set-in mouwen, zijnaden.<br/>- Laag uitgesneden, maar deftige strakke kraag. <br/>- Duurzaam 160-grams T-shirt, vervaardigd uit 95% voorgekrompen katoen en 5% elastaan. <br/>- Neutraal, enkel maatlabel aanwezig, dus uitermate geschikt voor rebranding. <br/>- Hangtag en polybags met barcode.<br/>- Geschikt voor werk- & casual vrijetijdskleding.<br/>- Beschikbaar van maat XS t/m 5XL.<br/><br/>Ook mogelijk in uw gewenste PMS-kleur aan dezelfde prijs, minimaal 300 stuks door de maten heen.",https://tghimages.nl/B2B_TS160SL_ANTHRACITE_FRONT.JPG
B2B-TS160SL,B2B Ladies Stretch T-shirt Gina,B2B-TS160SLAN07,1,Back To Basics,,B2B-TS160SLAN07,B2B Ladies Stretch T-shirt Gina,"6,10E+12",1,"62,6",4XL,anthracite,Ladies Stretch T-shirt Gina anthracite 4XL,Ladies Stretch T-shirt Gina anthracite 4XL,"Dit T-shirt van 95% voorgekrompen jersey katoen en 5% elastaan behoudt zijn pasvorm, zelfs na meerdere wasbeurten. Het zachte, ademende materiaal biedt ultiem comfort. Dubbel gestikte naden zorgen voor extra duurzaamheid, ideaal voor 
intensief gebruik.<br/><br/>- Dubbel gestikte naden, gekleurde nektape ter versteviging en 60°C wasbaar.<br/>- Set-in mouwen, zijnaden.<br/>- Laag uitgesneden, maar deftige strakke kraag. <br/>- Duurzaam 160-grams T-shirt, vervaardigd uit 95% voorgekrompen katoen en 5% elastaan. <br/>- Neutraal, enkel maatlabel aanwezig, dus uitermate geschikt voor rebranding. <br/>- Hangtag en polybags met barcode.<br/>- Geschikt voor werk- & casual vrijetijdskleding.<br/>- Beschikbaar van maat XS t/m 5XL.<br/><br/>Ook mogelijk in uw gewenste PMS-kleur aan dezelfde prijs, minimaal 300 stuks door de maten heen.",https://tghimages.nl/B2B_TS160SL_ANTHRACITE_FRONT.JPG
B2B-TS160SL,B2B Ladies Stretch T-shirt Gina,B2B-TS160SLAN08,1,Back To Basics,,B2B-TS160SLAN08,B2B Ladies Stretch T-shirt Gina,"6,10E+12",1,"62,7",5XL,anthracite,Ladies Stretch T-shirt Gina anthracite 5XL,Ladies Stretch T-shirt Gina anthracite 5XL,"Dit T-shirt van 95% voorgekrompen jersey katoen en 5% elastaan behoudt zijn pasvorm, zelfs na meerdere wasbeurten. Het zachte, ademende materiaal biedt ultiem comfort. Dubbel gestikte naden zorgen voor extra duurzaamheid, ideaal voor 
intensief gebruik.<br/><br/>- Dubbel gestikte naden, gekleurde nektape ter versteviging en 60°C wasbaar.<br/>- Set-in mouwen, zijnaden.<br/>- Laag uitgesneden, maar deftige strakke kraag. <br/>- Duurzaam 160-grams T-shirt, vervaardigd uit 95% voorgekrompen katoen en 5% elastaan. <br/>- Neutraal, enkel maatlabel aanwezig, dus uitermate geschikt voor rebranding. <br/>- Hangtag en polybags met barcode.<br/>- Geschikt voor werk- & casual vrijetijdskleding.<br/>- Beschikbaar van maat XS t/m 5XL.<br/><br/>Ook mogelijk in uw gewenste PMS-kleur aan dezelfde prijs, minimaal 300 stuks door de maten heen.",https://tghimages.nl/B2B_TS160SL_ANTHRACITE_FRONT.JPG
B2B-TS160SL,B2B Ladies Stretch T-shirt Gina,B2B-TS160SLBL00,1,Back To Basics,,B2B-TS160SLBL00,B2B Ladies Stretch T-shirt Gina,"6,10E+12",1,"62,8",XS,black,Ladies Stretch T-shirt Gina black XS,Ladies Stretch T-shirt Gina black XS,"Dit T-shirt van 95% voorgekrompen jersey katoen en 5% elastaan behoudt zijn pasvorm, zelfs na meerdere wasbeurten. Het zachte, ademende materiaal biedt ultiem comfort. Dubbel gestikte naden zorgen voor extra duurzaamheid, ideaal voor 
intensief gebruik.<br/><br/>- Dubbel gestikte naden, gekleurde nektape ter versteviging en 60°C wasbaar.<br/>- Set-in mouwen, zijnaden.<br/>- Laag uitgesneden, maar deftige strakke kraag. <br/>- Duurzaam 160-grams T-shirt, vervaardigd uit 95% voorgekrompen katoen en 5% elastaan. <br/>- Neutraal, enkel maatlabel aanwezig, dus uitermate geschikt voor rebranding. <br/>- Hangtag en polybags met barcode.<br/>- Geschikt voor werk- & casual vrijetijdskleding.<br/>- Beschikbaar van maat XS t/m 5XL.<br/><br/>Ook mogelijk in uw gewenste PMS-kleur aan dezelfde prijs, minimaal 300 stuks door de maten heen.",https://tghimages.nl/B2B_TS160SL_BLACK_FRONT.JPG
B2B-TS160SL,B2B Ladies Stretch T-shirt Gina,B2B-TS160SLBL01,1,Back To Basics,,B2B-TS160SLBL01,B2B Ladies Stretch T-shirt Gina,"6,10E+12",1,"62,9",S,black,Ladies Stretch T-shirt Gina black S,Ladies Stretch T-shirt Gina black S,"Dit T-shirt van 95% voorgekrompen jersey katoen en 5% elastaan behoudt zijn pasvorm, zelfs na meerdere wasbeurten. Het zachte, ademende materiaal biedt ultiem comfort. Dubbel gestikte naden zorgen voor extra duurzaamheid, ideaal voor 
intensief gebruik.<br/><br/>- Dubbel gestikte naden, gekleurde nektape ter versteviging en 60°C wasbaar.<br/>- Set-in mouwen, zijnaden.<br/>- Laag uitgesneden, maar deftige strakke kraag. <br/>- Duurzaam 160-grams T-shirt, vervaardigd uit 95% voorgekrompen katoen en 5% elastaan. <br/>- Neutraal, enkel maatlabel aanwezig, dus uitermate geschikt voor rebranding. <br/>- Hangtag en polybags met barcode.<br/>- Geschikt voor werk- & casual vrijetijdskleding.<br/>- Beschikbaar van maat XS t/m 5XL.<br/><br/>Ook mogelijk in uw gewenste PMS-kleur aan dezelfde prijs, minimaal 300 stuks door de maten heen.",https://tghimages.nl/B2B_TS160SL_BLACK_FRONT.JPG
B2B-TS160SL,B2B Ladies Stretch T-shirt Gina,B2B-TS160SLBL02,1,Back To Basics,,B2B-TS160SLBL02,B2B Ladies Stretch T-shirt Gina,"6,10E+12",1,63,M,black,Ladies Stretch T-shirt Gina black M,Ladies Stretch T-shirt Gina black M,"Dit T-shirt van 95% voorgekrompen jersey katoen en 5% elastaan behoudt zijn pasvorm, zelfs na meerdere wasbeurten. Het zachte, ademende materiaal biedt ultiem comfort. Dubbel gestikte naden zorgen voor extra duurzaamheid, ideaal voor 
intensief gebruik.<br/><br/>- Dubbel gestikte naden, gekleurde nektape ter versteviging en 60°C wasbaar.<br/>- Set-in mouwen, zijnaden.<br/>- Laag uitgesneden, maar deftige strakke kraag. <br/>- Duurzaam 160-grams T-shirt, vervaardigd uit 95% voorgekrompen katoen en 5% elastaan. <br/>- Neutraal, enkel maatlabel aanwezig, dus uitermate geschikt voor rebranding. <br/>- Hangtag en polybags met barcode.<br/>- Geschikt voor werk- & casual vrijetijdskleding.<br/>- Beschikbaar van maat XS t/m 5XL.<br/><br/>Ook mogelijk in uw gewenste PMS-kleur aan dezelfde prijs, minimaal 300 stuks door de maten heen.",https://tghimages.nl/B2B_TS160SL_BLACK_FRONT.JPG
B2B-TS160SL,B2B Ladies Stretch T-shirt Gina,B2B-TS160SLBL03,1,Back To Basics,,B2B-TS160SLBL03,B2B Ladies Stretch T-shirt Gina,"6,10E+12",1,"63,1",L,black,Ladies Stretch T-shirt Gina black L,Ladies Stretch T-shirt Gina black L,"Dit T-shirt van 95% voorgekrompen jersey katoen en 5% elastaan behoudt zijn pasvorm, zelfs na meerdere wasbeurten. Het zachte, ademende materiaal biedt ultiem comfort. Dubbel gestikte naden zorgen voor extra duurzaamheid, ideaal voor 
intensief gebruik.<br/><br/>- Dubbel gestikte naden, gekleurde nektape ter versteviging en 60°C wasbaar.<br/>- Set-in mouwen, zijnaden.<br/>- Laag uitgesneden, maar deftige strakke kraag. <br/>- Duurzaam 160-grams T-shirt, vervaardigd uit 95% voorgekrompen katoen en 5% elastaan. <br/>- Neutraal, enkel maatlabel aanwezig, dus uitermate geschikt voor rebranding. <br/>- Hangtag en polybags met barcode.<br/>- Geschikt voor werk- & casual vrijetijdskleding.<br/>- Beschikbaar van maat XS t/m 5XL.<br/><br/>Ook mogelijk in uw gewenste PMS-kleur aan dezelfde prijs, minimaal 300 stuks door de maten heen.",https://tghimages.nl/B2B_TS160SL_BLACK_FRONT.JPG
B2B-TS160SL,B2B Ladies Stretch T-shirt Gina,B2B-TS160SLBL04,1,Back To Basics,,B2B-TS160SLBL04,B2B Ladies Stretch T-shirt Gina,"6,10E+12",1,"63,2",XL,black,Ladies Stretch T-shirt Gina black XL,Ladies Stretch T-shirt Gina black XL,"Dit T-shirt van 95% voorgekrompen jersey katoen en 5% elastaan behoudt zijn pasvorm, zelfs na meerdere wasbeurten. Het zachte, ademende materiaal biedt ultiem comfort. Dubbel gestikte naden zorgen voor extra duurzaamheid, ideaal voor 
intensief gebruik.<br/><br/>- Dubbel gestikte naden, gekleurde nektape ter versteviging en 60°C wasbaar.<br/>- Set-in mouwen, zijnaden.<br/>- Laag uitgesneden, maar deftige strakke kraag. <br/>- Duurzaam 160-grams T-shirt, vervaardigd uit 95% voorgekrompen katoen en 5% elastaan. <br/>- Neutraal, enkel maatlabel aanwezig, dus uitermate geschikt voor rebranding. <br/>- Hangtag en polybags met barcode.<br/>- Geschikt voor werk- & casual vrijetijdskleding.<br/>- Beschikbaar van maat XS t/m 5XL.<br/><br/>Ook mogelijk in uw gewenste PMS-kleur aan dezelfde prijs, minimaal 300 stuks door de maten heen.",https://tghimages.nl/B2B_TS160SL_BLACK_FRONT.JPG
B2B-TS160SL,B2B Ladies Stretch T-shirt Gina,B2B-TS160SLBL05,1,Back To Basics,,B2B-TS160SLBL05,B2B Ladies Stretch T-shirt Gina,"6,10E+12",1,"63,3",XXL,black,Ladies Stretch T-shirt Gina black XXL,Ladies Stretch T-shirt Gina black XXL,"Dit T-shirt van 95% voorgekrompen jersey katoen en 5% elastaan behoudt zijn pasvorm, zelfs na meerdere wasbeurten. Het zachte, ademende materiaal biedt ultiem comfort. Dubbel gestikte naden zorgen voor extra duurzaamheid, ideaal voor 
intensief gebruik.<br/><br/>- Dubbel gestikte naden, gekleurde nektape ter versteviging en 60°C wasbaar.<br/>- Set-in mouwen, zijnaden.<br/>- Laag uitgesneden, maar deftige strakke kraag. <br/>- Duurzaam 160-grams T-shirt, vervaardigd uit 95% voorgekrompen katoen en 5% elastaan. <br/>- Neutraal, enkel maatlabel aanwezig, dus uitermate geschikt voor rebranding. <br/>- Hangtag en polybags met barcode.<br/>- Geschikt voor werk- & casual vrijetijdskleding.<br/>- Beschikbaar van maat XS t/m 5XL.<br/><br/>Ook mogelijk in uw gewenste PMS-kleur aan dezelfde prijs, minimaal 300 stuks door de maten heen.",https://tghimages.nl/B2B_TS160SL_BLACK_FRONT.JPG
B2B-TS160SL,B2B Ladies Stretch T-shirt Gina,B2B-TS160SLBL06,1,Back To Basics,,B2B-TS160SLBL06,B2B Ladies Stretch T-shirt Gina,"6,10E+12",1,"63,4",3XL,black,Ladies Stretch T-shirt Gina black 3XL,Ladies Stretch T-shirt Gina black 3XL,"Dit T-shirt van 95% voorgekrompen jersey katoen en 5% elastaan behoudt zijn pasvorm, zelfs na meerdere wasbeurten. Het zachte, ademende materiaal biedt ultiem comfort. Dubbel gestikte naden zorgen voor extra duurzaamheid, ideaal voor 
intensief gebruik.<br/><br/>- Dubbel gestikte naden, gekleurde nektape ter versteviging en 60°C wasbaar.<br/>- Set-in mouwen, zijnaden.<br/>- Laag uitgesneden, maar deftige strakke kraag. <br/>- Duurzaam 160-grams T-shirt, vervaardigd uit 95% voorgekrompen katoen en 5% elastaan. <br/>- Neutraal, enkel maatlabel aanwezig, dus uitermate geschikt voor rebranding. <br/>- Hangtag en polybags met barcode.<br/>- Geschikt voor werk- & casual vrijetijdskleding.<br/>- Beschikbaar van maat XS t/m 5XL.<br/><br/>Ook mogelijk in uw gewenste PMS-kleur aan dezelfde prijs, minimaal 300 stuks door de maten heen.",https://tghimages.nl/B2B_TS160SL_BLACK_FRONT.JPG
B2B-TS160SL,B2B Ladies Stretch T-shirt Gina,B2B-TS160SLBL07,1,Back To Basics,,B2B-TS160SLBL07,B2B Ladies Stretch T-shirt Gina,"6,10E+12",1,"63,5",4XL,black,Ladies Stretch T-shirt Gina black 4XL,Ladies Stretch T-shirt Gina black 4XL,"Dit T-shirt van 95% voorgekrompen jersey katoen en 5% elastaan behoudt zijn pasvorm, zelfs na meerdere wasbeurten. Het zachte, ademende materiaal biedt ultiem comfort. Dubbel gestikte naden zorgen voor extra duurzaamheid, ideaal voor 
intensief gebruik.<br/><br/>- Dubbel gestikte naden, gekleurde nektape ter versteviging en 60°C wasbaar.<br/>- Set-in mouwen, zijnaden.<br/>- Laag uitgesneden, maar deftige strakke kraag. <br/>- Duurzaam 160-grams T-shirt, vervaardigd uit 95% voorgekrompen katoen en 5% elastaan. <br/>- Neutraal, enkel maatlabel aanwezig, dus uitermate geschikt voor rebranding. <br/>- Hangtag en polybags met barcode.<br/>- Geschikt voor werk- & casual vrijetijdskleding.<br/>- Beschikbaar van maat XS t/m 5XL.<br/><br/>Ook mogelijk in uw gewenste PMS-kleur aan dezelfde prijs, minimaal 300 stuks door de maten heen.",https://tghimages.nl/B2B_TS160SL_BLACK_FRONT.JPG
B2B-TS160SL,B2B Ladies Stretch T-shirt Gina,B2B-TS160SLBL08,1,Back To Basics,,B2B-TS160SLBL08,B2B Ladies Stretch T-shirt Gina,"6,10E+12",1,"63,6",5XL,black,Ladies Stretch T-shirt Gina black 5XL,Ladies Stretch T-shirt Gina black 5XL,"Dit T-shirt van 95% voorgekrompen jersey katoen en 5% elastaan behoudt zijn pasvorm, zelfs na meerdere wasbeurten. Het zachte, ademende materiaal biedt ultiem comfort. Dubbel gestikte naden zorgen voor extra duurzaamheid, ideaal voor 
intensief gebruik.<br/><br/>- Dubbel gestikte naden, gekleurde nektape ter versteviging en 60°C wasbaar.<br/>- Set-in mouwen, zijnaden.<br/>- Laag uitgesneden, maar deftige strakke kraag. <br/>- Duurzaam 160-grams T-shirt, vervaardigd uit 95% voorgekrompen katoen en 5% elastaan. <br/>- Neutraal, enkel maatlabel aanwezig, dus uitermate geschikt voor rebranding. <br/>- Hangtag en polybags met barcode.<br/>- Geschikt voor werk- & casual vrijetijdskleding.<br/>- Beschikbaar van maat XS t/m 5XL.<br/><br/>Ook mogelijk in uw gewenste PMS-kleur aan dezelfde prijs, minimaal 300 stuks door de maten heen.",https://tghimages.nl/B2B_TS160SL_BLACK_FRONT.JPG
B2B-TS160SL,B2B Ladies Stretch T-shirt Gina,B2B-TS160SLNA00,1,Back To Basics,,B2B-TS160SLNA00,B2B Ladies Stretch T-shirt Gina,"6,10E+12",1,"63,7",XS,navy,Ladies Stretch T-shirt Gina navy XS,Ladies Stretch T-shirt Gina navy XS,"Dit T-shirt van 95% voorgekrompen jersey katoen en 5% elastaan behoudt zijn pasvorm, zelfs na meerdere wasbeurten. Het zachte, ademende materiaal biedt ultiem comfort. Dubbel gestikte naden zorgen voor extra duurzaamheid, ideaal voor 
intensief gebruik.<br/><br/>- Dubbel gestikte naden, gekleurde nektape ter versteviging en 60°C wasbaar.<br/>- Set-in mouwen, zijnaden.<br/>- Laag uitgesneden, maar deftige strakke kraag. <br/>- Duurzaam 160-grams T-shirt, vervaardigd uit 95% voorgekrompen katoen en 5% elastaan. <br/>- Neutraal, enkel maatlabel aanwezig, dus uitermate geschikt voor rebranding. <br/>- Hangtag en polybags met barcode.<br/>- Geschikt voor werk- & casual vrijetijdskleding.<br/>- Beschikbaar van maat XS t/m 5XL.<br/><br/>Ook mogelijk in uw gewenste PMS-kleur aan dezelfde prijs, minimaal 300 stuks door de maten heen.",https://tghimages.nl/B2B_TS160SL_NAVY_FRONT.JPG
B2B-TS160SL,B2B Ladies Stretch T-shirt Gina,B2B-TS160SLNA01,1,Back To Basics,,B2B-TS160SLNA01,B2B Ladies Stretch T-shirt Gina,"6,10E+12",1,"63,8",S,navy,Ladies Stretch T-shirt Gina navy S,Ladies Stretch T-shirt Gina navy S,"Dit T-shirt van 95% voorgekrompen jersey katoen en 5% elastaan behoudt zijn pasvorm, zelfs na meerdere wasbeurten. Het zachte, ademende materiaal biedt ultiem comfort. Dubbel gestikte naden zorgen voor extra duurzaamheid, ideaal voor 
intensief gebruik.<br/><br/>- Dubbel gestikte naden, gekleurde nektape ter versteviging en 60°C wasbaar.<br/>- Set-in mouwen, zijnaden.<br/>- Laag uitgesneden, maar deftige strakke kraag. <br/>- Duurzaam 160-grams T-shirt, vervaardigd uit 95% voorgekrompen katoen en 5% elastaan. <br/>- Neutraal, enkel maatlabel aanwezig, dus uitermate geschikt voor rebranding. <br/>- Hangtag en polybags met barcode.<br/>- Geschikt voor werk- & casual vrijetijdskleding.<br/>- Beschikbaar van maat XS t/m 5XL.<br/><br/>Ook mogelijk in uw gewenste PMS-kleur aan dezelfde prijs, minimaal 300 stuks door de maten heen.",https://tghimages.nl/B2B_TS160SL_NAVY_FRONT.JPG
B2B-TS160SL,B2B Ladies Stretch T-shirt Gina,B2B-TS160SLNA02,1,Back To Basics,,B2B-TS160SLNA02,B2B Ladies Stretch T-shirt Gina,"6,10E+12",1,"63,9",M,navy,Ladies Stretch T-shirt Gina navy M,Ladies Stretch T-shirt Gina navy M,"Dit T-shirt van 95% voorgekrompen jersey katoen en 5% elastaan behoudt zijn pasvorm, zelfs na meerdere wasbeurten. Het zachte, ademende materiaal biedt ultiem comfort. Dubbel gestikte naden zorgen voor extra duurzaamheid, ideaal voor 
intensief gebruik.<br/><br/>- Dubbel gestikte naden, gekleurde nektape ter versteviging en 60°C wasbaar.<br/>- Set-in mouwen, zijnaden.<br/>- Laag uitgesneden, maar deftige strakke kraag. <br/>- Duurzaam 160-grams T-shirt, vervaardigd uit 95% voorgekrompen katoen en 5% elastaan. <br/>- Neutraal, enkel maatlabel aanwezig, dus uitermate geschikt voor rebranding. <br/>- Hangtag en polybags met barcode.<br/>- Geschikt voor werk- & casual vrijetijdskleding.<br/>- Beschikbaar van maat XS t/m 5XL.<br/><br/>Ook mogelijk in uw gewenste PMS-kleur aan dezelfde prijs, minimaal 300 stuks door de maten heen.",https://tghimages.nl/B2B_TS160SL_NAVY_FRONT.JPG
B2B-TS160SL,B2B Ladies Stretch T-shirt Gina,B2B-TS160SLNA03,1,Back To Basics,,B2B-TS160SLNA03,B2B Ladies Stretch T-shirt Gina,"6,10E+12",1,64,L,navy,Ladies Stretch T-shirt Gina navy L,Ladies Stretch T-shirt Gina navy L,"Dit T-shirt van 95% voorgekrompen jersey katoen en 5% elastaan behoudt zijn pasvorm, zelfs na meerdere wasbeurten. Het zachte, ademende materiaal biedt ultiem comfort. Dubbel gestikte naden zorgen voor extra duurzaamheid, ideaal voor 
intensief gebruik.<br/><br/>- Dubbel gestikte naden, gekleurde nektape ter versteviging en 60°C wasbaar.<br/>- Set-in mouwen, zijnaden.<br/>- Laag uitgesneden, maar deftige strakke kraag. <br/>- Duurzaam 160-grams T-shirt, vervaardigd uit 95% voorgekrompen katoen en 5% elastaan. <br/>- Neutraal, enkel maatlabel aanwezig, dus uitermate geschikt voor rebranding. <br/>- Hangtag en polybags met barcode.<br/>- Geschikt voor werk- & casual vrijetijdskleding.<br/>- Beschikbaar van maat XS t/m 5XL.<br/><br/>Ook mogelijk in uw gewenste PMS-kleur aan dezelfde prijs, minimaal 300 stuks door de maten heen.",https://tghimages.nl/B2B_TS160SL_NAVY_FRONT.JPG
B2B-TS160SL,B2B Ladies Stretch T-shirt Gina,B2B-TS160SLNA04,1,Back To Basics,,B2B-TS160SLNA04,B2B Ladies Stretch T-shirt Gina,"6,10E+12",1,"64,1",XL,navy,Ladies Stretch T-shirt Gina navy XL,Ladies Stretch T-shirt Gina navy XL,"Dit T-shirt van 95% voorgekrompen jersey katoen en 5% elastaan behoudt zijn pasvorm, zelfs na meerdere wasbeurten. Het zachte, ademende materiaal biedt ultiem comfort. Dubbel gestikte naden zorgen voor extra duurzaamheid, ideaal voor 
intensief gebruik.<br/><br/>- Dubbel gestikte naden, gekleurde nektape ter versteviging en 60°C wasbaar.<br/>- Set-in mouwen, zijnaden.<br/>- Laag uitgesneden, maar deftige strakke kraag. <br/>- Duurzaam 160-grams T-shirt, vervaardigd uit 95% voorgekrompen katoen en 5% elastaan. <br/>- Neutraal, enkel maatlabel aanwezig, dus uitermate geschikt voor rebranding. <br/>- Hangtag en polybags met barcode.<br/>- Geschikt voor werk- & casual vrijetijdskleding.<br/>- Beschikbaar van maat XS t/m 5XL.<br/><br/>Ook mogelijk in uw gewenste PMS-kleur aan dezelfde prijs, minimaal 300 stuks door de maten heen.",https://tghimages.nl/B2B_TS160SL_NAVY_FRONT.JPG
B2B-TS160SL,B2B Ladies Stretch T-shirt Gina,B2B-TS160SLNA05,1,Back To Basics,,B2B-TS160SLNA05,B2B Ladies Stretch T-shirt Gina,"6,10E+12",1,"64,2",XXL,navy,Ladies Stretch T-shirt Gina navy XXL,Ladies Stretch T-shirt Gina navy XXL,"Dit T-shirt van 95% voorgekrompen jersey katoen en 5% elastaan behoudt zijn pasvorm, zelfs na meerdere wasbeurten. Het zachte, ademende materiaal biedt ultiem comfort. Dubbel gestikte naden zorgen voor extra duurzaamheid, ideaal voor 
intensief gebruik.<br/><br/>- Dubbel gestikte naden, gekleurde nektape ter versteviging en 60°C wasbaar.<br/>- Set-in mouwen, zijnaden.<br/>- Laag uitgesneden, maar deftige strakke kraag. <br/>- Duurzaam 160-grams T-shirt, vervaardigd uit 95% voorgekrompen katoen en 5% elastaan. <br/>- Neutraal, enkel maatlabel aanwezig, dus uitermate geschikt voor rebranding. <br/>- Hangtag en polybags met barcode.<br/>- Geschikt voor werk- & casual vrijetijdskleding.<br/>- Beschikbaar van maat XS t/m 5XL.<br/><br/>Ook mogelijk in uw gewenste PMS-kleur aan dezelfde prijs, minimaal 300 stuks door de maten heen.",https://tghimages.nl/B2B_TS160SL_NAVY_FRONT.JPG
B2B-TS160SL,B2B Ladies Stretch T-shirt Gina,B2B-TS160SLNA06,1,Back To Basics,,B2B-TS160SLNA06,B2B Ladies Stretch T-shirt Gina,"6,10E+12",1,"64,3",3XL,navy,Ladies Stretch T-shirt Gina navy 3XL,Ladies Stretch T-shirt Gina navy 3XL,"Dit T-shirt van 95% voorgekrompen jersey katoen en 5% elastaan behoudt zijn pasvorm, zelfs na meerdere wasbeurten. Het zachte, ademende materiaal biedt ultiem comfort. Dubbel gestikte naden zorgen voor extra duurzaamheid, ideaal voor 
intensief gebruik.<br/><br/>- Dubbel gestikte naden, gekleurde nektape ter versteviging en 60°C wasbaar.<br/>- Set-in mouwen, zijnaden.<br/>- Laag uitgesneden, maar deftige strakke kraag. <br/>- Duurzaam 160-grams T-shirt, vervaardigd uit 95% voorgekrompen katoen en 5% elastaan. <br/>- Neutraal, enkel maatlabel aanwezig, dus uitermate geschikt voor rebranding. <br/>- Hangtag en polybags met barcode.<br/>- Geschikt voor werk- & casual vrijetijdskleding.<br/>- Beschikbaar van maat XS t/m 5XL.<br/><br/>Ook mogelijk in uw gewenste PMS-kleur aan dezelfde prijs, minimaal 300 stuks door de maten heen.",https://tghimages.nl/B2B_TS160SL_NAVY_FRONT.JPG
B2B-TS160SL,B2B Ladies Stretch T-shirt Gina,B2B-TS160SLNA07,1,Back To Basics,,B2B-TS160SLNA07,B2B Ladies Stretch T-shirt Gina,"6,10E+12",1,"64,4",4XL,navy,Ladies Stretch T-shirt Gina navy 4XL,Ladies Stretch T-shirt Gina navy 4XL,"Dit T-shirt van 95% voorgekrompen jersey katoen en 5% elastaan behoudt zijn pasvorm, zelfs na meerdere wasbeurten. Het zachte, ademende materiaal biedt ultiem comfort. Dubbel gestikte naden zorgen voor extra duurzaamheid, ideaal voor 
intensief gebruik.<br/><br/>- Dubbel gestikte naden, gekleurde nektape ter versteviging en 60°C wasbaar.<br/>- Set-in mouwen, zijnaden.<br/>- Laag uitgesneden, maar deftige strakke kraag. <br/>- Duurzaam 160-grams T-shirt, vervaardigd uit 95% voorgekrompen katoen en 5% elastaan. <br/>- Neutraal, enkel maatlabel aanwezig, dus uitermate geschikt voor rebranding. <br/>- Hangtag en polybags met barcode.<br/>- Geschikt voor werk- & casual vrijetijdskleding.<br/>- Beschikbaar van maat XS t/m 5XL.<br/><br/>Ook mogelijk in uw gewenste PMS-kleur aan dezelfde prijs, minimaal 300 stuks door de maten heen.",https://tghimages.nl/B2B_TS160SL_NAVY_FRONT.JPG
B2B-TS160SL,B2B Ladies Stretch T-shirt Gina,B2B-TS160SLNA08,1,Back To Basics,,B2B-TS160SLNA08,B2B Ladies Stretch T-shirt Gina,"6,10E+12",1,"64,5",5XL,navy,Ladies Stretch T-shirt Gina navy 5XL,Ladies Stretch T-shirt Gina navy 5XL,"Dit T-shirt van 95% voorgekrompen jersey katoen en 5% elastaan behoudt zijn pasvorm, zelfs na meerdere wasbeurten. Het zachte, ademende materiaal biedt ultiem comfort. Dubbel gestikte naden zorgen voor extra duurzaamheid, ideaal voor 
intensief gebruik.<br/><br/>- Dubbel gestikte naden, gekleurde nektape ter versteviging en 60°C wasbaar.<br/>- Set-in mouwen, zijnaden.<br/>- Laag uitgesneden, maar deftige strakke kraag. <br/>- Duurzaam 160-grams T-shirt, vervaardigd uit 95% voorgekrompen katoen en 5% elastaan. <br/>- Neutraal, enkel maatlabel aanwezig, dus uitermate geschikt voor rebranding. <br/>- Hangtag en polybags met barcode.<br/>- Geschikt voor werk- & casual vrijetijdskleding.<br/>- Beschikbaar van maat XS t/m 5XL.<br/><br/>Ook mogelijk in uw gewenste PMS-kleur aan dezelfde prijs, minimaal 300 stuks door de maten heen.",https://tghimages.nl/B2B_TS160SL_NAVY_FRONT.JPG
B2B-TS160SL,B2B Ladies Stretch T-shirt Gina,B2B-TS160SLRB00,1,Back To Basics,,B2B-TS160SLRB00,B2B Ladies Stretch T-shirt Gina,"6,10E+12",1,"64,6",XS,royal blue,Ladies Stretch T-shirt Gina royal blue XS,Ladies Stretch T-shirt Gina royal blue XS,"Dit T-shirt van 95% voorgekrompen jersey katoen en 5% elastaan behoudt zijn pasvorm, zelfs na meerdere wasbeurten. Het zachte, ademende materiaal biedt ultiem comfort. Dubbel gestikte naden zorgen voor extra duurzaamheid, ideaal voor 
intensief gebruik.<br/><br/>- Dubbel gestikte naden, gekleurde nektape ter versteviging en 60°C wasbaar.<br/>- Set-in mouwen, zijnaden.<br/>- Laag uitgesneden, maar deftige strakke kraag. <br/>- Duurzaam 160-grams T-shirt, vervaardigd uit 95% voorgekrompen katoen en 5% elastaan. <br/>- Neutraal, enkel maatlabel aanwezig, dus uitermate geschikt voor rebranding. <br/>- Hangtag en polybags met barcode.<br/>- Geschikt voor werk- & casual vrijetijdskleding.<br/>- Beschikbaar van maat XS t/m 5XL.<br/><br/>Ook mogelijk in uw gewenste PMS-kleur aan dezelfde prijs, minimaal 300 stuks door de maten heen.",https://tghimages.nl/B2B_TS160SL_ROYAL_BLUE_FRONT.JPG
B2B-TS160SL,B2B Ladies Stretch T-shirt Gina,B2B-TS160SLRB01,1,Back To Basics,,B2B-TS160SLRB01,B2B Ladies Stretch T-shirt Gina,"6,10E+12",1,"64,7",S,royal blue,Ladies Stretch T-shirt Gina royal blue S,Ladies Stretch T-shirt Gina royal blue S,"Dit T-shirt van 95% voorgekrompen jersey katoen en 5% elastaan behoudt zijn pasvorm, zelfs na meerdere wasbeurten. Het zachte, ademende materiaal biedt ultiem comfort. Dubbel gestikte naden zorgen voor extra duurzaamheid, ideaal voor 
intensief gebruik.<br/><br/>- Dubbel gestikte naden, gekleurde nektape ter versteviging en 60°C wasbaar.<br/>- Set-in mouwen, zijnaden.<br/>- Laag uitgesneden, maar deftige strakke kraag. <br/>- Duurzaam 160-grams T-shirt, vervaardigd uit 95% voorgekrompen katoen en 5% elastaan. <br/>- Neutraal, enkel maatlabel aanwezig, dus uitermate geschikt voor rebranding. <br/>- Hangtag en polybags met barcode.<br/>- Geschikt voor werk- & casual vrijetijdskleding.<br/>- Beschikbaar van maat XS t/m 5XL.<br/><br/>Ook mogelijk in uw gewenste PMS-kleur aan dezelfde prijs, minimaal 300 stuks door de maten heen.",https://tghimages.nl/B2B_TS160SL_ROYAL_BLUE_FRONT.JPG
B2B-TS160SL,B2B Ladies Stretch T-shirt Gina,B2B-TS160SLRB02,1,Back To Basics,,B2B-TS160SLRB02,B2B Ladies Stretch T-shirt Gina,"6,10E+12",1,"64,8",M,royal blue,Ladies Stretch T-shirt Gina royal blue M,Ladies Stretch T-shirt Gina royal blue M,"Dit T-shirt van 95% voorgekrompen jersey katoen en 5% elastaan behoudt zijn pasvorm, zelfs na meerdere wasbeurten. Het zachte, ademende materiaal biedt ultiem comfort. Dubbel gestikte naden zorgen voor extra duurzaamheid, ideaal voor 
intensief gebruik.<br/><br/>- Dubbel gestikte naden, gekleurde nektape ter versteviging en 60°C wasbaar.<br/>- Set-in mouwen, zijnaden.<br/>- Laag uitgesneden, maar deftige strakke kraag. <br/>- Duurzaam 160-grams T-shirt, vervaardigd uit 95% voorgekrompen katoen en 5% elastaan. <br/>- Neutraal, enkel maatlabel aanwezig, dus uitermate geschikt voor rebranding. <br/>- Hangtag en polybags met barcode.<br/>- Geschikt voor werk- & casual vrijetijdskleding.<br/>- Beschikbaar van maat XS t/m 5XL.<br/><br/>Ook mogelijk in uw gewenste PMS-kleur aan dezelfde prijs, minimaal 300 stuks door de maten heen.",https://tghimages.nl/B2B_TS160SL_ROYAL_BLUE_FRONT.JPG
B2B-TS160SL,B2B Ladies Stretch T-shirt Gina,B2B-TS160SLRB03,1,Back To Basics,,B2B-TS160SLRB03,B2B Ladies Stretch T-shirt Gina,"6,10E+12",1,"64,9",L,royal blue,Ladies Stretch T-shirt Gina royal blue L,Ladies Stretch T-shirt Gina royal blue L,"Dit T-shirt van 95% voorgekrompen jersey katoen en 5% elastaan behoudt zijn pasvorm, zelfs na meerdere wasbeurten. Het zachte, ademende materiaal biedt ultiem comfort. Dubbel gestikte naden zorgen voor extra duurzaamheid, ideaal voor 
intensief gebruik.<br/><br/>- Dubbel gestikte naden, gekleurde nektape ter versteviging en 60°C wasbaar.<br/>- Set-in mouwen, zijnaden.<br/>- Laag uitgesneden, maar deftige strakke kraag. <br/>- Duurzaam 160-grams T-shirt, vervaardigd uit 95% voorgekrompen katoen en 5% elastaan. <br/>- Neutraal, enkel maatlabel aanwezig, dus uitermate geschikt voor rebranding. <br/>- Hangtag en polybags met barcode.<br/>- Geschikt voor werk- & casual vrijetijdskleding.<br/>- Beschikbaar van maat XS t/m 5XL.<br/><br/>Ook mogelijk in uw gewenste PMS-kleur aan dezelfde prijs, minimaal 300 stuks door de maten heen.",https://tghimages.nl/B2B_TS160SL_ROYAL_BLUE_FRONT.JPG
B2B-TS160SL,B2B Ladies Stretch T-shirt Gina,B2B-TS160SLRB04,1,Back To Basics,,B2B-TS160SLRB04,B2B Ladies Stretch T-shirt Gina,"6,10E+12",1,65,XL,royal blue,Ladies Stretch T-shirt Gina royal blue XL,Ladies Stretch T-shirt Gina royal blue XL,"Dit T-shirt van 95% voorgekrompen jersey katoen en 5% elastaan behoudt zijn pasvorm, zelfs na meerdere wasbeurten. Het zachte, ademende materiaal biedt ultiem comfort. Dubbel gestikte naden zorgen voor extra duurzaamheid, ideaal voor 
intensief gebruik.<br/><br/>- Dubbel gestikte naden, gekleurde nektape ter versteviging en 60°C wasbaar.<br/>- Set-in mouwen, zijnaden.<br/>- Laag uitgesneden, maar deftige strakke kraag. <br/>- Duurzaam 160-grams T-shirt, vervaardigd uit 95% voorgekrompen katoen en 5% elastaan. <br/>- Neutraal, enkel maatlabel aanwezig, dus uitermate geschikt voor rebranding. <br/>- Hangtag en polybags met barcode.<br/>- Geschikt voor werk- & casual vrijetijdskleding.<br/>- Beschikbaar van maat XS t/m 5XL.<br/><br/>Ook mogelijk in uw gewenste PMS-kleur aan dezelfde prijs, minimaal 300 stuks door de maten heen.",https://tghimages.nl/B2B_TS160SL_ROYAL_BLUE_FRONT.JPG
B2B-TS160SL,B2B Ladies Stretch T-shirt Gina,B2B-TS160SLRB05,1,Back To Basics,,B2B-TS160SLRB05,B2B Ladies Stretch T-shirt Gina,"6,10E+12",1,"65,1",XXL,royal blue,Ladies Stretch T-shirt Gina royal blue XXL,Ladies Stretch T-shirt Gina royal blue XXL,"Dit T-shirt van 95% voorgekrompen jersey katoen en 5% elastaan behoudt zijn pasvorm, zelfs na meerdere wasbeurten. Het zachte, ademende materiaal biedt ultiem comfort. Dubbel gestikte naden zorgen voor extra duurzaamheid, ideaal voor 
intensief gebruik.<br/><br/>- Dubbel gestikte naden, gekleurde nektape ter versteviging en 60°C wasbaar.<br/>- Set-in mouwen, zijnaden.<br/>- Laag uitgesneden, maar deftige strakke kraag. <br/>- Duurzaam 160-grams T-shirt, vervaardigd uit 95% voorgekrompen katoen en 5% elastaan. <br/>- Neutraal, enkel maatlabel aanwezig, dus uitermate geschikt voor rebranding. <br/>- Hangtag en polybags met barcode.<br/>- Geschikt voor werk- & casual vrijetijdskleding.<br/>- Beschikbaar van maat XS t/m 5XL.<br/><br/>Ook mogelijk in uw gewenste PMS-kleur aan dezelfde prijs, minimaal 300 stuks door de maten heen.",https://tghimages.nl/B2B_TS160SL_ROYAL_BLUE_FRONT.JPG
B2B-TS160SL,B2B Ladies Stretch T-shirt Gina,B2B-TS160SLRB06,1,Back To Basics,,B2B-TS160SLRB06,B2B Ladies Stretch T-shirt Gina,"6,10E+12",1,"65,2",3XL,royal blue,Ladies Stretch T-shirt Gina royal blue 3XL,Ladies Stretch T-shirt Gina royal blue 3XL,"Dit T-shirt van 95% voorgekrompen jersey katoen en 5% elastaan behoudt zijn pasvorm, zelfs na meerdere wasbeurten. Het zachte, ademende materiaal biedt ultiem comfort. Dubbel gestikte naden zorgen voor extra duurzaamheid, ideaal voor 
intensief gebruik.<br/><br/>- Dubbel gestikte naden, gekleurde nektape ter versteviging en 60°C wasbaar.<br/>- Set-in mouwen, zijnaden.<br/>- Laag uitgesneden, maar deftige strakke kraag. <br/>- Duurzaam 160-grams T-shirt, vervaardigd uit 95% voorgekrompen katoen en 5% elastaan. <br/>- Neutraal, enkel maatlabel aanwezig, dus uitermate geschikt voor rebranding. <br/>- Hangtag en polybags met barcode.<br/>- Geschikt voor werk- & casual vrijetijdskleding.<br/>- Beschikbaar van maat XS t/m 5XL.<br/><br/>Ook mogelijk in uw gewenste PMS-kleur aan dezelfde prijs, minimaal 300 stuks door de maten heen.",https://tghimages.nl/B2B_TS160SL_ROYAL_BLUE_FRONT.JPG
B2B-TS160SL,B2B Ladies Stretch T-shirt Gina,B2B-TS160SLRB07,1,Back To Basics,,B2B-TS160SLRB07,B2B Ladies Stretch T-shirt Gina,"6,10E+12",1,"65,3",4XL,royal blue,Ladies Stretch T-shirt Gina royal blue 4XL,Ladies Stretch T-shirt Gina royal blue 4XL,"Dit T-shirt van 95% voorgekrompen jersey katoen en 5% elastaan behoudt zijn pasvorm, zelfs na meerdere wasbeurten. Het zachte, ademende materiaal biedt ultiem comfort. Dubbel gestikte naden zorgen voor extra duurzaamheid, ideaal voor 
intensief gebruik.<br/><br/>- Dubbel gestikte naden, gekleurde nektape ter versteviging en 60°C wasbaar.<br/>- Set-in mouwen, zijnaden.<br/>- Laag uitgesneden, maar deftige strakke kraag. <br/>- Duurzaam 160-grams T-shirt, vervaardigd uit 95% voorgekrompen katoen en 5% elastaan. <br/>- Neutraal, enkel maatlabel aanwezig, dus uitermate geschikt voor rebranding. <br/>- Hangtag en polybags met barcode.<br/>- Geschikt voor werk- & casual vrijetijdskleding.<br/>- Beschikbaar van maat XS t/m 5XL.<br/><br/>Ook mogelijk in uw gewenste PMS-kleur aan dezelfde prijs, minimaal 300 stuks door de maten heen.",https://tghimages.nl/B2B_TS160SL_ROYAL_BLUE_FRONT.JPG
B2B-TS160SL,B2B Ladies Stretch T-shirt Gina,B2B-TS160SLRB08,1,Back To Basics,,B2B-TS160SLRB08,B2B Ladies Stretch T-shirt Gina,"6,10E+12",1,"65,4",5XL,royal blue,Ladies Stretch T-shirt Gina royal blue 5XL,Ladies Stretch T-shirt Gina royal blue 5XL,"Dit T-shirt van 95% voorgekrompen jersey katoen en 5% elastaan behoudt zijn pasvorm, zelfs na meerdere wasbeurten. Het zachte, ademende materiaal biedt ultiem comfort. Dubbel gestikte naden zorgen voor extra duurzaamheid, ideaal voor 
intensief gebruik.<br/><br/>- Dubbel gestikte naden, gekleurde nektape ter versteviging en 60°C wasbaar.<br/>- Set-in mouwen, zijnaden.<br/>- Laag uitgesneden, maar deftige strakke kraag. <br/>- Duurzaam 160-grams T-shirt, vervaardigd uit 95% voorgekrompen katoen en 5% elastaan. <br/>- Neutraal, enkel maatlabel aanwezig, dus uitermate geschikt voor rebranding. <br/>- Hangtag en polybags met barcode.<br/>- Geschikt voor werk- & casual vrijetijdskleding.<br/>- Beschikbaar van maat XS t/m 5XL.<br/><br/>Ook mogelijk in uw gewenste PMS-kleur aan dezelfde prijs, minimaal 300 stuks door de maten heen.",https://tghimages.nl/B2B_TS160SL_ROYAL_BLUE_FRONT.JPG
B2B-TS160SL,B2B Ladies Stretch T-shirt Gina,B2B-TS160SLRE00,1,Back To Basics,,B2B-TS160SLRE00,B2B Ladies Stretch T-shirt Gina,"6,10E+12",1,"65,5",XS,red,Ladies Stretch T-shirt Gina red XS,Ladies Stretch T-shirt Gina red XS,"Dit T-shirt van 95% voorgekrompen jersey katoen en 5% elastaan behoudt zijn pasvorm, zelfs na meerdere wasbeurten. Het zachte, ademende materiaal biedt ultiem comfort. Dubbel gestikte naden zorgen voor extra duurzaamheid, ideaal voor 
intensief gebruik.<br/><br/>- Dubbel gestikte naden, gekleurde nektape ter versteviging en 60°C wasbaar.<br/>- Set-in mouwen, zijnaden.<br/>- Laag uitgesneden, maar deftige strakke kraag. <br/>- Duurzaam 160-grams T-shirt, vervaardigd uit 95% voorgekrompen katoen en 5% elastaan. <br/>- Neutraal, enkel maatlabel aanwezig, dus uitermate geschikt voor rebranding. <br/>- Hangtag en polybags met barcode.<br/>- Geschikt voor werk- & casual vrijetijdskleding.<br/>- Beschikbaar van maat XS t/m 5XL.<br/><br/>Ook mogelijk in uw gewenste PMS-kleur aan dezelfde prijs, minimaal 300 stuks door de maten heen.",https://tghimages.nl/B2B_TS160SL_RED_FRONT.JPG
B2B-TS160SL,B2B Ladies Stretch T-shirt Gina,B2B-TS160SLRE01,1,Back To Basics,,B2B-TS160SLRE01,B2B Ladies Stretch T-shirt Gina,"6,10E+12",1,"65,6",S,red,Ladies Stretch T-shirt Gina red S,Ladies Stretch T-shirt Gina red S,"Dit T-shirt van 95% voorgekrompen jersey katoen en 5% elastaan behoudt zijn pasvorm, zelfs na meerdere wasbeurten. Het zachte, ademende materiaal biedt ultiem comfort. Dubbel gestikte naden zorgen voor extra duurzaamheid, ideaal voor 
intensief gebruik.<br/><br/>- Dubbel gestikte naden, gekleurde nektape ter versteviging en 60°C wasbaar.<br/>- Set-in mouwen, zijnaden.<br/>- Laag uitgesneden, maar deftige strakke kraag. <br/>- Duurzaam 160-grams T-shirt, vervaardigd uit 95% voorgekrompen katoen en 5% elastaan. <br/>- Neutraal, enkel maatlabel aanwezig, dus uitermate geschikt voor rebranding. <br/>- Hangtag en polybags met barcode.<br/>- Geschikt voor werk- & casual vrijetijdskleding.<br/>- Beschikbaar van maat XS t/m 5XL.<br/><br/>Ook mogelijk in uw gewenste PMS-kleur aan dezelfde prijs, minimaal 300 stuks door de maten heen.",https://tghimages.nl/B2B_TS160SL_RED_FRONT.JPG
B2B-TS160SL,B2B Ladies Stretch T-shirt Gina,B2B-TS160SLRE02,1,Back To Basics,,B2B-TS160SLRE02,B2B Ladies Stretch T-shirt Gina,"6,10E+12",1,"65,7",M,red,Ladies Stretch T-shirt Gina red M,Ladies Stretch T-shirt Gina red M,"Dit T-shirt van 95% voorgekrompen jersey katoen en 5% elastaan behoudt zijn pasvorm, zelfs na meerdere wasbeurten. Het zachte, ademende materiaal biedt ultiem comfort. Dubbel gestikte naden zorgen voor extra duurzaamheid, ideaal voor 
intensief gebruik.<br/><br/>- Dubbel gestikte naden, gekleurde nektape ter versteviging en 60°C wasbaar.<br/>- Set-in mouwen, zijnaden.<br/>- Laag uitgesneden, maar deftige strakke kraag. <br/>- Duurzaam 160-grams T-shirt, vervaardigd uit 95% voorgekrompen katoen en 5% elastaan. <br/>- Neutraal, enkel maatlabel aanwezig, dus uitermate geschikt voor rebranding. <br/>- Hangtag en polybags met barcode.<br/>- Geschikt voor werk- & casual vrijetijdskleding.<br/>- Beschikbaar van maat XS t/m 5XL.<br/><br/>Ook mogelijk in uw gewenste PMS-kleur aan dezelfde prijs, minimaal 300 stuks door de maten heen.",https://tghimages.nl/B2B_TS160SL_RED_FRONT.JPG
B2B-TS160SL,B2B Ladies Stretch T-shirt Gina,B2B-TS160SLRE03,1,Back To Basics,,B2B-TS160SLRE03,B2B Ladies Stretch T-shirt Gina,"6,10E+12",1,"65,8",L,red,Ladies Stretch T-shirt Gina red L,Ladies Stretch T-shirt Gina red L,"Dit T-shirt van 95% voorgekrompen jersey katoen en 5% elastaan behoudt zijn pasvorm, zelfs na meerdere wasbeurten. Het zachte, ademende materiaal biedt ultiem comfort. Dubbel gestikte naden zorgen voor extra duurzaamheid, ideaal voor 
intensief gebruik.<br/><br/>- Dubbel gestikte naden, gekleurde nektape ter versteviging en 60°C wasbaar.<br/>- Set-in mouwen, zijnaden.<br/>- Laag uitgesneden, maar deftige strakke kraag. <br/>- Duurzaam 160-grams T-shirt, vervaardigd uit 95% voorgekrompen katoen en 5% elastaan. <br/>- Neutraal, enkel maatlabel aanwezig, dus uitermate geschikt voor rebranding. <br/>- Hangtag en polybags met barcode.<br/>- Geschikt voor werk- & casual vrijetijdskleding.<br/>- Beschikbaar van maat XS t/m 5XL.<br/><br/>Ook mogelijk in uw gewenste PMS-kleur aan dezelfde prijs, minimaal 300 stuks door de maten heen.",https://tghimages.nl/B2B_TS160SL_RED_FRONT.JPG
B2B-TS160SL,B2B Ladies Stretch T-shirt Gina,B2B-TS160SLRE04,1,Back To Basics,,B2B-TS160SLRE04,B2B Ladies Stretch T-shirt Gina,"6,10E+12",1,"65,9",XL,red,Ladies Stretch T-shirt Gina red XL,Ladies Stretch T-shirt Gina red XL,"Dit T-shirt van 95% voorgekrompen jersey katoen en 5% elastaan behoudt zijn pasvorm, zelfs na meerdere wasbeurten. Het zachte, ademende materiaal biedt ultiem comfort. Dubbel gestikte naden zorgen voor extra duurzaamheid, ideaal voor 
intensief gebruik.<br/><br/>- Dubbel gestikte naden, gekleurde nektape ter versteviging en 60°C wasbaar.<br/>- Set-in mouwen, zijnaden.<br/>- Laag uitgesneden, maar deftige strakke kraag. <br/>- Duurzaam 160-grams T-shirt, vervaardigd uit 95% voorgekrompen katoen en 5% elastaan. <br/>- Neutraal, enkel maatlabel aanwezig, dus uitermate geschikt voor rebranding. <br/>- Hangtag en polybags met barcode.<br/>- Geschikt voor werk- & casual vrijetijdskleding.<br/>- Beschikbaar van maat XS t/m 5XL.<br/><br/>Ook mogelijk in uw gewenste PMS-kleur aan dezelfde prijs, minimaal 300 stuks door de maten heen.",https://tghimages.nl/B2B_TS160SL_RED_FRONT.JPG
B2B-TS160SL,B2B Ladies Stretch T-shirt Gina,B2B-TS160SLRE05,1,Back To Basics,,B2B-TS160SLRE05,B2B Ladies Stretch T-shirt Gina,"6,10E+12",1,66,XXL,red,Ladies Stretch T-shirt Gina red XXL,Ladies Stretch T-shirt Gina red XXL,"Dit T-shirt van 95% voorgekrompen jersey katoen en 5% elastaan behoudt zijn pasvorm, zelfs na meerdere wasbeurten. Het zachte, ademende materiaal biedt ultiem comfort. Dubbel gestikte naden zorgen voor extra duurzaamheid, ideaal voor 
intensief gebruik.<br/><br/>- Dubbel gestikte naden, gekleurde nektape ter versteviging en 60°C wasbaar.<br/>- Set-in mouwen, zijnaden.<br/>- Laag uitgesneden, maar deftige strakke kraag. <br/>- Duurzaam 160-grams T-shirt, vervaardigd uit 95% voorgekrompen katoen en 5% elastaan. <br/>- Neutraal, enkel maatlabel aanwezig, dus uitermate geschikt voor rebranding. <br/>- Hangtag en polybags met barcode.<br/>- Geschikt voor werk- & casual vrijetijdskleding.<br/>- Beschikbaar van maat XS t/m 5XL.<br/><br/>Ook mogelijk in uw gewenste PMS-kleur aan dezelfde prijs, minimaal 300 stuks door de maten heen.",https://tghimages.nl/B2B_TS160SL_RED_FRONT.JPG
B2B-TS160SL,B2B Ladies Stretch T-shirt Gina,B2B-TS160SLRE06,1,Back To Basics,,B2B-TS160SLRE06,B2B Ladies Stretch T-shirt Gina,"6,10E+12",1,"66,1",3XL,red,Ladies Stretch T-shirt Gina red 3XL,Ladies Stretch T-shirt Gina red 3XL,"Dit T-shirt van 95% voorgekrompen jersey katoen en 5% elastaan behoudt zijn pasvorm, zelfs na meerdere wasbeurten. Het zachte, ademende materiaal biedt ultiem comfort. Dubbel gestikte naden zorgen voor extra duurzaamheid, ideaal voor 
intensief gebruik.<br/><br/>- Dubbel gestikte naden, gekleurde nektape ter versteviging en 60°C wasbaar.<br/>- Set-in mouwen, zijnaden.<br/>- Laag uitgesneden, maar deftige strakke kraag. <br/>- Duurzaam 160-grams T-shirt, vervaardigd uit 95% voorgekrompen katoen en 5% elastaan. <br/>- Neutraal, enkel maatlabel aanwezig, dus uitermate geschikt voor rebranding. <br/>- Hangtag en polybags met barcode.<br/>- Geschikt voor werk- & casual vrijetijdskleding.<br/>- Beschikbaar van maat XS t/m 5XL.<br/><br/>Ook mogelijk in uw gewenste PMS-kleur aan dezelfde prijs, minimaal 300 stuks door de maten heen.",https://tghimages.nl/B2B_TS160SL_RED_FRONT.JPG
B2B-TS160SL,B2B Ladies Stretch T-shirt Gina,B2B-TS160SLRE07,1,Back To Basics,,B2B-TS160SLRE07,B2B Ladies Stretch T-shirt Gina,"6,10E+12",1,"66,2",4XL,red,Ladies Stretch T-shirt Gina red 4XL,Ladies Stretch T-shirt Gina red 4XL,"Dit T-shirt van 95% voorgekrompen jersey katoen en 5% elastaan behoudt zijn pasvorm, zelfs na meerdere wasbeurten. Het zachte, ademende materiaal biedt ultiem comfort. Dubbel gestikte naden zorgen voor extra duurzaamheid, ideaal voor 
intensief gebruik.<br/><br/>- Dubbel gestikte naden, gekleurde nektape ter versteviging en 60°C wasbaar.<br/>- Set-in mouwen, zijnaden.<br/>- Laag uitgesneden, maar deftige strakke kraag. <br/>- Duurzaam 160-grams T-shirt, vervaardigd uit 95% voorgekrompen katoen en 5% elastaan. <br/>- Neutraal, enkel maatlabel aanwezig, dus uitermate geschikt voor rebranding. <br/>- Hangtag en polybags met barcode.<br/>- Geschikt voor werk- & casual vrijetijdskleding.<br/>- Beschikbaar van maat XS t/m 5XL.<br/><br/>Ook mogelijk in uw gewenste PMS-kleur aan dezelfde prijs, minimaal 300 stuks door de maten heen.",https://tghimages.nl/B2B_TS160SL_RED_FRONT.JPG
B2B-TS160SL,B2B Ladies Stretch T-shirt Gina,B2B-TS160SLRE08,1,Back To Basics,,B2B-TS160SLRE08,B2B Ladies Stretch T-shirt Gina,"6,10E+12",1,"66,3",5XL,red,Ladies Stretch T-shirt Gina red 5XL,Ladies Stretch T-shirt Gina red 5XL,"Dit T-shirt van 95% voorgekrompen jersey katoen en 5% elastaan behoudt zijn pasvorm, zelfs na meerdere wasbeurten. Het zachte, ademende materiaal biedt ultiem comfort. Dubbel gestikte naden zorgen voor extra duurzaamheid, ideaal voor 
intensief gebruik.<br/><br/>- Dubbel gestikte naden, gekleurde nektape ter versteviging en 60°C wasbaar.<br/>- Set-in mouwen, zijnaden.<br/>- Laag uitgesneden, maar deftige strakke kraag. <br/>- Duurzaam 160-grams T-shirt, vervaardigd uit 95% voorgekrompen katoen en 5% elastaan. <br/>- Neutraal, enkel maatlabel aanwezig, dus uitermate geschikt voor rebranding. <br/>- Hangtag en polybags met barcode.<br/>- Geschikt voor werk- & casual vrijetijdskleding.<br/>- Beschikbaar van maat XS t/m 5XL.<br/><br/>Ook mogelijk in uw gewenste PMS-kleur aan dezelfde prijs, minimaal 300 stuks door de maten heen.",https://tghimages.nl/B2B_TS160SL_RED_FRONT.JPG
B2B-TS160SL,B2B Ladies Stretch T-shirt Gina,B2B-TS160SLWH00,1,Back To Basics,,B2B-TS160SLWH00,B2B Ladies Stretch T-shirt Gina,"6,10E+12",1,"66,4",XS,white,Ladies Stretch T-shirt Gina white XS,Ladies Stretch T-shirt Gina white XS,"Dit T-shirt van 95% voorgekrompen jersey katoen en 5% elastaan behoudt zijn pasvorm, zelfs na meerdere wasbeurten. Het zachte, ademende materiaal biedt ultiem comfort. Dubbel gestikte naden zorgen voor extra duurzaamheid, ideaal voor 
intensief gebruik.<br/><br/>- Dubbel gestikte naden, gekleurde nektape ter versteviging en 60°C wasbaar.<br/>- Set-in mouwen, zijnaden.<br/>- Laag uitgesneden, maar deftige strakke kraag. <br/>- Duurzaam 160-grams T-shirt, vervaardigd uit 95% voorgekrompen katoen en 5% elastaan. <br/>- Neutraal, enkel maatlabel aanwezig, dus uitermate geschikt voor rebranding. <br/>- Hangtag en polybags met barcode.<br/>- Geschikt voor werk- & casual vrijetijdskleding.<br/>- Beschikbaar van maat XS t/m 5XL.<br/><br/>Ook mogelijk in uw gewenste PMS-kleur aan dezelfde prijs, minimaal 300 stuks door de maten heen.",https://tghimages.nl/B2B_TS160SL_WHITE_FRONT.JPG
B2B-TS160SL,B2B Ladies Stretch T-shirt Gina,B2B-TS160SLWH01,1,Back To Basics,,B2B-TS160SLWH01,B2B Ladies Stretch T-shirt Gina,"6,10E+12",1,"66,5",S,white,Ladies Stretch T-shirt Gina white S,Ladies Stretch T-shirt Gina white S,"Dit T-shirt van 95% voorgekrompen jersey katoen en 5% elastaan behoudt zijn pasvorm, zelfs na meerdere wasbeurten. Het zachte, ademende materiaal biedt ultiem comfort. Dubbel gestikte naden zorgen voor extra duurzaamheid, ideaal voor 
intensief gebruik.<br/><br/>- Dubbel gestikte naden, gekleurde nektape ter versteviging en 60°C wasbaar.<br/>- Set-in mouwen, zijnaden.<br/>- Laag uitgesneden, maar deftige strakke kraag. <br/>- Duurzaam 160-grams T-shirt, vervaardigd uit 95% voorgekrompen katoen en 5% elastaan. <br/>- Neutraal, enkel maatlabel aanwezig, dus uitermate geschikt voor rebranding. <br/>- Hangtag en polybags met barcode.<br/>- Geschikt voor werk- & casual vrijetijdskleding.<br/>- Beschikbaar van maat XS t/m 5XL.<br/><br/>Ook mogelijk in uw gewenste PMS-kleur aan dezelfde prijs, minimaal 300 stuks door de maten heen.",https://tghimages.nl/B2B_TS160SL_WHITE_FRONT.JPG
B2B-TS160SL,B2B Ladies Stretch T-shirt Gina,B2B-TS160SLWH02,1,Back To Basics,,B2B-TS160SLWH02,B2B Ladies Stretch T-shirt Gina,"6,10E+12",1,"66,6",M,white,Ladies Stretch T-shirt Gina white M,Ladies Stretch T-shirt Gina white M,"Dit T-shirt van 95% voorgekrompen jersey katoen en 5% elastaan behoudt zijn pasvorm, zelfs na meerdere wasbeurten. Het zachte, ademende materiaal biedt ultiem comfort. Dubbel gestikte naden zorgen voor extra duurzaamheid, ideaal voor 
intensief gebruik.<br/><br/>- Dubbel gestikte naden, gekleurde nektape ter versteviging en 60°C wasbaar.<br/>- Set-in mouwen, zijnaden.<br/>- Laag uitgesneden, maar deftige strakke kraag. <br/>- Duurzaam 160-grams T-shirt, vervaardigd uit 95% voorgekrompen katoen en 5% elastaan. <br/>- Neutraal, enkel maatlabel aanwezig, dus uitermate geschikt voor rebranding. <br/>- Hangtag en polybags met barcode.<br/>- Geschikt voor werk- & casual vrijetijdskleding.<br/>- Beschikbaar van maat XS t/m 5XL.<br/><br/>Ook mogelijk in uw gewenste PMS-kleur aan dezelfde prijs, minimaal 300 stuks door de maten heen.",https://tghimages.nl/B2B_TS160SL_WHITE_FRONT.JPG
B2B-TS160SL,B2B Ladies Stretch T-shirt Gina,B2B-TS160SLWH03,1,Back To Basics,,B2B-TS160SLWH03,B2B Ladies Stretch T-shirt Gina,"6,10E+12",1,"66,7",L,white,Ladies Stretch T-shirt Gina white L,Ladies Stretch T-shirt Gina white L,"Dit T-shirt van 95% voorgekrompen jersey katoen en 5% elastaan behoudt zijn pasvorm, zelfs na meerdere wasbeurten. Het zachte, ademende materiaal biedt ultiem comfort. Dubbel gestikte naden zorgen voor extra duurzaamheid, ideaal voor 
intensief gebruik.<br/><br/>- Dubbel gestikte naden, gekleurde nektape ter versteviging en 60°C wasbaar.<br/>- Set-in mouwen, zijnaden.<br/>- Laag uitgesneden, maar deftige strakke kraag. <br/>- Duurzaam 160-grams T-shirt, vervaardigd uit 95% voorgekrompen katoen en 5% elastaan. <br/>- Neutraal, enkel maatlabel aanwezig, dus uitermate geschikt voor rebranding. <br/>- Hangtag en polybags met barcode.<br/>- Geschikt voor werk- & casual vrijetijdskleding.<br/>- Beschikbaar van maat XS t/m 5XL.<br/><br/>Ook mogelijk in uw gewenste PMS-kleur aan dezelfde prijs, minimaal 300 stuks door de maten heen.",https://tghimages.nl/B2B_TS160SL_WHITE_FRONT.JPG
B2B-TS160SL,B2B Ladies Stretch T-shirt Gina,B2B-TS160SLWH04,1,Back To Basics,,B2B-TS160SLWH04,B2B Ladies Stretch T-shirt Gina,"6,10E+12",1,"66,8",XL,white,Ladies Stretch T-shirt Gina white XL,Ladies Stretch T-shirt Gina white XL,"Dit T-shirt van 95% voorgekrompen jersey katoen en 5% elastaan behoudt zijn pasvorm, zelfs na meerdere wasbeurten. Het zachte, ademende materiaal biedt ultiem comfort. Dubbel gestikte naden zorgen voor extra duurzaamheid, ideaal voor 
intensief gebruik.<br/><br/>- Dubbel gestikte naden, gekleurde nektape ter versteviging en 60°C wasbaar.<br/>- Set-in mouwen, zijnaden.<br/>- Laag uitgesneden, maar deftige strakke kraag. <br/>- Duurzaam 160-grams T-shirt, vervaardigd uit 95% voorgekrompen katoen en 5% elastaan. <br/>- Neutraal, enkel maatlabel aanwezig, dus uitermate geschikt voor rebranding. <br/>- Hangtag en polybags met barcode.<br/>- Geschikt voor werk- & casual vrijetijdskleding.<br/>- Beschikbaar van maat XS t/m 5XL.<br/><br/>Ook mogelijk in uw gewenste PMS-kleur aan dezelfde prijs, minimaal 300 stuks door de maten heen.",https://tghimages.nl/B2B_TS160SL_WHITE_FRONT.JPG
B2B-TS160SL,B2B Ladies Stretch T-shirt Gina,B2B-TS160SLWH05,1,Back To Basics,,B2B-TS160SLWH05,B2B Ladies Stretch T-shirt Gina,"6,10E+12",1,"66,9",XXL,white,Ladies Stretch T-shirt Gina white XXL,Ladies Stretch T-shirt Gina white XXL,"Dit T-shirt van 95% voorgekrompen jersey katoen en 5% elastaan behoudt zijn pasvorm, zelfs na meerdere wasbeurten. Het zachte, ademende materiaal biedt ultiem comfort. Dubbel gestikte naden zorgen voor extra duurzaamheid, ideaal voor 
intensief gebruik.<br/><br/>- Dubbel gestikte naden, gekleurde nektape ter versteviging en 60°C wasbaar.<br/>- Set-in mouwen, zijnaden.<br/>- Laag uitgesneden, maar deftige strakke kraag. <br/>- Duurzaam 160-grams T-shirt, vervaardigd uit 95% voorgekrompen katoen en 5% elastaan. <br/>- Neutraal, enkel maatlabel aanwezig, dus uitermate geschikt voor rebranding. <br/>- Hangtag en polybags met barcode.<br/>- Geschikt voor werk- & casual vrijetijdskleding.<br/>- Beschikbaar van maat XS t/m 5XL.<br/><br/>Ook mogelijk in uw gewenste PMS-kleur aan dezelfde prijs, minimaal 300 stuks door de maten heen.",https://tghimages.nl/B2B_TS160SL_WHITE_FRONT.JPG
B2B-TS160SL,B2B Ladies Stretch T-shirt Gina,B2B-TS160SLWH06,1,Back To Basics,,B2B-TS160SLWH06,B2B Ladies Stretch T-shirt Gina,"6,10E+12",1,67,3XL,white,Ladies Stretch T-shirt Gina white 3XL,Ladies Stretch T-shirt Gina white 3XL,"Dit T-shirt van 95% voorgekrompen jersey katoen en 5% elastaan behoudt zijn pasvorm, zelfs na meerdere wasbeurten. Het zachte, ademende materiaal biedt ultiem comfort. Dubbel gestikte naden zorgen voor extra duurzaamheid, ideaal voor 
intensief gebruik.<br/><br/>- Dubbel gestikte naden, gekleurde nektape ter versteviging en 60°C wasbaar.<br/>- Set-in mouwen, zijnaden.<br/>- Laag uitgesneden, maar deftige strakke kraag. <br/>- Duurzaam 160-grams T-shirt, vervaardigd uit 95% voorgekrompen katoen en 5% elastaan. <br/>- Neutraal, enkel maatlabel aanwezig, dus uitermate geschikt voor rebranding. <br/>- Hangtag en polybags met barcode.<br/>- Geschikt voor werk- & casual vrijetijdskleding.<br/>- Beschikbaar van maat XS t/m 5XL.<br/><br/>Ook mogelijk in uw gewenste PMS-kleur aan dezelfde prijs, minimaal 300 stuks door de maten heen.",https://tghimages.nl/B2B_TS160SL_WHITE_FRONT.JPG
B2B-TS160SL,B2B Ladies Stretch T-shirt Gina,B2B-TS160SLWH07,1,Back To Basics,,B2B-TS160SLWH07,B2B Ladies Stretch T-shirt Gina,"6,10E+12",1,"67,1",4XL,white,Ladies Stretch T-shirt Gina white 4XL,Ladies Stretch T-shirt Gina white 4XL,"Dit T-shirt van 95% voorgekrompen jersey katoen en 5% elastaan behoudt zijn pasvorm, zelfs na meerdere wasbeurten. Het zachte, ademende materiaal biedt ultiem comfort. Dubbel gestikte naden zorgen voor extra duurzaamheid, ideaal voor 
intensief gebruik.<br/><br/>- Dubbel gestikte naden, gekleurde nektape ter versteviging en 60°C wasbaar.<br/>- Set-in mouwen, zijnaden.<br/>- Laag uitgesneden, maar deftige strakke kraag. <br/>- Duurzaam 160-grams T-shirt, vervaardigd uit 95% voorgekrompen katoen en 5% elastaan. <br/>- Neutraal, enkel maatlabel aanwezig, dus uitermate geschikt voor rebranding. <br/>- Hangtag en polybags met barcode.<br/>- Geschikt voor werk- & casual vrijetijdskleding.<br/>- Beschikbaar van maat XS t/m 5XL.<br/><br/>Ook mogelijk in uw gewenste PMS-kleur aan dezelfde prijs, minimaal 300 stuks door de maten heen.",https://tghimages.nl/B2B_TS160SL_WHITE_FRONT.JPG
B2B-TS160SL,B2B Ladies Stretch T-shirt Gina,B2B-TS160SLWH08,1,Back To Basics,,B2B-TS160SLWH08,B2B Ladies Stretch T-shirt Gina,"6,10E+12",1,"67,2",5XL,white,Ladies Stretch T-shirt Gina white 5XL,Ladies Stretch T-shirt Gina white 5XL,"Dit T-shirt van 95% voorgekrompen jersey katoen en 5% elastaan behoudt zijn pasvorm, zelfs na meerdere wasbeurten. Het zachte, ademende materiaal biedt ultiem comfort. Dubbel gestikte naden zorgen voor extra duurzaamheid, ideaal voor 
intensief gebruik.<br/><br/>- Dubbel gestikte naden, gekleurde nektape ter versteviging en 60°C wasbaar.<br/>- Set-in mouwen, zijnaden.<br/>- Laag uitgesneden, maar deftige strakke kraag. <br/>- Duurzaam 160-grams T-shirt, vervaardigd uit 95% voorgekrompen katoen en 5% elastaan. <br/>- Neutraal, enkel maatlabel aanwezig, dus uitermate geschikt voor rebranding. <br/>- Hangtag en polybags met barcode.<br/>- Geschikt voor werk- & casual vrijetijdskleding.<br/>- Beschikbaar van maat XS t/m 5XL.<br/><br/>Ook mogelijk in uw gewenste PMS-kleur aan dezelfde prijs, minimaal 300 stuks door de maten heen.",https://tghimages.nl/B2B_TS160SL_WHITE_FRONT.JPG
B2B-TS180,B2B Cotton T-shirt Manuel,B2B-TS180AN00,1,Back To Basics,,B2B-TS180AN00,B2B Cotton T-shirt Manuel,"6,10E+12",1,"67,3",XS,anthracite,Cotton T-shirt Manuel anthracite XS,Cotton T-shirt Manuel anthracite XS,"Dit T-shirt van 100% voorgekrompen katoen behoudt zijn pasvorm, zelfs na vele wasbeurten. Het zachte, ademende materiaal biedt ultiem comfort. Dubbel gestikte naden zorgen voor extra duurzaamheid, ideaal voor 
intensief gebruik.<br/><br/>- Dubbel gestikte naden, gekleurde nektape ter versteviging en 60°C wasbaar.<br/>- Set-in mouwen, zijnaden.<br/>- Iets langer dan gemiddeld<br/>- Duurzaam 180-grams T-shirt, vervaardigd uit 100% voorgekrompen katoen. <br/>- Neutraal, enkel maatlabel aanwezig, dus uitermate geschikt voor rebranding. <br/>- Hangtag en polybags met barcode.<br/>- Geschikt voor werk- & casual vrijetijdskleding.<br/>- Beschikbaar van maat XS t/m 7XL.<br/><br/>Ook mogelijk in uw gewenste PMS-kleur aan dezelfde prijs, minimaal 300 stuks door de maten heen.",https://tghimages.nl/B2B_TS180_ANTHRACITE_FRONT.JPG
B2B-TS180,B2B Cotton T-shirt Manuel,B2B-TS180AN01,1,Back To Basics,,B2B-TS180AN01,B2B Cotton T-shirt Manuel,"6,10E+12",1,"67,4",S,anthracite,Cotton T-shirt Manuel anthracite S,Cotton T-shirt Manuel anthracite S,"Dit T-shirt van 100% voorgekrompen katoen behoudt zijn pasvorm, zelfs na vele wasbeurten. Het zachte, ademende materiaal biedt ultiem comfort. Dubbel gestikte naden zorgen voor extra duurzaamheid, ideaal voor 
intensief gebruik.<br/><br/>- Dubbel gestikte naden, gekleurde nektape ter versteviging en 60°C wasbaar.<br/>- Set-in mouwen, zijnaden.<br/>- Iets langer dan gemiddeld<br/>- Duurzaam 180-grams T-shirt, vervaardigd uit 100% voorgekrompen katoen. <br/>- Neutraal, enkel maatlabel aanwezig, dus uitermate geschikt voor rebranding. <br/>- Hangtag en polybags met barcode.<br/>- Geschikt voor werk- & casual vrijetijdskleding.<br/>- Beschikbaar van maat XS t/m 7XL.<br/><br/>Ook mogelijk in uw gewenste PMS-kleur aan dezelfde prijs, minimaal 300 stuks door de maten heen.",https://tghimages.nl/B2B_TS180_ANTHRACITE_FRONT.JPG
B2B-TS180,B2B Cotton T-shirt Manuel,B2B-TS180AN02,1,Back To Basics,,B2B-TS180AN02,B2B Cotton T-shirt Manuel,"6,10E+12",1,"67,5",M,anthracite,Cotton T-shirt Manuel anthracite M,Cotton T-shirt Manuel anthracite M,"Dit T-shirt van 100% voorgekrompen katoen behoudt zijn pasvorm, zelfs na vele wasbeurten. Het zachte, ademende materiaal biedt ultiem comfort. Dubbel gestikte naden zorgen voor extra duurzaamheid, ideaal voor 
intensief gebruik.<br/><br/>- Dubbel gestikte naden, gekleurde nektape ter versteviging en 60°C wasbaar.<br/>- Set-in mouwen, zijnaden.<br/>- Iets langer dan gemiddeld<br/>- Duurzaam 180-grams T-shirt, vervaardigd uit 100% voorgekrompen katoen. <br/>- Neutraal, enkel maatlabel aanwezig, dus uitermate geschikt voor rebranding. <br/>- Hangtag en polybags met barcode.<br/>- Geschikt voor werk- & casual vrijetijdskleding.<br/>- Beschikbaar van maat XS t/m 7XL.<br/><br/>Ook mogelijk in uw gewenste PMS-kleur aan dezelfde prijs, minimaal 300 stuks door de maten heen.",https://tghimages.nl/B2B_TS180_ANTHRACITE_FRONT.JPG
B2B-TS180,B2B Cotton T-shirt Manuel,B2B-TS180AN03,1,Back To Basics,,B2B-TS180AN03,B2B Cotton T-shirt Manuel,"6,10E+12",1,"67,6",L,anthracite,Cotton T-shirt Manuel anthracite L,Cotton T-shirt Manuel anthracite L,"Dit T-shirt van 100% voorgekrompen katoen behoudt zijn pasvorm, zelfs na vele wasbeurten. Het zachte, ademende materiaal biedt ultiem comfort. Dubbel gestikte naden zorgen voor extra duurzaamheid, ideaal voor 
intensief gebruik.<br/><br/>- Dubbel gestikte naden, gekleurde nektape ter versteviging en 60°C wasbaar.<br/>- Set-in mouwen, zijnaden.<br/>- Iets langer dan gemiddeld<br/>- Duurzaam 180-grams T-shirt, vervaardigd uit 100% voorgekrompen katoen. <br/>- Neutraal, enkel maatlabel aanwezig, dus uitermate geschikt voor rebranding. <br/>- Hangtag en polybags met barcode.<br/>- Geschikt voor werk- & casual vrijetijdskleding.<br/>- Beschikbaar van maat XS t/m 7XL.<br/><br/>Ook mogelijk in uw gewenste PMS-kleur aan dezelfde prijs, minimaal 300 stuks door de maten heen.",https://tghimages.nl/B2B_TS180_ANTHRACITE_FRONT.JPG
B2B-TS180,B2B Cotton T-shirt Manuel,B2B-TS180AN04,1,Back To Basics,,B2B-TS180AN04,B2B Cotton T-shirt Manuel,"6,10E+12",1,"67,7",XL,anthracite,Cotton T-shirt Manuel anthracite XL,Cotton T-shirt Manuel anthracite XL,"Dit T-shirt van 100% voorgekrompen katoen behoudt zijn pasvorm, zelfs na vele wasbeurten. Het zachte, ademende materiaal biedt ultiem comfort. Dubbel gestikte naden zorgen voor extra duurzaamheid, ideaal voor 
intensief gebruik.<br/><br/>- Dubbel gestikte naden, gekleurde nektape ter versteviging en 60°C wasbaar.<br/>- Set-in mouwen, zijnaden.<br/>- Iets langer dan gemiddeld<br/>- Duurzaam 180-grams T-shirt, vervaardigd uit 100% voorgekrompen katoen. <br/>- Neutraal, enkel maatlabel aanwezig, dus uitermate geschikt voor rebranding. <br/>- Hangtag en polybags met barcode.<br/>- Geschikt voor werk- & casual vrijetijdskleding.<br/>- Beschikbaar van maat XS t/m 7XL.<br/><br/>Ook mogelijk in uw gewenste PMS-kleur aan dezelfde prijs, minimaal 300 stuks door de maten heen.",https://tghimages.nl/B2B_TS180_ANTHRACITE_FRONT.JPG
B2B-TS180,B2B Cotton T-shirt Manuel,B2B-TS180AN05,1,Back To Basics,,B2B-TS180AN05,B2B Cotton T-shirt Manuel,"6,10E+12",1,"67,8",XXL,anthracite,Cotton T-shirt Manuel anthracite XXL,Cotton T-shirt Manuel anthracite XXL,"Dit T-shirt van 100% voorgekrompen katoen behoudt zijn pasvorm, zelfs na vele wasbeurten. Het zachte, ademende materiaal biedt ultiem comfort. Dubbel gestikte naden zorgen voor extra duurzaamheid, ideaal voor 
intensief gebruik.<br/><br/>- Dubbel gestikte naden, gekleurde nektape ter versteviging en 60°C wasbaar.<br/>- Set-in mouwen, zijnaden.<br/>- Iets langer dan gemiddeld<br/>- Duurzaam 180-grams T-shirt, vervaardigd uit 100% voorgekrompen katoen. <br/>- Neutraal, enkel maatlabel aanwezig, dus uitermate geschikt voor rebranding. <br/>- Hangtag en polybags met barcode.<br/>- Geschikt voor werk- & casual vrijetijdskleding.<br/>- Beschikbaar van maat XS t/m 7XL.<br/><br/>Ook mogelijk in uw gewenste PMS-kleur aan dezelfde prijs, minimaal 300 stuks door de maten heen.",https://tghimages.nl/B2B_TS180_ANTHRACITE_FRONT.JPG
B2B-TS180,B2B Cotton T-shirt Manuel,B2B-TS180AN06,1,Back To Basics,,B2B-TS180AN06,B2B Cotton T-shirt Manuel,"6,10E+12",1,"67,9",3XL,anthracite,Cotton T-shirt Manuel anthracite 3XL,Cotton T-shirt Manuel anthracite 3XL,"Dit T-shirt van 100% voorgekrompen katoen behoudt zijn pasvorm, zelfs na vele wasbeurten. Het zachte, ademende materiaal biedt ultiem comfort. Dubbel gestikte naden zorgen voor extra duurzaamheid, ideaal voor 
intensief gebruik.<br/><br/>- Dubbel gestikte naden, gekleurde nektape ter versteviging en 60°C wasbaar.<br/>- Set-in mouwen, zijnaden.<br/>- Iets langer dan gemiddeld<br/>- Duurzaam 180-grams T-shirt, vervaardigd uit 100% voorgekrompen katoen. <br/>- Neutraal, enkel maatlabel aanwezig, dus uitermate geschikt voor rebranding. <br/>- Hangtag en polybags met barcode.<br/>- Geschikt voor werk- & casual vrijetijdskleding.<br/>- Beschikbaar van maat XS t/m 7XL.<br/><br/>Ook mogelijk in uw gewenste PMS-kleur aan dezelfde prijs, minimaal 300 stuks door de maten heen.",https://tghimages.nl/B2B_TS180_ANTHRACITE_FRONT.JPG
B2B-TS180,B2B Cotton T-shirt Manuel,B2B-TS180AN07,1,Back To Basics,,B2B-TS180AN07,B2B Cotton T-shirt Manuel,"6,10E+12",1,68,4XL,anthracite,Cotton T-shirt Manuel anthracite 4XL,Cotton T-shirt Manuel anthracite 4XL,"Dit T-shirt van 100% voorgekrompen katoen behoudt zijn pasvorm, zelfs na vele wasbeurten. Het zachte, ademende materiaal biedt ultiem comfort. Dubbel gestikte naden zorgen voor extra duurzaamheid, ideaal voor 
intensief gebruik.<br/><br/>- Dubbel gestikte naden, gekleurde nektape ter versteviging en 60°C wasbaar.<br/>- Set-in mouwen, zijnaden.<br/>- Iets langer dan gemiddeld<br/>- Duurzaam 180-grams T-shirt, vervaardigd uit 100% voorgekrompen katoen. <br/>- Neutraal, enkel maatlabel aanwezig, dus uitermate geschikt voor rebranding. <br/>- Hangtag en polybags met barcode.<br/>- Geschikt voor werk- & casual vrijetijdskleding.<br/>- Beschikbaar van maat XS t/m 7XL.<br/><br/>Ook mogelijk in uw gewenste PMS-kleur aan dezelfde prijs, minimaal 300 stuks door de maten heen.",https://tghimages.nl/B2B_TS180_ANTHRACITE_FRONT.JPG
B2B-TS180,B2B Cotton T-shirt Manuel,B2B-TS180AN08,1,Back To Basics,,B2B-TS180AN08,B2B Cotton T-shirt Manuel,"6,10E+12",1,"68,1",5XL,anthracite,Cotton T-shirt Manuel anthracite 5XL,Cotton T-shirt Manuel anthracite 5XL,"Dit T-shirt van 100% voorgekrompen katoen behoudt zijn pasvorm, zelfs na vele wasbeurten. Het zachte, ademende materiaal biedt ultiem comfort. Dubbel gestikte naden zorgen voor extra duurzaamheid, ideaal voor 
intensief gebruik.<br/><br/>- Dubbel gestikte naden, gekleurde nektape ter versteviging en 60°C wasbaar.<br/>- Set-in mouwen, zijnaden.<br/>- Iets langer dan gemiddeld<br/>- Duurzaam 180-grams T-shirt, vervaardigd uit 100% voorgekrompen katoen. <br/>- Neutraal, enkel maatlabel aanwezig, dus uitermate geschikt voor rebranding. <br/>- Hangtag en polybags met barcode.<br/>- Geschikt voor werk- & casual vrijetijdskleding.<br/>- Beschikbaar van maat XS t/m 7XL.<br/><br/>Ook mogelijk in uw gewenste PMS-kleur aan dezelfde prijs, minimaal 300 stuks door de maten heen.",https://tghimages.nl/B2B_TS180_ANTHRACITE_FRONT.JPG
B2B-TS180,B2B Cotton T-shirt Manuel,B2B-TS180AN09,1,Back To Basics,,B2B-TS180AN09,B2B Cotton T-shirt Manuel,"6,10E+12",1,"68,2",6XL,anthracite,Cotton T-shirt Manuel anthracite 6XL,Cotton T-shirt Manuel anthracite 6XL,"Dit T-shirt van 100% voorgekrompen katoen behoudt zijn pasvorm, zelfs na vele wasbeurten. Het zachte, ademende materiaal biedt ultiem comfort. Dubbel gestikte naden zorgen voor extra duurzaamheid, ideaal voor 
intensief gebruik.<br/><br/>- Dubbel gestikte naden, gekleurde nektape ter versteviging en 60°C wasbaar.<br/>- Set-in mouwen, zijnaden.<br/>- Iets langer dan gemiddeld<br/>- Duurzaam 180-grams T-shirt, vervaardigd uit 100% voorgekrompen katoen. <br/>- Neutraal, enkel maatlabel aanwezig, dus uitermate geschikt voor rebranding. <br/>- Hangtag en polybags met barcode.<br/>- Geschikt voor werk- & casual vrijetijdskleding.<br/>- Beschikbaar van maat XS t/m 7XL.<br/><br/>Ook mogelijk in uw gewenste PMS-kleur aan dezelfde prijs, minimaal 300 stuks door de maten heen.",https://tghimages.nl/B2B_TS180_ANTHRACITE_FRONT.JPG
B2B-TS180,B2B Cotton T-shirt Manuel,B2B-TS180AN10,1,Back To Basics,,B2B-TS180AN10,B2B Cotton T-shirt Manuel,"6,10E+12",1,"68,3",7XL,anthracite,Cotton T-shirt Manuel anthracite 7XL,Cotton T-shirt Manuel anthracite 7XL,"Dit T-shirt van 100% voorgekrompen katoen behoudt zijn pasvorm, zelfs na vele wasbeurten. Het zachte, ademende materiaal biedt ultiem comfort. Dubbel gestikte naden zorgen voor extra duurzaamheid, ideaal voor 
intensief gebruik.<br/><br/>- Dubbel gestikte naden, gekleurde nektape ter versteviging en 60°C wasbaar.<br/>- Set-in mouwen, zijnaden.<br/>- Iets langer dan gemiddeld<br/>- Duurzaam 180-grams T-shirt, vervaardigd uit 100% voorgekrompen katoen. <br/>- Neutraal, enkel maatlabel aanwezig, dus uitermate geschikt voor rebranding. <br/>- Hangtag en polybags met barcode.<br/>- Geschikt voor werk- & casual vrijetijdskleding.<br/>- Beschikbaar van maat XS t/m 7XL.<br/><br/>Ook mogelijk in uw gewenste PMS-kleur aan dezelfde prijs, minimaal 300 stuks door de maten heen.",https://tghimages.nl/B2B_TS180_ANTHRACITE_FRONT.JPG
B2B-TS180,B2B Cotton T-shirt Manuel,B2B-TS180BL00,1,Back To Basics,,B2B-TS180BL00,B2B Cotton T-shirt Manuel,"6,10E+12",1,"68,4",XS,black,Cotton T-shirt Manuel black XS,Cotton T-shirt Manuel black XS,"Dit T-shirt van 100% voorgekrompen katoen behoudt zijn pasvorm, zelfs na vele wasbeurten. Het zachte, ademende materiaal biedt ultiem comfort. Dubbel gestikte naden zorgen voor extra duurzaamheid, ideaal voor 
intensief gebruik.<br/><br/>- Dubbel gestikte naden, gekleurde nektape ter versteviging en 60°C wasbaar.<br/>- Set-in mouwen, zijnaden.<br/>- Iets langer dan gemiddeld<br/>- Duurzaam 180-grams T-shirt, vervaardigd uit 100% voorgekrompen katoen. <br/>- Neutraal, enkel maatlabel aanwezig, dus uitermate geschikt voor rebranding. <br/>- Hangtag en polybags met barcode.<br/>- Geschikt voor werk- & casual vrijetijdskleding.<br/>- Beschikbaar van maat XS t/m 7XL.<br/><br/>Ook mogelijk in uw gewenste PMS-kleur aan dezelfde prijs, minimaal 300 stuks door de maten heen.",https://tghimages.nl/B2B_TS180_BLACK_FRONT.JPG
B2B-TS180,B2B Cotton T-shirt Manuel,B2B-TS180BL01,1,Back To Basics,,B2B-TS180BL01,B2B Cotton T-shirt Manuel,"6,10E+12",1,"68,5",S,black,Cotton T-shirt Manuel black S,Cotton T-shirt Manuel black S,"Dit T-shirt van 100% voorgekrompen katoen behoudt zijn pasvorm, zelfs na vele wasbeurten. Het zachte, ademende materiaal biedt ultiem comfort. Dubbel gestikte naden zorgen voor extra duurzaamheid, ideaal voor 
intensief gebruik.<br/><br/>- Dubbel gestikte naden, gekleurde nektape ter versteviging en 60°C wasbaar.<br/>- Set-in mouwen, zijnaden.<br/>- Iets langer dan gemiddeld<br/>- Duurzaam 180-grams T-shirt, vervaardigd uit 100% voorgekrompen katoen. <br/>- Neutraal, enkel maatlabel aanwezig, dus uitermate geschikt voor rebranding. <br/>- Hangtag en polybags met barcode.<br/>- Geschikt voor werk- & casual vrijetijdskleding.<br/>- Beschikbaar van maat XS t/m 7XL.<br/><br/>Ook mogelijk in uw gewenste PMS-kleur aan dezelfde prijs, minimaal 300 stuks door de maten heen.",https://tghimages.nl/B2B_TS180_BLACK_FRONT.JPG
B2B-TS180,B2B Cotton T-shirt Manuel,B2B-TS180BL02,1,Back To Basics,,B2B-TS180BL02,B2B Cotton T-shirt Manuel,"6,10E+12",1,"68,6",M,black,Cotton T-shirt Manuel black M,Cotton T-shirt Manuel black M,"Dit T-shirt van 100% voorgekrompen katoen behoudt zijn pasvorm, zelfs na vele wasbeurten. Het zachte, ademende materiaal biedt ultiem comfort. Dubbel gestikte naden zorgen voor extra duurzaamheid, ideaal voor 
intensief gebruik.<br/><br/>- Dubbel gestikte naden, gekleurde nektape ter versteviging en 60°C wasbaar.<br/>- Set-in mouwen, zijnaden.<br/>- Iets langer dan gemiddeld<br/>- Duurzaam 180-grams T-shirt, vervaardigd uit 100% voorgekrompen katoen. <br/>- Neutraal, enkel maatlabel aanwezig, dus uitermate geschikt voor rebranding. <br/>- Hangtag en polybags met barcode.<br/>- Geschikt voor werk- & casual vrijetijdskleding.<br/>- Beschikbaar van maat XS t/m 7XL.<br/><br/>Ook mogelijk in uw gewenste PMS-kleur aan dezelfde prijs, minimaal 300 stuks door de maten heen.",https://tghimages.nl/B2B_TS180_BLACK_FRONT.JPG
B2B-TS180,B2B Cotton T-shirt Manuel,B2B-TS180BL03,1,Back To Basics,,B2B-TS180BL03,B2B Cotton T-shirt Manuel,"6,10E+12",1,"68,7",L,black,Cotton T-shirt Manuel black L,Cotton T-shirt Manuel black L,"Dit T-shirt van 100% voorgekrompen katoen behoudt zijn pasvorm, zelfs na vele wasbeurten. Het zachte, ademende materiaal biedt ultiem comfort. Dubbel gestikte naden zorgen voor extra duurzaamheid, ideaal voor 
intensief gebruik.<br/><br/>- Dubbel gestikte naden, gekleurde nektape ter versteviging en 60°C wasbaar.<br/>- Set-in mouwen, zijnaden.<br/>- Iets langer dan gemiddeld<br/>- Duurzaam 180-grams T-shirt, vervaardigd uit 100% voorgekrompen katoen. <br/>- Neutraal, enkel maatlabel aanwezig, dus uitermate geschikt voor rebranding. <br/>- Hangtag en polybags met barcode.<br/>- Geschikt voor werk- & casual vrijetijdskleding.<br/>- Beschikbaar van maat XS t/m 7XL.<br/><br/>Ook mogelijk in uw gewenste PMS-kleur aan dezelfde prijs, minimaal 300 stuks door de maten heen.",https://tghimages.nl/B2B_TS180_BLACK_FRONT.JPG
B2B-TS180,B2B Cotton T-shirt Manuel,B2B-TS180BL04,1,Back To Basics,,B2B-TS180BL04,B2B Cotton T-shirt Manuel,"6,10E+12",1,"68,8",XL,black,Cotton T-shirt Manuel black XL,Cotton T-shirt Manuel black XL,"Dit T-shirt van 100% voorgekrompen katoen behoudt zijn pasvorm, zelfs na vele wasbeurten. Het zachte, ademende materiaal biedt ultiem comfort. Dubbel gestikte naden zorgen voor extra duurzaamheid, ideaal voor 
intensief gebruik.<br/><br/>- Dubbel gestikte naden, gekleurde nektape ter versteviging en 60°C wasbaar.<br/>- Set-in mouwen, zijnaden.<br/>- Iets langer dan gemiddeld<br/>- Duurzaam 180-grams T-shirt, vervaardigd uit 100% voorgekrompen katoen. <br/>- Neutraal, enkel maatlabel aanwezig, dus uitermate geschikt voor rebranding. <br/>- Hangtag en polybags met barcode.<br/>- Geschikt voor werk- & casual vrijetijdskleding.<br/>- Beschikbaar van maat XS t/m 7XL.<br/><br/>Ook mogelijk in uw gewenste PMS-kleur aan dezelfde prijs, minimaal 300 stuks door de maten heen.",https://tghimages.nl/B2B_TS180_BLACK_FRONT.JPG
B2B-TS180,B2B Cotton T-shirt Manuel,B2B-TS180BL05,1,Back To Basics,,B2B-TS180BL05,B2B Cotton T-shirt Manuel,"6,10E+12",1,"68,9",XXL,black,Cotton T-shirt Manuel black XXL,Cotton T-shirt Manuel black XXL,"Dit T-shirt van 100% voorgekrompen katoen behoudt zijn pasvorm, zelfs na vele wasbeurten. Het zachte, ademende materiaal biedt ultiem comfort. Dubbel gestikte naden zorgen voor extra duurzaamheid, ideaal voor 
intensief gebruik.<br/><br/>- Dubbel gestikte naden, gekleurde nektape ter versteviging en 60°C wasbaar.<br/>- Set-in mouwen, zijnaden.<br/>- Iets langer dan gemiddeld<br/>- Duurzaam 180-grams T-shirt, vervaardigd uit 100% voorgekrompen katoen. <br/>- Neutraal, enkel maatlabel aanwezig, dus uitermate geschikt voor rebranding. <br/>- Hangtag en polybags met barcode.<br/>- Geschikt voor werk- & casual vrijetijdskleding.<br/>- Beschikbaar van maat XS t/m 7XL.<br/><br/>Ook mogelijk in uw gewenste PMS-kleur aan dezelfde prijs, minimaal 300 stuks door de maten heen.",https://tghimages.nl/B2B_TS180_BLACK_FRONT.JPG
B2B-TS180,B2B Cotton T-shirt Manuel,B2B-TS180BL06,1,Back To Basics,,B2B-TS180BL06,B2B Cotton T-shirt Manuel,"6,10E+12",1,69,3XL,black,Cotton T-shirt Manuel black 3XL,Cotton T-shirt Manuel black 3XL,"Dit T-shirt van 100% voorgekrompen katoen behoudt zijn pasvorm, zelfs na vele wasbeurten. Het zachte, ademende materiaal biedt ultiem comfort. Dubbel gestikte naden zorgen voor extra duurzaamheid, ideaal voor 
intensief gebruik.<br/><br/>- Dubbel gestikte naden, gekleurde nektape ter versteviging en 60°C wasbaar.<br/>- Set-in mouwen, zijnaden.<br/>- Iets langer dan gemiddeld<br/>- Duurzaam 180-grams T-shirt, vervaardigd uit 100% voorgekrompen katoen. <br/>- Neutraal, enkel maatlabel aanwezig, dus uitermate geschikt voor rebranding. <br/>- Hangtag en polybags met barcode.<br/>- Geschikt voor werk- & casual vrijetijdskleding.<br/>- Beschikbaar van maat XS t/m 7XL.<br/><br/>Ook mogelijk in uw gewenste PMS-kleur aan dezelfde prijs, minimaal 300 stuks door de maten heen.",https://tghimages.nl/B2B_TS180_BLACK_FRONT.JPG
B2B-TS180,B2B Cotton T-shirt Manuel,B2B-TS180BL07,1,Back To Basics,,B2B-TS180BL07,B2B Cotton T-shirt Manuel,"6,10E+12",1,"69,1",4XL,black,Cotton T-shirt Manuel black 4XL,Cotton T-shirt Manuel black 4XL,"Dit T-shirt van 100% voorgekrompen katoen behoudt zijn pasvorm, zelfs na vele wasbeurten. Het zachte, ademende materiaal biedt ultiem comfort. Dubbel gestikte naden zorgen voor extra duurzaamheid, ideaal voor 
intensief gebruik.<br/><br/>- Dubbel gestikte naden, gekleurde nektape ter versteviging en 60°C wasbaar.<br/>- Set-in mouwen, zijnaden.<br/>- Iets langer dan gemiddeld<br/>- Duurzaam 180-grams T-shirt, vervaardigd uit 100% voorgekrompen katoen. <br/>- Neutraal, enkel maatlabel aanwezig, dus uitermate geschikt voor rebranding. <br/>- Hangtag en polybags met barcode.<br/>- Geschikt voor werk- & casual vrijetijdskleding.<br/>- Beschikbaar van maat XS t/m 7XL.<br/><br/>Ook mogelijk in uw gewenste PMS-kleur aan dezelfde prijs, minimaal 300 stuks door de maten heen.",https://tghimages.nl/B2B_TS180_BLACK_FRONT.JPG
B2B-TS180,B2B Cotton T-shirt Manuel,B2B-TS180BL08,1,Back To Basics,,B2B-TS180BL08,B2B Cotton T-shirt Manuel,"6,10E+12",1,"69,2",5XL,black,Cotton T-shirt Manuel black 5XL,Cotton T-shirt Manuel black 5XL,"Dit T-shirt van 100% voorgekrompen katoen behoudt zijn pasvorm, zelfs na vele wasbeurten. Het zachte, ademende materiaal biedt ultiem comfort. Dubbel gestikte naden zorgen voor extra duurzaamheid, ideaal voor 
intensief gebruik.<br/><br/>- Dubbel gestikte naden, gekleurde nektape ter versteviging en 60°C wasbaar.<br/>- Set-in mouwen, zijnaden.<br/>- Iets langer dan gemiddeld<br/>- Duurzaam 180-grams T-shirt, vervaardigd uit 100% voorgekrompen katoen. <br/>- Neutraal, enkel maatlabel aanwezig, dus uitermate geschikt voor rebranding. <br/>- Hangtag en polybags met barcode.<br/>- Geschikt voor werk- & casual vrijetijdskleding.<br/>- Beschikbaar van maat XS t/m 7XL.<br/><br/>Ook mogelijk in uw gewenste PMS-kleur aan dezelfde prijs, minimaal 300 stuks door de maten heen.",https://tghimages.nl/B2B_TS180_BLACK_FRONT.JPG
B2B-TS180,B2B Cotton T-shirt Manuel,B2B-TS180BL09,1,Back To Basics,,B2B-TS180BL09,B2B Cotton T-shirt Manuel,"6,10E+12",1,"69,3",6XL,black,Cotton T-shirt Manuel black 6XL,Cotton T-shirt Manuel black 6XL,"Dit T-shirt van 100% voorgekrompen katoen behoudt zijn pasvorm, zelfs na vele wasbeurten. Het zachte, ademende materiaal biedt ultiem comfort. Dubbel gestikte naden zorgen voor extra duurzaamheid, ideaal voor 
intensief gebruik.<br/><br/>- Dubbel gestikte naden, gekleurde nektape ter versteviging en 60°C wasbaar.<br/>- Set-in mouwen, zijnaden.<br/>- Iets langer dan gemiddeld<br/>- Duurzaam 180-grams T-shirt, vervaardigd uit 100% voorgekrompen katoen. <br/>- Neutraal, enkel maatlabel aanwezig, dus uitermate geschikt voor rebranding. <br/>- Hangtag en polybags met barcode.<br/>- Geschikt voor werk- & casual vrijetijdskleding.<br/>- Beschikbaar van maat XS t/m 7XL.<br/><br/>Ook mogelijk in uw gewenste PMS-kleur aan dezelfde prijs, minimaal 300 stuks door de maten heen.",https://tghimages.nl/B2B_TS180_BLACK_FRONT.JPG
B2B-TS180,B2B Cotton T-shirt Manuel,B2B-TS180BL10,1,Back To Basics,,B2B-TS180BL10,B2B Cotton T-shirt Manuel,"6,10E+12",1,"69,4",7XL,black,Cotton T-shirt Manuel black 7XL,Cotton T-shirt Manuel black 7XL,"Dit T-shirt van 100% voorgekrompen katoen behoudt zijn pasvorm, zelfs na vele wasbeurten. Het zachte, ademende materiaal biedt ultiem comfort. Dubbel gestikte naden zorgen voor extra duurzaamheid, ideaal voor 
intensief gebruik.<br/><br/>- Dubbel gestikte naden, gekleurde nektape ter versteviging en 60°C wasbaar.<br/>- Set-in mouwen, zijnaden.<br/>- Iets langer dan gemiddeld<br/>- Duurzaam 180-grams T-shirt, vervaardigd uit 100% voorgekrompen katoen. <br/>- Neutraal, enkel maatlabel aanwezig, dus uitermate geschikt voor rebranding. <br/>- Hangtag en polybags met barcode.<br/>- Geschikt voor werk- & casual vrijetijdskleding.<br/>- Beschikbaar van maat XS t/m 7XL.<br/><br/>Ook mogelijk in uw gewenste PMS-kleur aan dezelfde prijs, minimaal 300 stuks door de maten heen.",https://tghimages.nl/B2B_TS180_BLACK_FRONT.JPG
B2B-TS180,B2B Cotton T-shirt Manuel,B2B-TS180GR00,1,Back To Basics,,B2B-TS180GR00,B2B Cotton T-shirt Manuel,"6,10E+12",1,"69,5",XS,grey,Cotton T-shirt Manuel grey XS,Cotton T-shirt Manuel grey XS,"Dit T-shirt van 100% voorgekrompen katoen behoudt zijn pasvorm, zelfs na vele wasbeurten. Het zachte, ademende materiaal biedt ultiem comfort. Dubbel gestikte naden zorgen voor extra duurzaamheid, ideaal voor 
intensief gebruik.<br/><br/>- Dubbel gestikte naden, gekleurde nektape ter versteviging en 60°C wasbaar.<br/>- Set-in mouwen, zijnaden.<br/>- Iets langer dan gemiddeld<br/>- Duurzaam 180-grams T-shirt, vervaardigd uit 100% voorgekrompen katoen. <br/>- Neutraal, enkel maatlabel aanwezig, dus uitermate geschikt voor rebranding. <br/>- Hangtag en polybags met barcode.<br/>- Geschikt voor werk- & casual vrijetijdskleding.<br/>- Beschikbaar van maat XS t/m 7XL.<br/><br/>Ook mogelijk in uw gewenste PMS-kleur aan dezelfde prijs, minimaal 300 stuks door de maten heen.",https://tghimages.nl/B2B_TS180_GREY_FRONT.JPG
B2B-TS180,B2B Cotton T-shirt Manuel,B2B-TS180GR01,1,Back To Basics,,B2B-TS180GR01,B2B Cotton T-shirt Manuel,"6,10E+12",1,"69,6",S,grey,Cotton T-shirt Manuel grey S,Cotton T-shirt Manuel grey S,"Dit T-shirt van 100% voorgekrompen katoen behoudt zijn pasvorm, zelfs na vele wasbeurten. Het zachte, ademende materiaal biedt ultiem comfort. Dubbel gestikte naden zorgen voor extra duurzaamheid, ideaal voor 
intensief gebruik.<br/><br/>- Dubbel gestikte naden, gekleurde nektape ter versteviging en 60°C wasbaar.<br/>- Set-in mouwen, zijnaden.<br/>- Iets langer dan gemiddeld<br/>- Duurzaam 180-grams T-shirt, vervaardigd uit 100% voorgekrompen katoen. <br/>- Neutraal, enkel maatlabel aanwezig, dus uitermate geschikt voor rebranding. <br/>- Hangtag en polybags met barcode.<br/>- Geschikt voor werk- & casual vrijetijdskleding.<br/>- Beschikbaar van maat XS t/m 7XL.<br/><br/>Ook mogelijk in uw gewenste PMS-kleur aan dezelfde prijs, minimaal 300 stuks door de maten heen.",https://tghimages.nl/B2B_TS180_GREY_FRONT.JPG
B2B-TS180,B2B Cotton T-shirt Manuel,B2B-TS180GR02,1,Back To Basics,,B2B-TS180GR02,B2B Cotton T-shirt Manuel,"6,10E+12",1,"69,7",M,grey,Cotton T-shirt Manuel grey M,Cotton T-shirt Manuel grey M,"Dit T-shirt van 100% voorgekrompen katoen behoudt zijn pasvorm, zelfs na vele wasbeurten. Het zachte, ademende materiaal biedt ultiem comfort. Dubbel gestikte naden zorgen voor extra duurzaamheid, ideaal voor 
intensief gebruik.<br/><br/>- Dubbel gestikte naden, gekleurde nektape ter versteviging en 60°C wasbaar.<br/>- Set-in mouwen, zijnaden.<br/>- Iets langer dan gemiddeld<br/>- Duurzaam 180-grams T-shirt, vervaardigd uit 100% voorgekrompen katoen. <br/>- Neutraal, enkel maatlabel aanwezig, dus uitermate geschikt voor rebranding. <br/>- Hangtag en polybags met barcode.<br/>- Geschikt voor werk- & casual vrijetijdskleding.<br/>- Beschikbaar van maat XS t/m 7XL.<br/><br/>Ook mogelijk in uw gewenste PMS-kleur aan dezelfde prijs, minimaal 300 stuks door de maten heen.",https://tghimages.nl/B2B_TS180_GREY_FRONT.JPG
B2B-TS180,B2B Cotton T-shirt Manuel,B2B-TS180GR03,1,Back To Basics,,B2B-TS180GR03,B2B Cotton T-shirt Manuel,"6,10E+12",1,"69,8",L,grey,Cotton T-shirt Manuel grey L,Cotton T-shirt Manuel grey L,"Dit T-shirt van 100% voorgekrompen katoen behoudt zijn pasvorm, zelfs na vele wasbeurten. Het zachte, ademende materiaal biedt ultiem comfort. Dubbel gestikte naden zorgen voor extra duurzaamheid, ideaal voor 
intensief gebruik.<br/><br/>- Dubbel gestikte naden, gekleurde nektape ter versteviging en 60°C wasbaar.<br/>- Set-in mouwen, zijnaden.<br/>- Iets langer dan gemiddeld<br/>- Duurzaam 180-grams T-shirt, vervaardigd uit 100% voorgekrompen katoen. <br/>- Neutraal, enkel maatlabel aanwezig, dus uitermate geschikt voor rebranding. <br/>- Hangtag en polybags met barcode.<br/>- Geschikt voor werk- & casual vrijetijdskleding.<br/>- Beschikbaar van maat XS t/m 7XL.<br/><br/>Ook mogelijk in uw gewenste PMS-kleur aan dezelfde prijs, minimaal 300 stuks door de maten heen.",https://tghimages.nl/B2B_TS180_GREY_FRONT.JPG
B2B-TS180,B2B Cotton T-shirt Manuel,B2B-TS180GR04,1,Back To Basics,,B2B-TS180GR04,B2B Cotton T-shirt Manuel,"6,10E+12",1,"69,9",XL,grey,Cotton T-shirt Manuel grey XL,Cotton T-shirt Manuel grey XL,"Dit T-shirt van 100% voorgekrompen katoen behoudt zijn pasvorm, zelfs na vele wasbeurten. Het zachte, ademende materiaal biedt ultiem comfort. Dubbel gestikte naden zorgen voor extra duurzaamheid, ideaal voor 
intensief gebruik.<br/><br/>- Dubbel gestikte naden, gekleurde nektape ter versteviging en 60°C wasbaar.<br/>- Set-in mouwen, zijnaden.<br/>- Iets langer dan gemiddeld<br/>- Duurzaam 180-grams T-shirt, vervaardigd uit 100% voorgekrompen katoen. <br/>- Neutraal, enkel maatlabel aanwezig, dus uitermate geschikt voor rebranding. <br/>- Hangtag en polybags met barcode.<br/>- Geschikt voor werk- & casual vrijetijdskleding.<br/>- Beschikbaar van maat XS t/m 7XL.<br/><br/>Ook mogelijk in uw gewenste PMS-kleur aan dezelfde prijs, minimaal 300 stuks door de maten heen.",https://tghimages.nl/B2B_TS180_GREY_FRONT.JPG
B2B-TS180,B2B Cotton T-shirt Manuel,B2B-TS180GR05,1,Back To Basics,,B2B-TS180GR05,B2B Cotton T-shirt Manuel,"6,10E+12",1,70,XXL,grey,Cotton T-shirt Manuel grey XXL,Cotton T-shirt Manuel grey XXL,"Dit T-shirt van 100% voorgekrompen katoen behoudt zijn pasvorm, zelfs na vele wasbeurten. Het zachte, ademende materiaal biedt ultiem comfort. Dubbel gestikte naden zorgen voor extra duurzaamheid, ideaal voor 
intensief gebruik.<br/><br/>- Dubbel gestikte naden, gekleurde nektape ter versteviging en 60°C wasbaar.<br/>- Set-in mouwen, zijnaden.<br/>- Iets langer dan gemiddeld<br/>- Duurzaam 180-grams T-shirt, vervaardigd uit 100% voorgekrompen katoen. <br/>- Neutraal, enkel maatlabel aanwezig, dus uitermate geschikt voor rebranding. <br/>- Hangtag en polybags met barcode.<br/>- Geschikt voor werk- & casual vrijetijdskleding.<br/>- Beschikbaar van maat XS t/m 7XL.<br/><br/>Ook mogelijk in uw gewenste PMS-kleur aan dezelfde prijs, minimaal 300 stuks door de maten heen.",https://tghimages.nl/B2B_TS180_GREY_FRONT.JPG
B2B-TS180,B2B Cotton T-shirt Manuel,B2B-TS180GR06,1,Back To Basics,,B2B-TS180GR06,B2B Cotton T-shirt Manuel,"6,10E+12",1,"70,1",3XL,grey,Cotton T-shirt Manuel grey 3XL,Cotton T-shirt Manuel grey 3XL,"Dit T-shirt van 100% voorgekrompen katoen behoudt zijn pasvorm, zelfs na vele wasbeurten. Het zachte, ademende materiaal biedt ultiem comfort. Dubbel gestikte naden zorgen voor extra duurzaamheid, ideaal voor 
intensief gebruik.<br/><br/>- Dubbel gestikte naden, gekleurde nektape ter versteviging en 60°C wasbaar.<br/>- Set-in mouwen, zijnaden.<br/>- Iets langer dan gemiddeld<br/>- Duurzaam 180-grams T-shirt, vervaardigd uit 100% voorgekrompen katoen. <br/>- Neutraal, enkel maatlabel aanwezig, dus uitermate geschikt voor rebranding. <br/>- Hangtag en polybags met barcode.<br/>- Geschikt voor werk- & casual vrijetijdskleding.<br/>- Beschikbaar van maat XS t/m 7XL.<br/><br/>Ook mogelijk in uw gewenste PMS-kleur aan dezelfde prijs, minimaal 300 stuks door de maten heen.",https://tghimages.nl/B2B_TS180_GREY_FRONT.JPG
B2B-TS180,B2B Cotton T-shirt Manuel,B2B-TS180GR07,1,Back To Basics,,B2B-TS180GR07,B2B Cotton T-shirt Manuel,"6,10E+12",1,"70,2",4XL,grey,Cotton T-shirt Manuel grey 4XL,Cotton T-shirt Manuel grey 4XL,"Dit T-shirt van 100% voorgekrompen katoen behoudt zijn pasvorm, zelfs na vele wasbeurten. Het zachte, ademende materiaal biedt ultiem comfort. Dubbel gestikte naden zorgen voor extra duurzaamheid, ideaal voor 
intensief gebruik.<br/><br/>- Dubbel gestikte naden, gekleurde nektape ter versteviging en 60°C wasbaar.<br/>- Set-in mouwen, zijnaden.<br/>- Iets langer dan gemiddeld<br/>- Duurzaam 180-grams T-shirt, vervaardigd uit 100% voorgekrompen katoen. <br/>- Neutraal, enkel maatlabel aanwezig, dus uitermate geschikt voor rebranding. <br/>- Hangtag en polybags met barcode.<br/>- Geschikt voor werk- & casual vrijetijdskleding.<br/>- Beschikbaar van maat XS t/m 7XL.<br/><br/>Ook mogelijk in uw gewenste PMS-kleur aan dezelfde prijs, minimaal 300 stuks door de maten heen.",https://tghimages.nl/B2B_TS180_GREY_FRONT.JPG
B2B-TS180,B2B Cotton T-shirt Manuel,B2B-TS180GR08,1,Back To Basics,,B2B-TS180GR08,B2B Cotton T-shirt Manuel,"6,10E+12",1,"70,3",5XL,grey,Cotton T-shirt Manuel grey 5XL,Cotton T-shirt Manuel grey 5XL,"Dit T-shirt van 100% voorgekrompen katoen behoudt zijn pasvorm, zelfs na vele wasbeurten. Het zachte, ademende materiaal biedt ultiem comfort. Dubbel gestikte naden zorgen voor extra duurzaamheid, ideaal voor 
intensief gebruik.<br/><br/>- Dubbel gestikte naden, gekleurde nektape ter versteviging en 60°C wasbaar.<br/>- Set-in mouwen, zijnaden.<br/>- Iets langer dan gemiddeld<br/>- Duurzaam 180-grams T-shirt, vervaardigd uit 100% voorgekrompen katoen. <br/>- Neutraal, enkel maatlabel aanwezig, dus uitermate geschikt voor rebranding. <br/>- Hangtag en polybags met barcode.<br/>- Geschikt voor werk- & casual vrijetijdskleding.<br/>- Beschikbaar van maat XS t/m 7XL.<br/><br/>Ook mogelijk in uw gewenste PMS-kleur aan dezelfde prijs, minimaal 300 stuks door de maten heen.",https://tghimages.nl/B2B_TS180_GREY_FRONT.JPG
B2B-TS180,B2B Cotton T-shirt Manuel,B2B-TS180GR09,1,Back To Basics,,B2B-TS180GR09,B2B Cotton T-shirt Manuel,"6,10E+12",1,"70,4",6XL,grey,Cotton T-shirt Manuel grey 6XL,Cotton T-shirt Manuel grey 6XL,"Dit T-shirt van 100% voorgekrompen katoen behoudt zijn pasvorm, zelfs na vele wasbeurten. Het zachte, ademende materiaal biedt ultiem comfort. Dubbel gestikte naden zorgen voor extra duurzaamheid, ideaal voor 
intensief gebruik.<br/><br/>- Dubbel gestikte naden, gekleurde nektape ter versteviging en 60°C wasbaar.<br/>- Set-in mouwen, zijnaden.<br/>- Iets langer dan gemiddeld<br/>- Duurzaam 180-grams T-shirt, vervaardigd uit 100% voorgekrompen katoen. <br/>- Neutraal, enkel maatlabel aanwezig, dus uitermate geschikt voor rebranding. <br/>- Hangtag en polybags met barcode.<br/>- Geschikt voor werk- & casual vrijetijdskleding.<br/>- Beschikbaar van maat XS t/m 7XL.<br/><br/>Ook mogelijk in uw gewenste PMS-kleur aan dezelfde prijs, minimaal 300 stuks door de maten heen.",https://tghimages.nl/B2B_TS180_GREY_FRONT.JPG
B2B-TS180,B2B Cotton T-shirt Manuel,B2B-TS180GR10,1,Back To Basics,,B2B-TS180GR10,B2B Cotton T-shirt Manuel,"6,10E+12",1,"70,5",7XL,grey,Cotton T-shirt Manuel grey 7XL,Cotton T-shirt Manuel grey 7XL,"Dit T-shirt van 100% voorgekrompen katoen behoudt zijn pasvorm, zelfs na vele wasbeurten. Het zachte, ademende materiaal biedt ultiem comfort. Dubbel gestikte naden zorgen voor extra duurzaamheid, ideaal voor 
intensief gebruik.<br/><br/>- Dubbel gestikte naden, gekleurde nektape ter versteviging en 60°C wasbaar.<br/>- Set-in mouwen, zijnaden.<br/>- Iets langer dan gemiddeld<br/>- Duurzaam 180-grams T-shirt, vervaardigd uit 100% voorgekrompen katoen. <br/>- Neutraal, enkel maatlabel aanwezig, dus uitermate geschikt voor rebranding. <br/>- Hangtag en polybags met barcode.<br/>- Geschikt voor werk- & casual vrijetijdskleding.<br/>- Beschikbaar van maat XS t/m 7XL.<br/><br/>Ook mogelijk in uw gewenste PMS-kleur aan dezelfde prijs, minimaal 300 stuks door de maten heen.",https://tghimages.nl/B2B_TS180_GREY_FRONT.JPG
B2B-TS180,B2B Cotton T-shirt Manuel,B2B-TS180NA00,1,Back To Basics,,B2B-TS180NA00,B2B Cotton T-shirt Manuel,"6,10E+12",1,"70,6",XS,navy,Cotton T-shirt Manuel navy XS,Cotton T-shirt Manuel navy XS,"Dit T-shirt van 100% voorgekrompen katoen behoudt zijn pasvorm, zelfs na vele wasbeurten. Het zachte, ademende materiaal biedt ultiem comfort. Dubbel gestikte naden zorgen voor extra duurzaamheid, ideaal voor 
intensief gebruik.<br/><br/>- Dubbel gestikte naden, gekleurde nektape ter versteviging en 60°C wasbaar.<br/>- Set-in mouwen, zijnaden.<br/>- Iets langer dan gemiddeld<br/>- Duurzaam 180-grams T-shirt, vervaardigd uit 100% voorgekrompen katoen. <br/>- Neutraal, enkel maatlabel aanwezig, dus uitermate geschikt voor rebranding. <br/>- Hangtag en polybags met barcode.<br/>- Geschikt voor werk- & casual vrijetijdskleding.<br/>- Beschikbaar van maat XS t/m 7XL.<br/><br/>Ook mogelijk in uw gewenste PMS-kleur aan dezelfde prijs, minimaal 300 stuks door de maten heen.",https://tghimages.nl/B2B_TS180_NAVY_FRONT.JPG
B2B-TS180,B2B Cotton T-shirt Manuel,B2B-TS180NA01,1,Back To Basics,,B2B-TS180NA01,B2B Cotton T-shirt Manuel,"6,10E+12",1,"70,7",S,navy,Cotton T-shirt Manuel navy S,Cotton T-shirt Manuel navy S,"Dit T-shirt van 100% voorgekrompen katoen behoudt zijn pasvorm, zelfs na vele wasbeurten. Het zachte, ademende materiaal biedt ultiem comfort. Dubbel gestikte naden zorgen voor extra duurzaamheid, ideaal voor 
intensief gebruik.<br/><br/>- Dubbel gestikte naden, gekleurde nektape ter versteviging en 60°C wasbaar.<br/>- Set-in mouwen, zijnaden.<br/>- Iets langer dan gemiddeld<br/>- Duurzaam 180-grams T-shirt, vervaardigd uit 100% voorgekrompen katoen. <br/>- Neutraal, enkel maatlabel aanwezig, dus uitermate geschikt voor rebranding. <br/>- Hangtag en polybags met barcode.<br/>- Geschikt voor werk- & casual vrijetijdskleding.<br/>- Beschikbaar van maat XS t/m 7XL.<br/><br/>Ook mogelijk in uw gewenste PMS-kleur aan dezelfde prijs, minimaal 300 stuks door de maten heen.",https://tghimages.nl/B2B_TS180_NAVY_FRONT.JPG
B2B-TS180,B2B Cotton T-shirt Manuel,B2B-TS180NA02,1,Back To Basics,,B2B-TS180NA02,B2B Cotton T-shirt Manuel,"6,10E+12",1,"70,8",M,navy,Cotton T-shirt Manuel navy M,Cotton T-shirt Manuel navy M,"Dit T-shirt van 100% voorgekrompen katoen behoudt zijn pasvorm, zelfs na vele wasbeurten. Het zachte, ademende materiaal biedt ultiem comfort. Dubbel gestikte naden zorgen voor extra duurzaamheid, ideaal voor 
intensief gebruik.<br/><br/>- Dubbel gestikte naden, gekleurde nektape ter versteviging en 60°C wasbaar.<br/>- Set-in mouwen, zijnaden.<br/>- Iets langer dan gemiddeld<br/>- Duurzaam 180-grams T-shirt, vervaardigd uit 100% voorgekrompen katoen. <br/>- Neutraal, enkel maatlabel aanwezig, dus uitermate geschikt voor rebranding. <br/>- Hangtag en polybags met barcode.<br/>- Geschikt voor werk- & casual vrijetijdskleding.<br/>- Beschikbaar van maat XS t/m 7XL.<br/><br/>Ook mogelijk in uw gewenste PMS-kleur aan dezelfde prijs, minimaal 300 stuks door de maten heen.",https://tghimages.nl/B2B_TS180_NAVY_FRONT.JPG
B2B-TS180,B2B Cotton T-shirt Manuel,B2B-TS180NA03,1,Back To Basics,,B2B-TS180NA03,B2B Cotton T-shirt Manuel,"6,10E+12",1,"70,9",L,navy,Cotton T-shirt Manuel navy L,Cotton T-shirt Manuel navy L,"Dit T-shirt van 100% voorgekrompen katoen behoudt zijn pasvorm, zelfs na vele wasbeurten. Het zachte, ademende materiaal biedt ultiem comfort. Dubbel gestikte naden zorgen voor extra duurzaamheid, ideaal voor 
intensief gebruik.<br/><br/>- Dubbel gestikte naden, gekleurde nektape ter versteviging en 60°C wasbaar.<br/>- Set-in mouwen, zijnaden.<br/>- Iets langer dan gemiddeld<br/>- Duurzaam 180-grams T-shirt, vervaardigd uit 100% voorgekrompen katoen. <br/>- Neutraal, enkel maatlabel aanwezig, dus uitermate geschikt voor rebranding. <br/>- Hangtag en polybags met barcode.<br/>- Geschikt voor werk- & casual vrijetijdskleding.<br/>- Beschikbaar van maat XS t/m 7XL.<br/><br/>Ook mogelijk in uw gewenste PMS-kleur aan dezelfde prijs, minimaal 300 stuks door de maten heen.",https://tghimages.nl/B2B_TS180_NAVY_FRONT.JPG
B2B-TS180,B2B Cotton T-shirt Manuel,B2B-TS180NA04,1,Back To Basics,,B2B-TS180NA04,B2B Cotton T-shirt Manuel,"6,10E+12",1,71,XL,navy,Cotton T-shirt Manuel navy XL,Cotton T-shirt Manuel navy XL,"Dit T-shirt van 100% voorgekrompen katoen behoudt zijn pasvorm, zelfs na vele wasbeurten. Het zachte, ademende materiaal biedt ultiem comfort. Dubbel gestikte naden zorgen voor extra duurzaamheid, ideaal voor 
intensief gebruik.<br/><br/>- Dubbel gestikte naden, gekleurde nektape ter versteviging en 60°C wasbaar.<br/>- Set-in mouwen, zijnaden.<br/>- Iets langer dan gemiddeld<br/>- Duurzaam 180-grams T-shirt, vervaardigd uit 100% voorgekrompen katoen. <br/>- Neutraal, enkel maatlabel aanwezig, dus uitermate geschikt voor rebranding. <br/>- Hangtag en polybags met barcode.<br/>- Geschikt voor werk- & casual vrijetijdskleding.<br/>- Beschikbaar van maat XS t/m 7XL.<br/><br/>Ook mogelijk in uw gewenste PMS-kleur aan dezelfde prijs, minimaal 300 stuks door de maten heen.",https://tghimages.nl/B2B_TS180_NAVY_FRONT.JPG
B2B-TS180,B2B Cotton T-shirt Manuel,B2B-TS180NA05,1,Back To Basics,,B2B-TS180NA05,B2B Cotton T-shirt Manuel,"6,10E+12",1,"71,1",XXL,navy,Cotton T-shirt Manuel navy XXL,Cotton T-shirt Manuel navy XXL,"Dit T-shirt van 100% voorgekrompen katoen behoudt zijn pasvorm, zelfs na vele wasbeurten. Het zachte, ademende materiaal biedt ultiem comfort. Dubbel gestikte naden zorgen voor extra duurzaamheid, ideaal voor 
intensief gebruik.<br/><br/>- Dubbel gestikte naden, gekleurde nektape ter versteviging en 60°C wasbaar.<br/>- Set-in mouwen, zijnaden.<br/>- Iets langer dan gemiddeld<br/>- Duurzaam 180-grams T-shirt, vervaardigd uit 100% voorgekrompen katoen. <br/>- Neutraal, enkel maatlabel aanwezig, dus uitermate geschikt voor rebranding. <br/>- Hangtag en polybags met barcode.<br/>- Geschikt voor werk- & casual vrijetijdskleding.<br/>- Beschikbaar van maat XS t/m 7XL.<br/><br/>Ook mogelijk in uw gewenste PMS-kleur aan dezelfde prijs, minimaal 300 stuks door de maten heen.",https://tghimages.nl/B2B_TS180_NAVY_FRONT.JPG
B2B-TS180,B2B Cotton T-shirt Manuel,B2B-TS180NA06,1,Back To Basics,,B2B-TS180NA06,B2B Cotton T-shirt Manuel,"6,10E+12",1,"71,2",3XL,navy,Cotton T-shirt Manuel navy 3XL,Cotton T-shirt Manuel navy 3XL,"Dit T-shirt van 100% voorgekrompen katoen behoudt zijn pasvorm, zelfs na vele wasbeurten. Het zachte, ademende materiaal biedt ultiem comfort. Dubbel gestikte naden zorgen voor extra duurzaamheid, ideaal voor 
intensief gebruik.<br/><br/>- Dubbel gestikte naden, gekleurde nektape ter versteviging en 60°C wasbaar.<br/>- Set-in mouwen, zijnaden.<br/>- Iets langer dan gemiddeld<br/>- Duurzaam 180-grams T-shirt, vervaardigd uit 100% voorgekrompen katoen. <br/>- Neutraal, enkel maatlabel aanwezig, dus uitermate geschikt voor rebranding. <br/>- Hangtag en polybags met barcode.<br/>- Geschikt voor werk- & casual vrijetijdskleding.<br/>- Beschikbaar van maat XS t/m 7XL.<br/><br/>Ook mogelijk in uw gewenste PMS-kleur aan dezelfde prijs, minimaal 300 stuks door de maten heen.",https://tghimages.nl/B2B_TS180_NAVY_FRONT.JPG
B2B-TS180,B2B Cotton T-shirt Manuel,B2B-TS180NA07,1,Back To Basics,,B2B-TS180NA07,B2B Cotton T-shirt Manuel,"6,10E+12",1,"71,3",4XL,navy,Cotton T-shirt Manuel navy 4XL,Cotton T-shirt Manuel navy 4XL,"Dit T-shirt van 100% voorgekrompen katoen behoudt zijn pasvorm, zelfs na vele wasbeurten. Het zachte, ademende materiaal biedt ultiem comfort. Dubbel gestikte naden zorgen voor extra duurzaamheid, ideaal voor 
intensief gebruik.<br/><br/>- Dubbel gestikte naden, gekleurde nektape ter versteviging en 60°C wasbaar.<br/>- Set-in mouwen, zijnaden.<br/>- Iets langer dan gemiddeld<br/>- Duurzaam 180-grams T-shirt, vervaardigd uit 100% voorgekrompen katoen. <br/>- Neutraal, enkel maatlabel aanwezig, dus uitermate geschikt voor rebranding. <br/>- Hangtag en polybags met barcode.<br/>- Geschikt voor werk- & casual vrijetijdskleding.<br/>- Beschikbaar van maat XS t/m 7XL.<br/><br/>Ook mogelijk in uw gewenste PMS-kleur aan dezelfde prijs, minimaal 300 stuks door de maten heen.",https://tghimages.nl/B2B_TS180_NAVY_FRONT.JPG
B2B-TS180,B2B Cotton T-shirt Manuel,B2B-TS180NA08,1,Back To Basics,,B2B-TS180NA08,B2B Cotton T-shirt Manuel,"6,10E+12",1,"71,4",5XL,navy,Cotton T-shirt Manuel navy 5XL,Cotton T-shirt Manuel navy 5XL,"Dit T-shirt van 100% voorgekrompen katoen behoudt zijn pasvorm, zelfs na vele wasbeurten. Het zachte, ademende materiaal biedt ultiem comfort. Dubbel gestikte naden zorgen voor extra duurzaamheid, ideaal voor 
intensief gebruik.<br/><br/>- Dubbel gestikte naden, gekleurde nektape ter versteviging en 60°C wasbaar.<br/>- Set-in mouwen, zijnaden.<br/>- Iets langer dan gemiddeld<br/>- Duurzaam 180-grams T-shirt, vervaardigd uit 100% voorgekrompen katoen. <br/>- Neutraal, enkel maatlabel aanwezig, dus uitermate geschikt voor rebranding. <br/>- Hangtag en polybags met barcode.<br/>- Geschikt voor werk- & casual vrijetijdskleding.<br/>- Beschikbaar van maat XS t/m 7XL.<br/><br/>Ook mogelijk in uw gewenste PMS-kleur aan dezelfde prijs, minimaal 300 stuks door de maten heen.",https://tghimages.nl/B2B_TS180_NAVY_FRONT.JPG
B2B-TS180,B2B Cotton T-shirt Manuel,B2B-TS180NA09,1,Back To Basics,,B2B-TS180NA09,B2B Cotton T-shirt Manuel,"6,10E+12",1,"71,5",6XL,navy,Cotton T-shirt Manuel navy 6XL,Cotton T-shirt Manuel navy 6XL,"Dit T-shirt van 100% voorgekrompen katoen behoudt zijn pasvorm, zelfs na vele wasbeurten. Het zachte, ademende materiaal biedt ultiem comfort. Dubbel gestikte naden zorgen voor extra duurzaamheid, ideaal voor 
intensief gebruik.<br/><br/>- Dubbel gestikte naden, gekleurde nektape ter versteviging en 60°C wasbaar.<br/>- Set-in mouwen, zijnaden.<br/>- Iets langer dan gemiddeld<br/>- Duurzaam 180-grams T-shirt, vervaardigd uit 100% voorgekrompen katoen. <br/>- Neutraal, enkel maatlabel aanwezig, dus uitermate geschikt voor rebranding. <br/>- Hangtag en polybags met barcode.<br/>- Geschikt voor werk- & casual vrijetijdskleding.<br/>- Beschikbaar van maat XS t/m 7XL.<br/><br/>Ook mogelijk in uw gewenste PMS-kleur aan dezelfde prijs, minimaal 300 stuks door de maten heen.",https://tghimages.nl/B2B_TS180_NAVY_FRONT.JPG
B2B-TS180,B2B Cotton T-shirt Manuel,B2B-TS180NA10,1,Back To Basics,,B2B-TS180NA10,B2B Cotton T-shirt Manuel,"6,10E+12",1,"71,6",7XL,navy,Cotton T-shirt Manuel navy 7XL,Cotton T-shirt Manuel navy 7XL,"Dit T-shirt van 100% voorgekrompen katoen behoudt zijn pasvorm, zelfs na vele wasbeurten. Het zachte, ademende materiaal biedt ultiem comfort. Dubbel gestikte naden zorgen voor extra duurzaamheid, ideaal voor 
intensief gebruik.<br/><br/>- Dubbel gestikte naden, gekleurde nektape ter versteviging en 60°C wasbaar.<br/>- Set-in mouwen, zijnaden.<br/>- Iets langer dan gemiddeld<br/>- Duurzaam 180-grams T-shirt, vervaardigd uit 100% voorgekrompen katoen. <br/>- Neutraal, enkel maatlabel aanwezig, dus uitermate geschikt voor rebranding. <br/>- Hangtag en polybags met barcode.<br/>- Geschikt voor werk- & casual vrijetijdskleding.<br/>- Beschikbaar van maat XS t/m 7XL.<br/><br/>Ook mogelijk in uw gewenste PMS-kleur aan dezelfde prijs, minimaal 300 stuks door de maten heen.",https://tghimages.nl/B2B_TS180_NAVY_FRONT.JPG
B2B-TS180,B2B Cotton T-shirt Manuel,B2B-TS180RB00,1,Back To Basics,,B2B-TS180RB00,B2B Cotton T-shirt Manuel,"6,10E+12",1,"71,7",XS,royal blue,Cotton T-shirt Manuel royal blue XS,Cotton T-shirt Manuel royal blue XS,"Dit T-shirt van 100% voorgekrompen katoen behoudt zijn pasvorm, zelfs na vele wasbeurten. Het zachte, ademende materiaal biedt ultiem comfort. Dubbel gestikte naden zorgen voor extra duurzaamheid, ideaal voor 
intensief gebruik.<br/><br/>- Dubbel gestikte naden, gekleurde nektape ter versteviging en 60°C wasbaar.<br/>- Set-in mouwen, zijnaden.<br/>- Iets langer dan gemiddeld<br/>- Duurzaam 180-grams T-shirt, vervaardigd uit 100% voorgekrompen katoen. <br/>- Neutraal, enkel maatlabel aanwezig, dus uitermate geschikt voor rebranding. <br/>- Hangtag en polybags met barcode.<br/>- Geschikt voor werk- & casual vrijetijdskleding.<br/>- Beschikbaar van maat XS t/m 7XL.<br/><br/>Ook mogelijk in uw gewenste PMS-kleur aan dezelfde prijs, minimaal 300 stuks door de maten heen.",https://tghimages.nl/B2B_TS180_ROYAL_BLUE_FRONT.JPG
B2B-TS180,B2B Cotton T-shirt Manuel,B2B-TS180RB01,1,Back To Basics,,B2B-TS180RB01,B2B Cotton T-shirt Manuel,"6,10E+12",1,"71,8",S,royal blue,Cotton T-shirt Manuel royal blue S,Cotton T-shirt Manuel royal blue S,"Dit T-shirt van 100% voorgekrompen katoen behoudt zijn pasvorm, zelfs na vele wasbeurten. Het zachte, ademende materiaal biedt ultiem comfort. Dubbel gestikte naden zorgen voor extra duurzaamheid, ideaal voor 
intensief gebruik.<br/><br/>- Dubbel gestikte naden, gekleurde nektape ter versteviging en 60°C wasbaar.<br/>- Set-in mouwen, zijnaden.<br/>- Iets langer dan gemiddeld<br/>- Duurzaam 180-grams T-shirt, vervaardigd uit 100% voorgekrompen katoen. <br/>- Neutraal, enkel maatlabel aanwezig, dus uitermate geschikt voor rebranding. <br/>- Hangtag en polybags met barcode.<br/>- Geschikt voor werk- & casual vrijetijdskleding.<br/>- Beschikbaar van maat XS t/m 7XL.<br/><br/>Ook mogelijk in uw gewenste PMS-kleur aan dezelfde prijs, minimaal 300 stuks door de maten heen.",https://tghimages.nl/B2B_TS180_ROYAL_BLUE_FRONT.JPG
B2B-TS180,B2B Cotton T-shirt Manuel,B2B-TS180RB02,1,Back To Basics,,B2B-TS180RB02,B2B Cotton T-shirt Manuel,"6,10E+12",1,"71,9",M,royal blue,Cotton T-shirt Manuel royal blue M,Cotton T-shirt Manuel royal blue M,"Dit T-shirt van 100% voorgekrompen katoen behoudt zijn pasvorm, zelfs na vele wasbeurten. Het zachte, ademende materiaal biedt ultiem comfort. Dubbel gestikte naden zorgen voor extra duurzaamheid, ideaal voor 
intensief gebruik.<br/><br/>- Dubbel gestikte naden, gekleurde nektape ter versteviging en 60°C wasbaar.<br/>- Set-in mouwen, zijnaden.<br/>- Iets langer dan gemiddeld<br/>- Duurzaam 180-grams T-shirt, vervaardigd uit 100% voorgekrompen katoen. <br/>- Neutraal, enkel maatlabel aanwezig, dus uitermate geschikt voor rebranding. <br/>- Hangtag en polybags met barcode.<br/>- Geschikt voor werk- & casual vrijetijdskleding.<br/>- Beschikbaar van maat XS t/m 7XL.<br/><br/>Ook mogelijk in uw gewenste PMS-kleur aan dezelfde prijs, minimaal 300 stuks door de maten heen.",https://tghimages.nl/B2B_TS180_ROYAL_BLUE_FRONT.JPG
B2B-TS180,B2B Cotton T-shirt Manuel,B2B-TS180RB03,1,Back To Basics,,B2B-TS180RB03,B2B Cotton T-shirt Manuel,"6,10E+12",1,72,L,royal blue,Cotton T-shirt Manuel royal blue L,Cotton T-shirt Manuel royal blue L,"Dit T-shirt van 100% voorgekrompen katoen behoudt zijn pasvorm, zelfs na vele wasbeurten. Het zachte, ademende materiaal biedt ultiem comfort. Dubbel gestikte naden zorgen voor extra duurzaamheid, ideaal voor 
intensief gebruik.<br/><br/>- Dubbel gestikte naden, gekleurde nektape ter versteviging en 60°C wasbaar.<br/>- Set-in mouwen, zijnaden.<br/>- Iets langer dan gemiddeld<br/>- Duurzaam 180-grams T-shirt, vervaardigd uit 100% voorgekrompen katoen. <br/>- Neutraal, enkel maatlabel aanwezig, dus uitermate geschikt voor rebranding. <br/>- Hangtag en polybags met barcode.<br/>- Geschikt voor werk- & casual vrijetijdskleding.<br/>- Beschikbaar van maat XS t/m 7XL.<br/><br/>Ook mogelijk in uw gewenste PMS-kleur aan dezelfde prijs, minimaal 300 stuks door de maten heen.",https://tghimages.nl/B2B_TS180_ROYAL_BLUE_FRONT.JPG
B2B-TS180,B2B Cotton T-shirt Manuel,B2B-TS180RB04,1,Back To Basics,,B2B-TS180RB04,B2B Cotton T-shirt Manuel,"6,10E+12",1,"72,1",XL,royal blue,Cotton T-shirt Manuel royal blue XL,Cotton T-shirt Manuel royal blue XL,"Dit T-shirt van 100% voorgekrompen katoen behoudt zijn pasvorm, zelfs na vele wasbeurten. Het zachte, ademende materiaal biedt ultiem comfort. Dubbel gestikte naden zorgen voor extra duurzaamheid, ideaal voor 
intensief gebruik.<br/><br/>- Dubbel gestikte naden, gekleurde nektape ter versteviging en 60°C wasbaar.<br/>- Set-in mouwen, zijnaden.<br/>- Iets langer dan gemiddeld<br/>- Duurzaam 180-grams T-shirt, vervaardigd uit 100% voorgekrompen katoen. <br/>- Neutraal, enkel maatlabel aanwezig, dus uitermate geschikt voor rebranding. <br/>- Hangtag en polybags met barcode.<br/>- Geschikt voor werk- & casual vrijetijdskleding.<br/>- Beschikbaar van maat XS t/m 7XL.<br/><br/>Ook mogelijk in uw gewenste PMS-kleur aan dezelfde prijs, minimaal 300 stuks door de maten heen.",https://tghimages.nl/B2B_TS180_ROYAL_BLUE_FRONT.JPG
B2B-TS180,B2B Cotton T-shirt Manuel,B2B-TS180RB05,1,Back To Basics,,B2B-TS180RB05,B2B Cotton T-shirt Manuel,"6,10E+12",1,"72,2",XXL,royal blue,Cotton T-shirt Manuel royal blue XXL,Cotton T-shirt Manuel royal blue XXL,"Dit T-shirt van 100% voorgekrompen katoen behoudt zijn pasvorm, zelfs na vele wasbeurten. Het zachte, ademende materiaal biedt ultiem comfort. Dubbel gestikte naden zorgen voor extra duurzaamheid, ideaal voor 
intensief gebruik.<br/><br/>- Dubbel gestikte naden, gekleurde nektape ter versteviging en 60°C wasbaar.<br/>- Set-in mouwen, zijnaden.<br/>- Iets langer dan gemiddeld<br/>- Duurzaam 180-grams T-shirt, vervaardigd uit 100% voorgekrompen katoen. <br/>- Neutraal, enkel maatlabel aanwezig, dus uitermate geschikt voor rebranding. <br/>- Hangtag en polybags met barcode.<br/>- Geschikt voor werk- & casual vrijetijdskleding.<br/>- Beschikbaar van maat XS t/m 7XL.<br/><br/>Ook mogelijk in uw gewenste PMS-kleur aan dezelfde prijs, minimaal 300 stuks door de maten heen.",https://tghimages.nl/B2B_TS180_ROYAL_BLUE_FRONT.JPG
B2B-TS180,B2B Cotton T-shirt Manuel,B2B-TS180RB06,1,Back To Basics,,B2B-TS180RB06,B2B Cotton T-shirt Manuel,"6,10E+12",1,"72,3",3XL,royal blue,Cotton T-shirt Manuel royal blue 3XL,Cotton T-shirt Manuel royal blue 3XL,"Dit T-shirt van 100% voorgekrompen katoen behoudt zijn pasvorm, zelfs na vele wasbeurten. Het zachte, ademende materiaal biedt ultiem comfort. Dubbel gestikte naden zorgen voor extra duurzaamheid, ideaal voor 
intensief gebruik.<br/><br/>- Dubbel gestikte naden, gekleurde nektape ter versteviging en 60°C wasbaar.<br/>- Set-in mouwen, zijnaden.<br/>- Iets langer dan gemiddeld<br/>- Duurzaam 180-grams T-shirt, vervaardigd uit 100% voorgekrompen katoen. <br/>- Neutraal, enkel maatlabel aanwezig, dus uitermate geschikt voor rebranding. <br/>- Hangtag en polybags met barcode.<br/>- Geschikt voor werk- & casual vrijetijdskleding.<br/>- Beschikbaar van maat XS t/m 7XL.<br/><br/>Ook mogelijk in uw gewenste PMS-kleur aan dezelfde prijs, minimaal 300 stuks door de maten heen.",https://tghimages.nl/B2B_TS180_ROYAL_BLUE_FRONT.JPG
B2B-TS180,B2B Cotton T-shirt Manuel,B2B-TS180RB07,1,Back To Basics,,B2B-TS180RB07,B2B Cotton T-shirt Manuel,"6,10E+12",1,"72,4",4XL,royal blue,Cotton T-shirt Manuel royal blue 4XL,Cotton T-shirt Manuel royal blue 4XL,"Dit T-shirt van 100% voorgekrompen katoen behoudt zijn pasvorm, zelfs na vele wasbeurten. Het zachte, ademende materiaal biedt ultiem comfort. Dubbel gestikte naden zorgen voor extra duurzaamheid, ideaal voor 
intensief gebruik.<br/><br/>- Dubbel gestikte naden, gekleurde nektape ter versteviging en 60°C wasbaar.<br/>- Set-in mouwen, zijnaden.<br/>- Iets langer dan gemiddeld<br/>- Duurzaam 180-grams T-shirt, vervaardigd uit 100% voorgekrompen katoen. <br/>- Neutraal, enkel maatlabel aanwezig, dus uitermate geschikt voor rebranding. <br/>- Hangtag en polybags met barcode.<br/>- Geschikt voor werk- & casual vrijetijdskleding.<br/>- Beschikbaar van maat XS t/m 7XL.<br/><br/>Ook mogelijk in uw gewenste PMS-kleur aan dezelfde prijs, minimaal 300 stuks door de maten heen.",https://tghimages.nl/B2B_TS180_ROYAL_BLUE_FRONT.JPG
B2B-TS180,B2B Cotton T-shirt Manuel,B2B-TS180RB08,1,Back To Basics,,B2B-TS180RB08,B2B Cotton T-shirt Manuel,"6,10E+12",1,"72,5",5XL,royal blue,Cotton T-shirt Manuel royal blue 5XL,Cotton T-shirt Manuel royal blue 5XL,"Dit T-shirt van 100% voorgekrompen katoen behoudt zijn pasvorm, zelfs na vele wasbeurten. Het zachte, ademende materiaal biedt ultiem comfort. Dubbel gestikte naden zorgen voor extra duurzaamheid, ideaal voor 
intensief gebruik.<br/><br/>- Dubbel gestikte naden, gekleurde nektape ter versteviging en 60°C wasbaar.<br/>- Set-in mouwen, zijnaden.<br/>- Iets langer dan gemiddeld<br/>- Duurzaam 180-grams T-shirt, vervaardigd uit 100% voorgekrompen katoen. <br/>- Neutraal, enkel maatlabel aanwezig, dus uitermate geschikt voor rebranding. <br/>- Hangtag en polybags met barcode.<br/>- Geschikt voor werk- & casual vrijetijdskleding.<br/>- Beschikbaar van maat XS t/m 7XL.<br/><br/>Ook mogelijk in uw gewenste PMS-kleur aan dezelfde prijs, minimaal 300 stuks door de maten heen.",https://tghimages.nl/B2B_TS180_ROYAL_BLUE_FRONT.JPG
B2B-TS180,B2B Cotton T-shirt Manuel,B2B-TS180RB09,1,Back To Basics,,B2B-TS180RB09,B2B Cotton T-shirt Manuel,"6,10E+12",1,"72,6",6XL,royal blue,Cotton T-shirt Manuel royal blue 6XL,Cotton T-shirt Manuel royal blue 6XL,"Dit T-shirt van 100% voorgekrompen katoen behoudt zijn pasvorm, zelfs na vele wasbeurten. Het zachte, ademende materiaal biedt ultiem comfort. Dubbel gestikte naden zorgen voor extra duurzaamheid, ideaal voor 
intensief gebruik.<br/><br/>- Dubbel gestikte naden, gekleurde nektape ter versteviging en 60°C wasbaar.<br/>- Set-in mouwen, zijnaden.<br/>- Iets langer dan gemiddeld<br/>- Duurzaam 180-grams T-shirt, vervaardigd uit 100% voorgekrompen katoen. <br/>- Neutraal, enkel maatlabel aanwezig, dus uitermate geschikt voor rebranding. <br/>- Hangtag en polybags met barcode.<br/>- Geschikt voor werk- & casual vrijetijdskleding.<br/>- Beschikbaar van maat XS t/m 7XL.<br/><br/>Ook mogelijk in uw gewenste PMS-kleur aan dezelfde prijs, minimaal 300 stuks door de maten heen.",https://tghimages.nl/B2B_TS180_ROYAL_BLUE_FRONT.JPG
B2B-TS180,B2B Cotton T-shirt Manuel,B2B-TS180RB10,1,Back To Basics,,B2B-TS180RB10,B2B Cotton T-shirt Manuel,"6,10E+12",1,"72,7",7XL,royal blue,Cotton T-shirt Manuel royal blue 7XL,Cotton T-shirt Manuel royal blue 7XL,"Dit T-shirt van 100% voorgekrompen katoen behoudt zijn pasvorm, zelfs na vele wasbeurten. Het zachte, ademende materiaal biedt ultiem comfort. Dubbel gestikte naden zorgen voor extra duurzaamheid, ideaal voor 
intensief gebruik.<br/><br/>- Dubbel gestikte naden, gekleurde nektape ter versteviging en 60°C wasbaar.<br/>- Set-in mouwen, zijnaden.<br/>- Iets langer dan gemiddeld<br/>- Duurzaam 180-grams T-shirt, vervaardigd uit 100% voorgekrompen katoen. <br/>- Neutraal, enkel maatlabel aanwezig, dus uitermate geschikt voor rebranding. <br/>- Hangtag en polybags met barcode.<br/>- Geschikt voor werk- & casual vrijetijdskleding.<br/>- Beschikbaar van maat XS t/m 7XL.<br/><br/>Ook mogelijk in uw gewenste PMS-kleur aan dezelfde prijs, minimaal 300 stuks door de maten heen.",https://tghimages.nl/B2B_TS180_ROYAL_BLUE_FRONT.JPG
B2B-TS180,B2B Cotton T-shirt Manuel,B2B-TS180RE00,1,Back To Basics,,B2B-TS180RE00,B2B Cotton T-shirt Manuel,"6,10E+12",1,"72,8",XS,red,Cotton T-shirt Manuel red XS,Cotton T-shirt Manuel red XS,"Dit T-shirt van 100% voorgekrompen katoen behoudt zijn pasvorm, zelfs na vele wasbeurten. Het zachte, ademende materiaal biedt ultiem comfort. Dubbel gestikte naden zorgen voor extra duurzaamheid, ideaal voor 
intensief gebruik.<br/><br/>- Dubbel gestikte naden, gekleurde nektape ter versteviging en 60°C wasbaar.<br/>- Set-in mouwen, zijnaden.<br/>- Iets langer dan gemiddeld<br/>- Duurzaam 180-grams T-shirt, vervaardigd uit 100% voorgekrompen katoen. <br/>- Neutraal, enkel maatlabel aanwezig, dus uitermate geschikt voor rebranding. <br/>- Hangtag en polybags met barcode.<br/>- Geschikt voor werk- & casual vrijetijdskleding.<br/>- Beschikbaar van maat XS t/m 7XL.<br/><br/>Ook mogelijk in uw gewenste PMS-kleur aan dezelfde prijs, minimaal 300 stuks door de maten heen.",https://tghimages.nl/B2B_TS180_RED_FRONT.JPG
B2B-TS180,B2B Cotton T-shirt Manuel,B2B-TS180RE01,1,Back To Basics,,B2B-TS180RE01,B2B Cotton T-shirt Manuel,"6,10E+12",1,"72,9",S,red,Cotton T-shirt Manuel red S,Cotton T-shirt Manuel red S,"Dit T-shirt van 100% voorgekrompen katoen behoudt zijn pasvorm, zelfs na vele wasbeurten. Het zachte, ademende materiaal biedt ultiem comfort. Dubbel gestikte naden zorgen voor extra duurzaamheid, ideaal voor 
intensief gebruik.<br/><br/>- Dubbel gestikte naden, gekleurde nektape ter versteviging en 60°C wasbaar.<br/>- Set-in mouwen, zijnaden.<br/>- Iets langer dan gemiddeld<br/>- Duurzaam 180-grams T-shirt, vervaardigd uit 100% voorgekrompen katoen. <br/>- Neutraal, enkel maatlabel aanwezig, dus uitermate geschikt voor rebranding. <br/>- Hangtag en polybags met barcode.<br/>- Geschikt voor werk- & casual vrijetijdskleding.<br/>- Beschikbaar van maat XS t/m 7XL.<br/><br/>Ook mogelijk in uw gewenste PMS-kleur aan dezelfde prijs, minimaal 300 stuks door de maten heen.",https://tghimages.nl/B2B_TS180_RED_FRONT.JPG
B2B-TS180,B2B Cotton T-shirt Manuel,B2B-TS180RE02,1,Back To Basics,,B2B-TS180RE02,B2B Cotton T-shirt Manuel,"6,10E+12",1,73,M,red,Cotton T-shirt Manuel red M,Cotton T-shirt Manuel red M,"Dit T-shirt van 100% voorgekrompen katoen behoudt zijn pasvorm, zelfs na vele wasbeurten. Het zachte, ademende materiaal biedt ultiem comfort. Dubbel gestikte naden zorgen voor extra duurzaamheid, ideaal voor 
intensief gebruik.<br/><br/>- Dubbel gestikte naden, gekleurde nektape ter versteviging en 60°C wasbaar.<br/>- Set-in mouwen, zijnaden.<br/>- Iets langer dan gemiddeld<br/>- Duurzaam 180-grams T-shirt, vervaardigd uit 100% voorgekrompen katoen. <br/>- Neutraal, enkel maatlabel aanwezig, dus uitermate geschikt voor rebranding. <br/>- Hangtag en polybags met barcode.<br/>- Geschikt voor werk- & casual vrijetijdskleding.<br/>- Beschikbaar van maat XS t/m 7XL.<br/><br/>Ook mogelijk in uw gewenste PMS-kleur aan dezelfde prijs, minimaal 300 stuks door de maten heen.",https://tghimages.nl/B2B_TS180_RED_FRONT.JPG
B2B-TS180,B2B Cotton T-shirt Manuel,B2B-TS180RE03,1,Back To Basics,,B2B-TS180RE03,B2B Cotton T-shirt Manuel,"6,10E+12",1,"73,1",L,red,Cotton T-shirt Manuel red L,Cotton T-shirt Manuel red L,"Dit T-shirt van 100% voorgekrompen katoen behoudt zijn pasvorm, zelfs na vele wasbeurten. Het zachte, ademende materiaal biedt ultiem comfort. Dubbel gestikte naden zorgen voor extra duurzaamheid, ideaal voor 
intensief gebruik.<br/><br/>- Dubbel gestikte naden, gekleurde nektape ter versteviging en 60°C wasbaar.<br/>- Set-in mouwen, zijnaden.<br/>- Iets langer dan gemiddeld<br/>- Duurzaam 180-grams T-shirt, vervaardigd uit 100% voorgekrompen katoen. <br/>- Neutraal, enkel maatlabel aanwezig, dus uitermate geschikt voor rebranding. <br/>- Hangtag en polybags met barcode.<br/>- Geschikt voor werk- & casual vrijetijdskleding.<br/>- Beschikbaar van maat XS t/m 7XL.<br/><br/>Ook mogelijk in uw gewenste PMS-kleur aan dezelfde prijs, minimaal 300 stuks door de maten heen.",https://tghimages.nl/B2B_TS180_RED_FRONT.JPG
B2B-TS180,B2B Cotton T-shirt Manuel,B2B-TS180RE04,1,Back To Basics,,B2B-TS180RE04,B2B Cotton T-shirt Manuel,"6,10E+12",1,"73,2",XL,red,Cotton T-shirt Manuel red XL,Cotton T-shirt Manuel red XL,"Dit T-shirt van 100% voorgekrompen katoen behoudt zijn pasvorm, zelfs na vele wasbeurten. Het zachte, ademende materiaal biedt ultiem comfort. Dubbel gestikte naden zorgen voor extra duurzaamheid, ideaal voor 
intensief gebruik.<br/><br/>- Dubbel gestikte naden, gekleurde nektape ter versteviging en 60°C wasbaar.<br/>- Set-in mouwen, zijnaden.<br/>- Iets langer dan gemiddeld<br/>- Duurzaam 180-grams T-shirt, vervaardigd uit 100% voorgekrompen katoen. <br/>- Neutraal, enkel maatlabel aanwezig, dus uitermate geschikt voor rebranding. <br/>- Hangtag en polybags met barcode.<br/>- Geschikt voor werk- & casual vrijetijdskleding.<br/>- Beschikbaar van maat XS t/m 7XL.<br/><br/>Ook mogelijk in uw gewenste PMS-kleur aan dezelfde prijs, minimaal 300 stuks door de maten heen.",https://tghimages.nl/B2B_TS180_RED_FRONT.JPG
B2B-TS180,B2B Cotton T-shirt Manuel,B2B-TS180RE05,1,Back To Basics,,B2B-TS180RE05,B2B Cotton T-shirt Manuel,"6,10E+12",1,"73,3",XXL,red,Cotton T-shirt Manuel red XXL,Cotton T-shirt Manuel red XXL,"Dit T-shirt van 100% voorgekrompen katoen behoudt zijn pasvorm, zelfs na vele wasbeurten. Het zachte, ademende materiaal biedt ultiem comfort. Dubbel gestikte naden zorgen voor extra duurzaamheid, ideaal voor 
intensief gebruik.<br/><br/>- Dubbel gestikte naden, gekleurde nektape ter versteviging en 60°C wasbaar.<br/>- Set-in mouwen, zijnaden.<br/>- Iets langer dan gemiddeld<br/>- Duurzaam 180-grams T-shirt, vervaardigd uit 100% voorgekrompen katoen. <br/>- Neutraal, enkel maatlabel aanwezig, dus uitermate geschikt voor rebranding. <br/>- Hangtag en polybags met barcode.<br/>- Geschikt voor werk- & casual vrijetijdskleding.<br/>- Beschikbaar van maat XS t/m 7XL.<br/><br/>Ook mogelijk in uw gewenste PMS-kleur aan dezelfde prijs, minimaal 300 stuks door de maten heen.",https://tghimages.nl/B2B_TS180_RED_FRONT.JPG
B2B-TS180,B2B Cotton T-shirt Manuel,B2B-TS180RE06,1,Back To Basics,,B2B-TS180RE06,B2B Cotton T-shirt Manuel,"6,10E+12",1,"73,4",3XL,red,Cotton T-shirt Manuel red 3XL,Cotton T-shirt Manuel red 3XL,"Dit T-shirt van 100% voorgekrompen katoen behoudt zijn pasvorm, zelfs na vele wasbeurten. Het zachte, ademende materiaal biedt ultiem comfort. Dubbel gestikte naden zorgen voor extra duurzaamheid, ideaal voor 
intensief gebruik.<br/><br/>- Dubbel gestikte naden, gekleurde nektape ter versteviging en 60°C wasbaar.<br/>- Set-in mouwen, zijnaden.<br/>- Iets langer dan gemiddeld<br/>- Duurzaam 180-grams T-shirt, vervaardigd uit 100% voorgekrompen katoen. <br/>- Neutraal, enkel maatlabel aanwezig, dus uitermate geschikt voor rebranding. <br/>- Hangtag en polybags met barcode.<br/>- Geschikt voor werk- & casual vrijetijdskleding.<br/>- Beschikbaar van maat XS t/m 7XL.<br/><br/>Ook mogelijk in uw gewenste PMS-kleur aan dezelfde prijs, minimaal 300 stuks door de maten heen.",https://tghimages.nl/B2B_TS180_RED_FRONT.JPG
B2B-TS180,B2B Cotton T-shirt Manuel,B2B-TS180RE07,1,Back To Basics,,B2B-TS180RE07,B2B Cotton T-shirt Manuel,"6,10E+12",1,"73,5",4XL,red,Cotton T-shirt Manuel red 4XL,Cotton T-shirt Manuel red 4XL,"Dit T-shirt van 100% voorgekrompen katoen behoudt zijn pasvorm, zelfs na vele wasbeurten. Het zachte, ademende materiaal biedt ultiem comfort. Dubbel gestikte naden zorgen voor extra duurzaamheid, ideaal voor 
intensief gebruik.<br/><br/>- Dubbel gestikte naden, gekleurde nektape ter versteviging en 60°C wasbaar.<br/>- Set-in mouwen, zijnaden.<br/>- Iets langer dan gemiddeld<br/>- Duurzaam 180-grams T-shirt, vervaardigd uit 100% voorgekrompen katoen. <br/>- Neutraal, enkel maatlabel aanwezig, dus uitermate geschikt voor rebranding. <br/>- Hangtag en polybags met barcode.<br/>- Geschikt voor werk- & casual vrijetijdskleding.<br/>- Beschikbaar van maat XS t/m 7XL.<br/><br/>Ook mogelijk in uw gewenste PMS-kleur aan dezelfde prijs, minimaal 300 stuks door de maten heen.",https://tghimages.nl/B2B_TS180_RED_FRONT.JPG
B2B-TS180,B2B Cotton T-shirt Manuel,B2B-TS180RE08,1,Back To Basics,,B2B-TS180RE08,B2B Cotton T-shirt Manuel,"6,10E+12",1,"73,6",5XL,red,Cotton T-shirt Manuel red 5XL,Cotton T-shirt Manuel red 5XL,"Dit T-shirt van 100% voorgekrompen katoen behoudt zijn pasvorm, zelfs na vele wasbeurten. Het zachte, ademende materiaal biedt ultiem comfort. Dubbel gestikte naden zorgen voor extra duurzaamheid, ideaal voor 
intensief gebruik.<br/><br/>- Dubbel gestikte naden, gekleurde nektape ter versteviging en 60°C wasbaar.<br/>- Set-in mouwen, zijnaden.<br/>- Iets langer dan gemiddeld<br/>- Duurzaam 180-grams T-shirt, vervaardigd uit 100% voorgekrompen katoen. <br/>- Neutraal, enkel maatlabel aanwezig, dus uitermate geschikt voor rebranding. <br/>- Hangtag en polybags met barcode.<br/>- Geschikt voor werk- & casual vrijetijdskleding.<br/>- Beschikbaar van maat XS t/m 7XL.<br/><br/>Ook mogelijk in uw gewenste PMS-kleur aan dezelfde prijs, minimaal 300 stuks door de maten heen.",https://tghimages.nl/B2B_TS180_RED_FRONT.JPG
B2B-TS180,B2B Cotton T-shirt Manuel,B2B-TS180RE09,1,Back To Basics,,B2B-TS180RE09,B2B Cotton T-shirt Manuel,"6,10E+12",1,"73,7",6XL,red,Cotton T-shirt Manuel red 6XL,Cotton T-shirt Manuel red 6XL,"Dit T-shirt van 100% voorgekrompen katoen behoudt zijn pasvorm, zelfs na vele wasbeurten. Het zachte, ademende materiaal biedt ultiem comfort. Dubbel gestikte naden zorgen voor extra duurzaamheid, ideaal voor 
intensief gebruik.<br/><br/>- Dubbel gestikte naden, gekleurde nektape ter versteviging en 60°C wasbaar.<br/>- Set-in mouwen, zijnaden.<br/>- Iets langer dan gemiddeld<br/>- Duurzaam 180-grams T-shirt, vervaardigd uit 100% voorgekrompen katoen. <br/>- Neutraal, enkel maatlabel aanwezig, dus uitermate geschikt voor rebranding. <br/>- Hangtag en polybags met barcode.<br/>- Geschikt voor werk- & casual vrijetijdskleding.<br/>- Beschikbaar van maat XS t/m 7XL.<br/><br/>Ook mogelijk in uw gewenste PMS-kleur aan dezelfde prijs, minimaal 300 stuks door de maten heen.",https://tghimages.nl/B2B_TS180_RED_FRONT.JPG
B2B-TS180,B2B Cotton T-shirt Manuel,B2B-TS180RE10,1,Back To Basics,,B2B-TS180RE10,B2B Cotton T-shirt Manuel,"6,10E+12",1,"73,8",7XL,red,Cotton T-shirt Manuel red 7XL,Cotton T-shirt Manuel red 7XL,"Dit T-shirt van 100% voorgekrompen katoen behoudt zijn pasvorm, zelfs na vele wasbeurten. Het zachte, ademende materiaal biedt ultiem comfort. Dubbel gestikte naden zorgen voor extra duurzaamheid, ideaal voor 
intensief gebruik.<br/><br/>- Dubbel gestikte naden, gekleurde nektape ter versteviging en 60°C wasbaar.<br/>- Set-in mouwen, zijnaden.<br/>- Iets langer dan gemiddeld<br/>- Duurzaam 180-grams T-shirt, vervaardigd uit 100% voorgekrompen katoen. <br/>- Neutraal, enkel maatlabel aanwezig, dus uitermate geschikt voor rebranding. <br/>- Hangtag en polybags met barcode.<br/>- Geschikt voor werk- & casual vrijetijdskleding.<br/>- Beschikbaar van maat XS t/m 7XL.<br/><br/>Ook mogelijk in uw gewenste PMS-kleur aan dezelfde prijs, minimaal 300 stuks door de maten heen.",https://tghimages.nl/B2B_TS180_RED_FRONT.JPG
B2B-TS180,B2B Cotton T-shirt Manuel,B2B-TS180WH00,1,Back To Basics,,B2B-TS180WH00,B2B Cotton T-shirt Manuel,"6,10E+12",1,"73,9",XS,white,Cotton T-shirt Manuel white XS,Cotton T-shirt Manuel white XS,"Dit T-shirt van 100% voorgekrompen katoen behoudt zijn pasvorm, zelfs na vele wasbeurten. Het zachte, ademende materiaal biedt ultiem comfort. Dubbel gestikte naden zorgen voor extra duurzaamheid, ideaal voor 
intensief gebruik.<br/><br/>- Dubbel gestikte naden, gekleurde nektape ter versteviging en 60°C wasbaar.<br/>- Set-in mouwen, zijnaden.<br/>- Iets langer dan gemiddeld<br/>- Duurzaam 180-grams T-shirt, vervaardigd uit 100% voorgekrompen katoen. <br/>- Neutraal, enkel maatlabel aanwezig, dus uitermate geschikt voor rebranding. <br/>- Hangtag en polybags met barcode.<br/>- Geschikt voor werk- & casual vrijetijdskleding.<br/>- Beschikbaar van maat XS t/m 7XL.<br/><br/>Ook mogelijk in uw gewenste PMS-kleur aan dezelfde prijs, minimaal 300 stuks door de maten heen.",https://tghimages.nl/B2B_TS180_WHITE_FRONT.JPG
B2B-TS180,B2B Cotton T-shirt Manuel,B2B-TS180WH01,1,Back To Basics,,B2B-TS180WH01,B2B Cotton T-shirt Manuel,"6,10E+12",1,74,S,white,Cotton T-shirt Manuel white S,Cotton T-shirt Manuel white S,"Dit T-shirt van 100% voorgekrompen katoen behoudt zijn pasvorm, zelfs na vele wasbeurten. Het zachte, ademende materiaal biedt ultiem comfort. Dubbel gestikte naden zorgen voor extra duurzaamheid, ideaal voor 
intensief gebruik.<br/><br/>- Dubbel gestikte naden, gekleurde nektape ter versteviging en 60°C wasbaar.<br/>- Set-in mouwen, zijnaden.<br/>- Iets langer dan gemiddeld<br/>- Duurzaam 180-grams T-shirt, vervaardigd uit 100% voorgekrompen katoen. <br/>- Neutraal, enkel maatlabel aanwezig, dus uitermate geschikt voor rebranding. <br/>- Hangtag en polybags met barcode.<br/>- Geschikt voor werk- & casual vrijetijdskleding.<br/>- Beschikbaar van maat XS t/m 7XL.<br/><br/>Ook mogelijk in uw gewenste PMS-kleur aan dezelfde prijs, minimaal 300 stuks door de maten heen.",https://tghimages.nl/B2B_TS180_WHITE_FRONT.JPG
B2B-TS180,B2B Cotton T-shirt Manuel,B2B-TS180WH02,1,Back To Basics,,B2B-TS180WH02,B2B Cotton T-shirt Manuel,"6,10E+12",1,"74,1",M,white,Cotton T-shirt Manuel white M,Cotton T-shirt Manuel white M,"Dit T-shirt van 100% voorgekrompen katoen behoudt zijn pasvorm, zelfs na vele wasbeurten. Het zachte, ademende materiaal biedt ultiem comfort. Dubbel gestikte naden zorgen voor extra duurzaamheid, ideaal voor 
intensief gebruik.<br/><br/>- Dubbel gestikte naden, gekleurde nektape ter versteviging en 60°C wasbaar.<br/>- Set-in mouwen, zijnaden.<br/>- Iets langer dan gemiddeld<br/>- Duurzaam 180-grams T-shirt, vervaardigd uit 100% voorgekrompen katoen. <br/>- Neutraal, enkel maatlabel aanwezig, dus uitermate geschikt voor rebranding. <br/>- Hangtag en polybags met barcode.<br/>- Geschikt voor werk- & casual vrijetijdskleding.<br/>- Beschikbaar van maat XS t/m 7XL.<br/><br/>Ook mogelijk in uw gewenste PMS-kleur aan dezelfde prijs, minimaal 300 stuks door de maten heen.",https://tghimages.nl/B2B_TS180_WHITE_FRONT.JPG
B2B-TS180,B2B Cotton T-shirt Manuel,B2B-TS180WH03,1,Back To Basics,,B2B-TS180WH03,B2B Cotton T-shirt Manuel,"6,10E+12",1,"74,2",L,white,Cotton T-shirt Manuel white L,Cotton T-shirt Manuel white L,"Dit T-shirt van 100% voorgekrompen katoen behoudt zijn pasvorm, zelfs na vele wasbeurten. Het zachte, ademende materiaal biedt ultiem comfort. Dubbel gestikte naden zorgen voor extra duurzaamheid, ideaal voor 
intensief gebruik.<br/><br/>- Dubbel gestikte naden, gekleurde nektape ter versteviging en 60°C wasbaar.<br/>- Set-in mouwen, zijnaden.<br/>- Iets langer dan gemiddeld<br/>- Duurzaam 180-grams T-shirt, vervaardigd uit 100% voorgekrompen katoen. <br/>- Neutraal, enkel maatlabel aanwezig, dus uitermate geschikt voor rebranding. <br/>- Hangtag en polybags met barcode.<br/>- Geschikt voor werk- & casual vrijetijdskleding.<br/>- Beschikbaar van maat XS t/m 7XL.<br/><br/>Ook mogelijk in uw gewenste PMS-kleur aan dezelfde prijs, minimaal 300 stuks door de maten heen.",https://tghimages.nl/B2B_TS180_WHITE_FRONT.JPG
B2B-TS180,B2B Cotton T-shirt Manuel,B2B-TS180WH04,1,Back To Basics,,B2B-TS180WH04,B2B Cotton T-shirt Manuel,"6,10E+12",1,"74,3",XL,white,Cotton T-shirt Manuel white XL,Cotton T-shirt Manuel white XL,"Dit T-shirt van 100% voorgekrompen katoen behoudt zijn pasvorm, zelfs na vele wasbeurten. Het zachte, ademende materiaal biedt ultiem comfort. Dubbel gestikte naden zorgen voor extra duurzaamheid, ideaal voor 
intensief gebruik.<br/><br/>- Dubbel gestikte naden, gekleurde nektape ter versteviging en 60°C wasbaar.<br/>- Set-in mouwen, zijnaden.<br/>- Iets langer dan gemiddeld<br/>- Duurzaam 180-grams T-shirt, vervaardigd uit 100% voorgekrompen katoen. <br/>- Neutraal, enkel maatlabel aanwezig, dus uitermate geschikt voor rebranding. <br/>- Hangtag en polybags met barcode.<br/>- Geschikt voor werk- & casual vrijetijdskleding.<br/>- Beschikbaar van maat XS t/m 7XL.<br/><br/>Ook mogelijk in uw gewenste PMS-kleur aan dezelfde prijs, minimaal 300 stuks door de maten heen.",https://tghimages.nl/B2B_TS180_WHITE_FRONT.JPG
B2B-TS180,B2B Cotton T-shirt Manuel,B2B-TS180WH05,1,Back To Basics,,B2B-TS180WH05,B2B Cotton T-shirt Manuel,"6,10E+12",1,"74,4",XXL,white,Cotton T-shirt Manuel white XXL,Cotton T-shirt Manuel white XXL,"Dit T-shirt van 100% voorgekrompen katoen behoudt zijn pasvorm, zelfs na vele wasbeurten. Het zachte, ademende materiaal biedt ultiem comfort. Dubbel gestikte naden zorgen voor extra duurzaamheid, ideaal voor 
intensief gebruik.<br/><br/>- Dubbel gestikte naden, gekleurde nektape ter versteviging en 60°C wasbaar.<br/>- Set-in mouwen, zijnaden.<br/>- Iets langer dan gemiddeld<br/>- Duurzaam 180-grams T-shirt, vervaardigd uit 100% voorgekrompen katoen. <br/>- Neutraal, enkel maatlabel aanwezig, dus uitermate geschikt voor rebranding. <br/>- Hangtag en polybags met barcode.<br/>- Geschikt voor werk- & casual vrijetijdskleding.<br/>- Beschikbaar van maat XS t/m 7XL.<br/><br/>Ook mogelijk in uw gewenste PMS-kleur aan dezelfde prijs, minimaal 300 stuks door de maten heen.",https://tghimages.nl/B2B_TS180_WHITE_FRONT.JPG
B2B-TS180,B2B Cotton T-shirt Manuel,B2B-TS180WH06,1,Back To Basics,,B2B-TS180WH06,B2B Cotton T-shirt Manuel,"6,10E+12",1,"74,5",3XL,white,Cotton T-shirt Manuel white 3XL,Cotton T-shirt Manuel white 3XL,"Dit T-shirt van 100% voorgekrompen katoen behoudt zijn pasvorm, zelfs na vele wasbeurten. Het zachte, ademende materiaal biedt ultiem comfort. Dubbel gestikte naden zorgen voor extra duurzaamheid, ideaal voor 
intensief gebruik.<br/><br/>- Dubbel gestikte naden, gekleurde nektape ter versteviging en 60°C wasbaar.<br/>- Set-in mouwen, zijnaden.<br/>- Iets langer dan gemiddeld<br/>- Duurzaam 180-grams T-shirt, vervaardigd uit 100% voorgekrompen katoen. <br/>- Neutraal, enkel maatlabel aanwezig, dus uitermate geschikt voor rebranding. <br/>- Hangtag en polybags met barcode.<br/>- Geschikt voor werk- & casual vrijetijdskleding.<br/>- Beschikbaar van maat XS t/m 7XL.<br/><br/>Ook mogelijk in uw gewenste PMS-kleur aan dezelfde prijs, minimaal 300 stuks door de maten heen.",https://tghimages.nl/B2B_TS180_WHITE_FRONT.JPG
B2B-TS180,B2B Cotton T-shirt Manuel,B2B-TS180WH07,1,Back To Basics,,B2B-TS180WH07,B2B Cotton T-shirt Manuel,"6,10E+12",1,"74,6",4XL,white,Cotton T-shirt Manuel white 4XL,Cotton T-shirt Manuel white 4XL,"Dit T-shirt van 100% voorgekrompen katoen behoudt zijn pasvorm, zelfs na vele wasbeurten. Het zachte, ademende materiaal biedt ultiem comfort. Dubbel gestikte naden zorgen voor extra duurzaamheid, ideaal voor 
intensief gebruik.<br/><br/>- Dubbel gestikte naden, gekleurde nektape ter versteviging en 60°C wasbaar.<br/>- Set-in mouwen, zijnaden.<br/>- Iets langer dan gemiddeld<br/>- Duurzaam 180-grams T-shirt, vervaardigd uit 100% voorgekrompen katoen. <br/>- Neutraal, enkel maatlabel aanwezig, dus uitermate geschikt voor rebranding. <br/>- Hangtag en polybags met barcode.<br/>- Geschikt voor werk- & casual vrijetijdskleding.<br/>- Beschikbaar van maat XS t/m 7XL.<br/><br/>Ook mogelijk in uw gewenste PMS-kleur aan dezelfde prijs, minimaal 300 stuks door de maten heen.",https://tghimages.nl/B2B_TS180_WHITE_FRONT.JPG
B2B-TS180,B2B Cotton T-shirt Manuel,B2B-TS180WH08,1,Back To Basics,,B2B-TS180WH08,B2B Cotton T-shirt Manuel,"6,10E+12",1,"74,7",5XL,white,Cotton T-shirt Manuel white 5XL,Cotton T-shirt Manuel white 5XL,"Dit T-shirt van 100% voorgekrompen katoen behoudt zijn pasvorm, zelfs na vele wasbeurten. Het zachte, ademende materiaal biedt ultiem comfort. Dubbel gestikte naden zorgen voor extra duurzaamheid, ideaal voor 
intensief gebruik.<br/><br/>- Dubbel gestikte naden, gekleurde nektape ter versteviging en 60°C wasbaar.<br/>- Set-in mouwen, zijnaden.<br/>- Iets langer dan gemiddeld<br/>- Duurzaam 180-grams T-shirt, vervaardigd uit 100% voorgekrompen katoen. <br/>- Neutraal, enkel maatlabel aanwezig, dus uitermate geschikt voor rebranding. <br/>- Hangtag en polybags met barcode.<br/>- Geschikt voor werk- & casual vrijetijdskleding.<br/>- Beschikbaar van maat XS t/m 7XL.<br/><br/>Ook mogelijk in uw gewenste PMS-kleur aan dezelfde prijs, minimaal 300 stuks door de maten heen.",https://tghimages.nl/B2B_TS180_WHITE_FRONT.JPG
B2B-TS180,B2B Cotton T-shirt Manuel,B2B-TS180WH09,1,Back To Basics,,B2B-TS180WH09,B2B Cotton T-shirt Manuel,"6,10E+12",1,"74,8",6XL,white,Cotton T-shirt Manuel white 6XL,Cotton T-shirt Manuel white 6XL,"Dit T-shirt van 100% voorgekrompen katoen behoudt zijn pasvorm, zelfs na vele wasbeurten. Het zachte, ademende materiaal biedt ultiem comfort. Dubbel gestikte naden zorgen voor extra duurzaamheid, ideaal voor 
intensief gebruik.<br/><br/>- Dubbel gestikte naden, gekleurde nektape ter versteviging en 60°C wasbaar.<br/>- Set-in mouwen, zijnaden.<br/>- Iets langer dan gemiddeld<br/>- Duurzaam 180-grams T-shirt, vervaardigd uit 100% voorgekrompen katoen. <br/>- Neutraal, enkel maatlabel aanwezig, dus uitermate geschikt voor rebranding. <br/>- Hangtag en polybags met barcode.<br/>- Geschikt voor werk- & casual vrijetijdskleding.<br/>- Beschikbaar van maat XS t/m 7XL.<br/><br/>Ook mogelijk in uw gewenste PMS-kleur aan dezelfde prijs, minimaal 300 stuks door de maten heen.",https://tghimages.nl/B2B_TS180_WHITE_FRONT.JPG
B2B-TS180,B2B Cotton T-shirt Manuel,B2B-TS180WH10,1,Back To Basics,,B2B-TS180WH10,B2B Cotton T-shirt Manuel,"6,10E+12",1,"74,9",7XL,white,Cotton T-shirt Manuel white 7XL,Cotton T-shirt Manuel white 7XL,"Dit T-shirt van 100% voorgekrompen katoen behoudt zijn pasvorm, zelfs na vele wasbeurten. Het zachte, ademende materiaal biedt ultiem comfort. Dubbel gestikte naden zorgen voor extra duurzaamheid, ideaal voor 
intensief gebruik.<br/><br/>- Dubbel gestikte naden, gekleurde nektape ter versteviging en 60°C wasbaar.<br/>- Set-in mouwen, zijnaden.<br/>- Iets langer dan gemiddeld<br/>- Duurzaam 180-grams T-shirt, vervaardigd uit 100% voorgekrompen katoen. <br/>- Neutraal, enkel maatlabel aanwezig, dus uitermate geschikt voor rebranding. <br/>- Hangtag en polybags met barcode.<br/>- Geschikt voor werk- & casual vrijetijdskleding.<br/>- Beschikbaar van maat XS t/m 7XL.<br/><br/>Ook mogelijk in uw gewenste PMS-kleur aan dezelfde prijs, minimaal 300 stuks door de maten heen.",https://tghimages.nl/B2B_TS180_WHITE_FRONT.JPG
B2B-ZBSW,B2B Zipneck band sweater Mason,B2B-ZBSWAN00,1,Back To Basics,,B2B-ZBSWAN00,B2B Zipneck band sweater Mason,"6,10E+12",1,75,XS,anthracite,Zipneck band sweater Mason anthracite XS,Zipneck band sweater Mason anthracite XS,"Deze zipnecksweater combineert voorgekrompen katoen en gerecycled polyester voor duurzaamheid en comfort. Met een stevige ribkraag, ribboorden en een degelijke metalen rits, biedt hij zowel stijl als functionaliteit. Perfect voor dagelijks gebruik en werkkleding.<br/><br/>- Dubbel gestikte naden, gekleurde nektape ter versteviging en 60°C wasbaar.<br/>- Geborstelde fleece aan de binnenkant voor meer draagcomfort, set-in mouwen, brede ribgebreide boorden.<br/>- Metalen rits en de halve maan in de nek.<br/>- Duurzame 280-grams zipneck sweater, vervaardigd uit 70% voorgekrompen katoen en 30% gerecycled polyester. <br/>- Neutraal, enkel maatlabel aanwezig, dus uitermate geschikt voor rebranding. <br/>- Hangtag en polybags met barcode.<br/>- Geschikt voor werk- & casual vrijetijdskleding.<br/>- Beschikbaar van maat XS t/m 4XL.<br/><br/>Ook mogelijk in uw gewenste PMS-kleur aan dezelfde prijs, minimaal 300 stuks door de maten heen.",https://tghimages.nl/B2B_ZBSW_ANTHRACITE_FRONT.JPG
B2B-ZBSW,B2B Zipneck band sweater Mason,B2B-ZBSWAN01,1,Back To Basics,,B2B-ZBSWAN01,B2B Zipneck band sweater Mason,"6,10E+12",1,"75,1",S,anthracite,Zipneck band sweater Mason anthracite S,Zipneck band sweater Mason anthracite S,"Deze zipnecksweater combineert voorgekrompen katoen en gerecycled polyester voor duurzaamheid en comfort. Met een stevige ribkraag, ribboorden en een degelijke metalen rits, biedt hij zowel stijl als functionaliteit. Perfect voor dagelijks gebruik en werkkleding.<br/><br/>- Dubbel gestikte naden, gekleurde nektape ter versteviging en 60°C wasbaar.<br/>- Geborstelde fleece aan de binnenkant voor meer draagcomfort, set-in mouwen, brede ribgebreide boorden.<br/>- Metalen rits en de halve maan in de nek.<br/>- Duurzame 280-grams zipneck sweater, vervaardigd uit 70% voorgekrompen katoen en 30% gerecycled polyester. <br/>- Neutraal, enkel maatlabel aanwezig, dus uitermate geschikt voor rebranding. <br/>- Hangtag en polybags met barcode.<br/>- Geschikt voor werk- & casual vrijetijdskleding.<br/>- Beschikbaar van maat XS t/m 4XL.<br/><br/>Ook mogelijk in uw gewenste PMS-kleur aan dezelfde prijs, minimaal 300 stuks door de maten heen.",https://tghimages.nl/B2B_ZBSW_ANTHRACITE_FRONT.JPG
B2B-ZBSW,B2B Zipneck band sweater Mason,B2B-ZBSWAN02,1,Back To Basics,,B2B-ZBSWAN02,B2B Zipneck band sweater Mason,"6,10E+12",1,"75,2",M,anthracite,Zipneck band sweater Mason anthracite M,Zipneck band sweater Mason anthracite M,"Deze zipnecksweater combineert voorgekrompen katoen en gerecycled polyester voor duurzaamheid en comfort. Met een stevige ribkraag, ribboorden en een degelijke metalen rits, biedt hij zowel stijl als functionaliteit. Perfect voor dagelijks gebruik en werkkleding.<br/><br/>- Dubbel gestikte naden, gekleurde nektape ter versteviging en 60°C wasbaar.<br/>- Geborstelde fleece aan de binnenkant voor meer draagcomfort, set-in mouwen, brede ribgebreide boorden.<br/>- Metalen rits en de halve maan in de nek.<br/>- Duurzame 280-grams zipneck sweater, vervaardigd uit 70% voorgekrompen katoen en 30% gerecycled polyester. <br/>- Neutraal, enkel maatlabel aanwezig, dus uitermate geschikt voor rebranding. <br/>- Hangtag en polybags met barcode.<br/>- Geschikt voor werk- & casual vrijetijdskleding.<br/>- Beschikbaar van maat XS t/m 4XL.<br/><br/>Ook mogelijk in uw gewenste PMS-kleur aan dezelfde prijs, minimaal 300 stuks door de maten heen.",https://tghimages.nl/B2B_ZBSW_ANTHRACITE_FRONT.JPG
B2B-ZBSW,B2B Zipneck band sweater Mason,B2B-ZBSWAN03,1,Back To Basics,,B2B-ZBSWAN03,B2B Zipneck band sweater Mason,"6,10E+12",1,"75,3",L,anthracite,Zipneck band sweater Mason anthracite L,Zipneck band sweater Mason anthracite L,"Deze zipnecksweater combineert voorgekrompen katoen en gerecycled polyester voor duurzaamheid en comfort. Met een stevige ribkraag, ribboorden en een degelijke metalen rits, biedt hij zowel stijl als functionaliteit. Perfect voor dagelijks gebruik en werkkleding.<br/><br/>- Dubbel gestikte naden, gekleurde nektape ter versteviging en 60°C wasbaar.<br/>- Geborstelde fleece aan de binnenkant voor meer draagcomfort, set-in mouwen, brede ribgebreide boorden.<br/>- Metalen rits en de halve maan in de nek.<br/>- Duurzame 280-grams zipneck sweater, vervaardigd uit 70% voorgekrompen katoen en 30% gerecycled polyester. <br/>- Neutraal, enkel maatlabel aanwezig, dus uitermate geschikt voor rebranding. <br/>- Hangtag en polybags met barcode.<br/>- Geschikt voor werk- & casual vrijetijdskleding.<br/>- Beschikbaar van maat XS t/m 4XL.<br/><br/>Ook mogelijk in uw gewenste PMS-kleur aan dezelfde prijs, minimaal 300 stuks door de maten heen.",https://tghimages.nl/B2B_ZBSW_ANTHRACITE_FRONT.JPG
B2B-ZBSW,B2B Zipneck band sweater Mason,B2B-ZBSWAN04,1,Back To Basics,,B2B-ZBSWAN04,B2B Zipneck band sweater Mason,"6,10E+12",1,"75,4",XL,anthracite,Zipneck band sweater Mason anthracite XL,Zipneck band sweater Mason anthracite XL,"Deze zipnecksweater combineert voorgekrompen katoen en gerecycled polyester voor duurzaamheid en comfort. Met een stevige ribkraag, ribboorden en een degelijke metalen rits, biedt hij zowel stijl als functionaliteit. Perfect voor dagelijks gebruik en werkkleding.<br/><br/>- Dubbel gestikte naden, gekleurde nektape ter versteviging en 60°C wasbaar.<br/>- Geborstelde fleece aan de binnenkant voor meer draagcomfort, set-in mouwen, brede ribgebreide boorden.<br/>- Metalen rits en de halve maan in de nek.<br/>- Duurzame 280-grams zipneck sweater, vervaardigd uit 70% voorgekrompen katoen en 30% gerecycled polyester. <br/>- Neutraal, enkel maatlabel aanwezig, dus uitermate geschikt voor rebranding. <br/>- Hangtag en polybags met barcode.<br/>- Geschikt voor werk- & casual vrijetijdskleding.<br/>- Beschikbaar van maat XS t/m 4XL.<br/><br/>Ook mogelijk in uw gewenste PMS-kleur aan dezelfde prijs, minimaal 300 stuks door de maten heen.",https://tghimages.nl/B2B_ZBSW_ANTHRACITE_FRONT.JPG
B2B-ZBSW,B2B Zipneck band sweater Mason,B2B-ZBSWAN05,1,Back To Basics,,B2B-ZBSWAN05,B2B Zipneck band sweater Mason,"6,10E+12",1,"75,5",XXL,anthracite,Zipneck band sweater Mason anthracite XXL,Zipneck band sweater Mason anthracite XXL,"Deze zipnecksweater combineert voorgekrompen katoen en gerecycled polyester voor duurzaamheid en comfort. Met een stevige ribkraag, ribboorden en een degelijke metalen rits, biedt hij zowel stijl als functionaliteit. Perfect voor dagelijks gebruik en werkkleding.<br/><br/>- Dubbel gestikte naden, gekleurde nektape ter versteviging en 60°C wasbaar.<br/>- Geborstelde fleece aan de binnenkant voor meer draagcomfort, set-in mouwen, brede ribgebreide boorden.<br/>- Metalen rits en de halve maan in de nek.<br/>- Duurzame 280-grams zipneck sweater, vervaardigd uit 70% voorgekrompen katoen en 30% gerecycled polyester. <br/>- Neutraal, enkel maatlabel aanwezig, dus uitermate geschikt voor rebranding. <br/>- Hangtag en polybags met barcode.<br/>- Geschikt voor werk- & casual vrijetijdskleding.<br/>- Beschikbaar van maat XS t/m 4XL.<br/><br/>Ook mogelijk in uw gewenste PMS-kleur aan dezelfde prijs, minimaal 300 stuks door de maten heen.",https://tghimages.nl/B2B_ZBSW_ANTHRACITE_FRONT.JPG
B2B-ZBSW,B2B Zipneck band sweater Mason,B2B-ZBSWAN06,1,Back To Basics,,B2B-ZBSWAN06,B2B Zipneck band sweater Mason,"6,10E+12",1,"75,6",3XL,anthracite,Zipneck band sweater Mason anthracite 3XL,Zipneck band sweater Mason anthracite 3XL,"Deze zipnecksweater combineert voorgekrompen katoen en gerecycled polyester voor duurzaamheid en comfort. Met een stevige ribkraag, ribboorden en een degelijke metalen rits, biedt hij zowel stijl als functionaliteit. Perfect voor dagelijks gebruik en werkkleding.<br/><br/>- Dubbel gestikte naden, gekleurde nektape ter versteviging en 60°C wasbaar.<br/>- Geborstelde fleece aan de binnenkant voor meer draagcomfort, set-in mouwen, brede ribgebreide boorden.<br/>- Metalen rits en de halve maan in de nek.<br/>- Duurzame 280-grams zipneck sweater, vervaardigd uit 70% voorgekrompen katoen en 30% gerecycled polyester. <br/>- Neutraal, enkel maatlabel aanwezig, dus uitermate geschikt voor rebranding. <br/>- Hangtag en polybags met barcode.<br/>- Geschikt voor werk- & casual vrijetijdskleding.<br/>- Beschikbaar van maat XS t/m 4XL.<br/><br/>Ook mogelijk in uw gewenste PMS-kleur aan dezelfde prijs, minimaal 300 stuks door de maten heen.",https://tghimages.nl/B2B_ZBSW_ANTHRACITE_FRONT.JPG
B2B-ZBSW,B2B Zipneck band sweater Mason,B2B-ZBSWAN07,1,Back To Basics,,B2B-ZBSWAN07,B2B Zipneck band sweater Mason,"6,10E+12",1,"75,7",4XL,anthracite,Zipneck band sweater Mason anthracite 4XL,Zipneck band sweater Mason anthracite 4XL,"Deze zipnecksweater combineert voorgekrompen katoen en gerecycled polyester voor duurzaamheid en comfort. Met een stevige ribkraag, ribboorden en een degelijke metalen rits, biedt hij zowel stijl als functionaliteit. Perfect voor dagelijks gebruik en werkkleding.<br/><br/>- Dubbel gestikte naden, gekleurde nektape ter versteviging en 60°C wasbaar.<br/>- Geborstelde fleece aan de binnenkant voor meer draagcomfort, set-in mouwen, brede ribgebreide boorden.<br/>- Metalen rits en de halve maan in de nek.<br/>- Duurzame 280-grams zipneck sweater, vervaardigd uit 70% voorgekrompen katoen en 30% gerecycled polyester. <br/>- Neutraal, enkel maatlabel aanwezig, dus uitermate geschikt voor rebranding. <br/>- Hangtag en polybags met barcode.<br/>- Geschikt voor werk- & casual vrijetijdskleding.<br/>- Beschikbaar van maat XS t/m 4XL.<br/><br/>Ook mogelijk in uw gewenste PMS-kleur aan dezelfde prijs, minimaal 300 stuks door de maten heen.",https://tghimages.nl/B2B_ZBSW_ANTHRACITE_FRONT.JPG
B2B-ZBSW,B2B Zipneck band sweater Mason,B2B-ZBSWAN08,1,Back To Basics,,B2B-ZBSWAN08,B2B Zipneck band sweater Mason,"6,10E+12",1,"75,8",5XL,anthracite,Zipneck band sweater Mason anthracite 5XL,Zipneck band sweater Mason anthracite 5XL,"Deze zipnecksweater combineert voorgekrompen katoen en gerecycled polyester voor duurzaamheid en comfort. Met een stevige ribkraag, ribboorden en een degelijke metalen rits, biedt hij zowel stijl als functionaliteit. Perfect voor dagelijks gebruik en werkkleding.<br/><br/>- Dubbel gestikte naden, gekleurde nektape ter versteviging en 60°C wasbaar.<br/>- Geborstelde fleece aan de binnenkant voor meer draagcomfort, set-in mouwen, brede ribgebreide boorden.<br/>- Metalen rits en de halve maan in de nek.<br/>- Duurzame 280-grams zipneck sweater, vervaardigd uit 70% voorgekrompen katoen en 30% gerecycled polyester. <br/>- Neutraal, enkel maatlabel aanwezig, dus uitermate geschikt voor rebranding. <br/>- Hangtag en polybags met barcode.<br/>- Geschikt voor werk- & casual vrijetijdskleding.<br/>- Beschikbaar van maat XS t/m 4XL.<br/><br/>Ook mogelijk in uw gewenste PMS-kleur aan dezelfde prijs, minimaal 300 stuks door de maten heen.",https://tghimages.nl/B2B_ZBSW_ANTHRACITE_FRONT.JPG
B2B-ZBSW,B2B Zipneck band sweater Mason,B2B-ZBSWAN09,1,Back To Basics,,B2B-ZBSWAN09,B2B Zipneck band sweater Mason,"6,10E+12",1,"75,9",6XL,anthracite,Zipneck band sweater Mason anthracite 6XL,Zipneck band sweater Mason anthracite 6XL,"Deze zipnecksweater combineert voorgekrompen katoen en gerecycled polyester voor duurzaamheid en comfort. Met een stevige ribkraag, ribboorden en een degelijke metalen rits, biedt hij zowel stijl als functionaliteit. Perfect voor dagelijks gebruik en werkkleding.<br/><br/>- Dubbel gestikte naden, gekleurde nektape ter versteviging en 60°C wasbaar.<br/>- Geborstelde fleece aan de binnenkant voor meer draagcomfort, set-in mouwen, brede ribgebreide boorden.<br/>- Metalen rits en de halve maan in de nek.<br/>- Duurzame 280-grams zipneck sweater, vervaardigd uit 70% voorgekrompen katoen en 30% gerecycled polyester. <br/>- Neutraal, enkel maatlabel aanwezig, dus uitermate geschikt voor rebranding. <br/>- Hangtag en polybags met barcode.<br/>- Geschikt voor werk- & casual vrijetijdskleding.<br/>- Beschikbaar van maat XS t/m 4XL.<br/><br/>Ook mogelijk in uw gewenste PMS-kleur aan dezelfde prijs, minimaal 300 stuks door de maten heen.",https://tghimages.nl/B2B_ZBSW_ANTHRACITE_FRONT.JPG
B2B-ZBSW,B2B Zipneck band sweater Mason,B2B-ZBSWAN10,1,Back To Basics,,B2B-ZBSWAN10,B2B Zipneck band sweater Mason,"6,10E+12",1,76,7XL,anthracite,Zipneck band sweater Mason anthracite 7XL,Zipneck band sweater Mason anthracite 7XL,"Deze zipnecksweater combineert voorgekrompen katoen en gerecycled polyester voor duurzaamheid en comfort. Met een stevige ribkraag, ribboorden en een degelijke metalen rits, biedt hij zowel stijl als functionaliteit. Perfect voor dagelijks gebruik en werkkleding.<br/><br/>- Dubbel gestikte naden, gekleurde nektape ter versteviging en 60°C wasbaar.<br/>- Geborstelde fleece aan de binnenkant voor meer draagcomfort, set-in mouwen, brede ribgebreide boorden.<br/>- Metalen rits en de halve maan in de nek.<br/>- Duurzame 280-grams zipneck sweater, vervaardigd uit 70% voorgekrompen katoen en 30% gerecycled polyester. <br/>- Neutraal, enkel maatlabel aanwezig, dus uitermate geschikt voor rebranding. <br/>- Hangtag en polybags met barcode.<br/>- Geschikt voor werk- & casual vrijetijdskleding.<br/>- Beschikbaar van maat XS t/m 4XL.<br/><br/>Ook mogelijk in uw gewenste PMS-kleur aan dezelfde prijs, minimaal 300 stuks door de maten heen.",https://tghimages.nl/B2B_ZBSW_ANTHRACITE_FRONT.JPG
B2B-ZBSW,B2B Zipneck band sweater Mason,B2B-ZBSWBL00,1,Back To Basics,,B2B-ZBSWBL00,B2B Zipneck band sweater Mason,"6,10E+12",1,"76,1",XS,black,Zipneck band sweater Mason black XS,Zipneck band sweater Mason black XS,"Deze zipnecksweater combineert voorgekrompen katoen en gerecycled polyester voor duurzaamheid en comfort. Met een stevige ribkraag, ribboorden en een degelijke metalen rits, biedt hij zowel stijl als functionaliteit. Perfect voor dagelijks gebruik en werkkleding.<br/><br/>- Dubbel gestikte naden, gekleurde nektape ter versteviging en 60°C wasbaar.<br/>- Geborstelde fleece aan de binnenkant voor meer draagcomfort, set-in mouwen, brede ribgebreide boorden.<br/>- Metalen rits en de halve maan in de nek.<br/>- Duurzame 280-grams zipneck sweater, vervaardigd uit 70% voorgekrompen katoen en 30% gerecycled polyester. <br/>- Neutraal, enkel maatlabel aanwezig, dus uitermate geschikt voor rebranding. <br/>- Hangtag en polybags met barcode.<br/>- Geschikt voor werk- & casual vrijetijdskleding.<br/>- Beschikbaar van maat XS t/m 4XL.<br/><br/>Ook mogelijk in uw gewenste PMS-kleur aan dezelfde prijs, minimaal 300 stuks door de maten heen.",https://tghimages.nl/B2B_ZBSW_BLACK_FRONT.JPG
B2B-ZBSW,B2B Zipneck band sweater Mason,B2B-ZBSWBL01,1,Back To Basics,,B2B-ZBSWBL01,B2B Zipneck band sweater Mason,"6,10E+12",1,"76,2",S,black,Zipneck band sweater Mason black S,Zipneck band sweater Mason black S,"Deze zipnecksweater combineert voorgekrompen katoen en gerecycled polyester voor duurzaamheid en comfort. Met een stevige ribkraag, ribboorden en een degelijke metalen rits, biedt hij zowel stijl als functionaliteit. Perfect voor dagelijks gebruik en werkkleding.<br/><br/>- Dubbel gestikte naden, gekleurde nektape ter versteviging en 60°C wasbaar.<br/>- Geborstelde fleece aan de binnenkant voor meer draagcomfort, set-in mouwen, brede ribgebreide boorden.<br/>- Metalen rits en de halve maan in de nek.<br/>- Duurzame 280-grams zipneck sweater, vervaardigd uit 70% voorgekrompen katoen en 30% gerecycled polyester. <br/>- Neutraal, enkel maatlabel aanwezig, dus uitermate geschikt voor rebranding. <br/>- Hangtag en polybags met barcode.<br/>- Geschikt voor werk- & casual vrijetijdskleding.<br/>- Beschikbaar van maat XS t/m 4XL.<br/><br/>Ook mogelijk in uw gewenste PMS-kleur aan dezelfde prijs, minimaal 300 stuks door de maten heen.",https://tghimages.nl/B2B_ZBSW_BLACK_FRONT.JPG
B2B-ZBSW,B2B Zipneck band sweater Mason,B2B-ZBSWBL02,1,Back To Basics,,B2B-ZBSWBL02,B2B Zipneck band sweater Mason,"6,10E+12",1,"76,3",M,black,Zipneck band sweater Mason black M,Zipneck band sweater Mason black M,"Deze zipnecksweater combineert voorgekrompen katoen en gerecycled polyester voor duurzaamheid en comfort. Met een stevige ribkraag, ribboorden en een degelijke metalen rits, biedt hij zowel stijl als functionaliteit. Perfect voor dagelijks gebruik en werkkleding.<br/><br/>- Dubbel gestikte naden, gekleurde nektape ter versteviging en 60°C wasbaar.<br/>- Geborstelde fleece aan de binnenkant voor meer draagcomfort, set-in mouwen, brede ribgebreide boorden.<br/>- Metalen rits en de halve maan in de nek.<br/>- Duurzame 280-grams zipneck sweater, vervaardigd uit 70% voorgekrompen katoen en 30% gerecycled polyester. <br/>- Neutraal, enkel maatlabel aanwezig, dus uitermate geschikt voor rebranding. <br/>- Hangtag en polybags met barcode.<br/>- Geschikt voor werk- & casual vrijetijdskleding.<br/>- Beschikbaar van maat XS t/m 4XL.<br/><br/>Ook mogelijk in uw gewenste PMS-kleur aan dezelfde prijs, minimaal 300 stuks door de maten heen.",https://tghimages.nl/B2B_ZBSW_BLACK_FRONT.JPG
B2B-ZBSW,B2B Zipneck band sweater Mason,B2B-ZBSWBL03,1,Back To Basics,,B2B-ZBSWBL03,B2B Zipneck band sweater Mason,"6,10E+12",1,"76,4",L,black,Zipneck band sweater Mason black L,Zipneck band sweater Mason black L,"Deze zipnecksweater combineert voorgekrompen katoen en gerecycled polyester voor duurzaamheid en comfort. Met een stevige ribkraag, ribboorden en een degelijke metalen rits, biedt hij zowel stijl als functionaliteit. Perfect voor dagelijks gebruik en werkkleding.<br/><br/>- Dubbel gestikte naden, gekleurde nektape ter versteviging en 60°C wasbaar.<br/>- Geborstelde fleece aan de binnenkant voor meer draagcomfort, set-in mouwen, brede ribgebreide boorden.<br/>- Metalen rits en de halve maan in de nek.<br/>- Duurzame 280-grams zipneck sweater, vervaardigd uit 70% voorgekrompen katoen en 30% gerecycled polyester. <br/>- Neutraal, enkel maatlabel aanwezig, dus uitermate geschikt voor rebranding. <br/>- Hangtag en polybags met barcode.<br/>- Geschikt voor werk- & casual vrijetijdskleding.<br/>- Beschikbaar van maat XS t/m 4XL.<br/><br/>Ook mogelijk in uw gewenste PMS-kleur aan dezelfde prijs, minimaal 300 stuks door de maten heen.",https://tghimages.nl/B2B_ZBSW_BLACK_FRONT.JPG
B2B-ZBSW,B2B Zipneck band sweater Mason,B2B-ZBSWBL04,1,Back To Basics,,B2B-ZBSWBL04,B2B Zipneck band sweater Mason,"6,10E+12",1,"76,5",XL,black,Zipneck band sweater Mason black XL,Zipneck band sweater Mason black XL,"Deze zipnecksweater combineert voorgekrompen katoen en gerecycled polyester voor duurzaamheid en comfort. Met een stevige ribkraag, ribboorden en een degelijke metalen rits, biedt hij zowel stijl als functionaliteit. Perfect voor dagelijks gebruik en werkkleding.<br/><br/>- Dubbel gestikte naden, gekleurde nektape ter versteviging en 60°C wasbaar.<br/>- Geborstelde fleece aan de binnenkant voor meer draagcomfort, set-in mouwen, brede ribgebreide boorden.<br/>- Metalen rits en de halve maan in de nek.<br/>- Duurzame 280-grams zipneck sweater, vervaardigd uit 70% voorgekrompen katoen en 30% gerecycled polyester. <br/>- Neutraal, enkel maatlabel aanwezig, dus uitermate geschikt voor rebranding. <br/>- Hangtag en polybags met barcode.<br/>- Geschikt voor werk- & casual vrijetijdskleding.<br/>- Beschikbaar van maat XS t/m 4XL.<br/><br/>Ook mogelijk in uw gewenste PMS-kleur aan dezelfde prijs, minimaal 300 stuks door de maten heen.",https://tghimages.nl/B2B_ZBSW_BLACK_FRONT.JPG
B2B-ZBSW,B2B Zipneck band sweater Mason,B2B-ZBSWBL05,1,Back To Basics,,B2B-ZBSWBL05,B2B Zipneck band sweater Mason,"6,10E+12",1,"76,6",XXL,black,Zipneck band sweater Mason black XXL,Zipneck band sweater Mason black XXL,"Deze zipnecksweater combineert voorgekrompen katoen en gerecycled polyester voor duurzaamheid en comfort. Met een stevige ribkraag, ribboorden en een degelijke metalen rits, biedt hij zowel stijl als functionaliteit. Perfect voor dagelijks gebruik en werkkleding.<br/><br/>- Dubbel gestikte naden, gekleurde nektape ter versteviging en 60°C wasbaar.<br/>- Geborstelde fleece aan de binnenkant voor meer draagcomfort, set-in mouwen, brede ribgebreide boorden.<br/>- Metalen rits en de halve maan in de nek.<br/>- Duurzame 280-grams zipneck sweater, vervaardigd uit 70% voorgekrompen katoen en 30% gerecycled polyester. <br/>- Neutraal, enkel maatlabel aanwezig, dus uitermate geschikt voor rebranding. <br/>- Hangtag en polybags met barcode.<br/>- Geschikt voor werk- & casual vrijetijdskleding.<br/>- Beschikbaar van maat XS t/m 4XL.<br/><br/>Ook mogelijk in uw gewenste PMS-kleur aan dezelfde prijs, minimaal 300 stuks door de maten heen.",https://tghimages.nl/B2B_ZBSW_BLACK_FRONT.JPG
B2B-ZBSW,B2B Zipneck band sweater Mason,B2B-ZBSWBL06,1,Back To Basics,,B2B-ZBSWBL06,B2B Zipneck band sweater Mason,"6,10E+12",1,"76,7",3XL,black,Zipneck band sweater Mason black 3XL,Zipneck band sweater Mason black 3XL,"Deze zipnecksweater combineert voorgekrompen katoen en gerecycled polyester voor duurzaamheid en comfort. Met een stevige ribkraag, ribboorden en een degelijke metalen rits, biedt hij zowel stijl als functionaliteit. Perfect voor dagelijks gebruik en werkkleding.<br/><br/>- Dubbel gestikte naden, gekleurde nektape ter versteviging en 60°C wasbaar.<br/>- Geborstelde fleece aan de binnenkant voor meer draagcomfort, set-in mouwen, brede ribgebreide boorden.<br/>- Metalen rits en de halve maan in de nek.<br/>- Duurzame 280-grams zipneck sweater, vervaardigd uit 70% voorgekrompen katoen en 30% gerecycled polyester. <br/>- Neutraal, enkel maatlabel aanwezig, dus uitermate geschikt voor rebranding. <br/>- Hangtag en polybags met barcode.<br/>- Geschikt voor werk- & casual vrijetijdskleding.<br/>- Beschikbaar van maat XS t/m 4XL.<br/><br/>Ook mogelijk in uw gewenste PMS-kleur aan dezelfde prijs, minimaal 300 stuks door de maten heen.",https://tghimages.nl/B2B_ZBSW_BLACK_FRONT.JPG
B2B-ZBSW,B2B Zipneck band sweater Mason,B2B-ZBSWBL07,1,Back To Basics,,B2B-ZBSWBL07,B2B Zipneck band sweater Mason,"6,10E+12",1,"76,8",4XL,black,Zipneck band sweater Mason black 4XL,Zipneck band sweater Mason black 4XL,"Deze zipnecksweater combineert voorgekrompen katoen en gerecycled polyester voor duurzaamheid en comfort. Met een stevige ribkraag, ribboorden en een degelijke metalen rits, biedt hij zowel stijl als functionaliteit. Perfect voor dagelijks gebruik en werkkleding.<br/><br/>- Dubbel gestikte naden, gekleurde nektape ter versteviging en 60°C wasbaar.<br/>- Geborstelde fleece aan de binnenkant voor meer draagcomfort, set-in mouwen, brede ribgebreide boorden.<br/>- Metalen rits en de halve maan in de nek.<br/>- Duurzame 280-grams zipneck sweater, vervaardigd uit 70% voorgekrompen katoen en 30% gerecycled polyester. <br/>- Neutraal, enkel maatlabel aanwezig, dus uitermate geschikt voor rebranding. <br/>- Hangtag en polybags met barcode.<br/>- Geschikt voor werk- & casual vrijetijdskleding.<br/>- Beschikbaar van maat XS t/m 4XL.<br/><br/>Ook mogelijk in uw gewenste PMS-kleur aan dezelfde prijs, minimaal 300 stuks door de maten heen.",https://tghimages.nl/B2B_ZBSW_BLACK_FRONT.JPG
B2B-ZBSW,B2B Zipneck band sweater Mason,B2B-ZBSWBL08,1,Back To Basics,,B2B-ZBSWBL08,B2B Zipneck band sweater Mason,"6,10E+12",1,"76,9",5XL,black,Zipneck band sweater Mason black 5XL,Zipneck band sweater Mason black 5XL,"Deze zipnecksweater combineert voorgekrompen katoen en gerecycled polyester voor duurzaamheid en comfort. Met een stevige ribkraag, ribboorden en een degelijke metalen rits, biedt hij zowel stijl als functionaliteit. Perfect voor dagelijks gebruik en werkkleding.<br/><br/>- Dubbel gestikte naden, gekleurde nektape ter versteviging en 60°C wasbaar.<br/>- Geborstelde fleece aan de binnenkant voor meer draagcomfort, set-in mouwen, brede ribgebreide boorden.<br/>- Metalen rits en de halve maan in de nek.<br/>- Duurzame 280-grams zipneck sweater, vervaardigd uit 70% voorgekrompen katoen en 30% gerecycled polyester. <br/>- Neutraal, enkel maatlabel aanwezig, dus uitermate geschikt voor rebranding. <br/>- Hangtag en polybags met barcode.<br/>- Geschikt voor werk- & casual vrijetijdskleding.<br/>- Beschikbaar van maat XS t/m 4XL.<br/><br/>Ook mogelijk in uw gewenste PMS-kleur aan dezelfde prijs, minimaal 300 stuks door de maten heen.",https://tghimages.nl/B2B_ZBSW_BLACK_FRONT.JPG
B2B-ZBSW,B2B Zipneck band sweater Mason,B2B-ZBSWBL09,1,Back To Basics,,B2B-ZBSWBL09,B2B Zipneck band sweater Mason,"6,10E+12",1,77,6XL,black,Zipneck band sweater Mason black 6XL,Zipneck band sweater Mason black 6XL,"Deze zipnecksweater combineert voorgekrompen katoen en gerecycled polyester voor duurzaamheid en comfort. Met een stevige ribkraag, ribboorden en een degelijke metalen rits, biedt hij zowel stijl als functionaliteit. Perfect voor dagelijks gebruik en werkkleding.<br/><br/>- Dubbel gestikte naden, gekleurde nektape ter versteviging en 60°C wasbaar.<br/>- Geborstelde fleece aan de binnenkant voor meer draagcomfort, set-in mouwen, brede ribgebreide boorden.<br/>- Metalen rits en de halve maan in de nek.<br/>- Duurzame 280-grams zipneck sweater, vervaardigd uit 70% voorgekrompen katoen en 30% gerecycled polyester. <br/>- Neutraal, enkel maatlabel aanwezig, dus uitermate geschikt voor rebranding. <br/>- Hangtag en polybags met barcode.<br/>- Geschikt voor werk- & casual vrijetijdskleding.<br/>- Beschikbaar van maat XS t/m 4XL.<br/><br/>Ook mogelijk in uw gewenste PMS-kleur aan dezelfde prijs, minimaal 300 stuks door de maten heen.",https://tghimages.nl/B2B_ZBSW_BLACK_FRONT.JPG
B2B-ZBSW,B2B Zipneck band sweater Mason,B2B-ZBSWBL10,1,Back To Basics,,B2B-ZBSWBL10,B2B Zipneck band sweater Mason,"6,10E+12",1,"77,1",7XL,black,Zipneck band sweater Mason black 7XL,Zipneck band sweater Mason black 7XL,"Deze zipnecksweater combineert voorgekrompen katoen en gerecycled polyester voor duurzaamheid en comfort. Met een stevige ribkraag, ribboorden en een degelijke metalen rits, biedt hij zowel stijl als functionaliteit. Perfect voor dagelijks gebruik en werkkleding.<br/><br/>- Dubbel gestikte naden, gekleurde nektape ter versteviging en 60°C wasbaar.<br/>- Geborstelde fleece aan de binnenkant voor meer draagcomfort, set-in mouwen, brede ribgebreide boorden.<br/>- Metalen rits en de halve maan in de nek.<br/>- Duurzame 280-grams zipneck sweater, vervaardigd uit 70% voorgekrompen katoen en 30% gerecycled polyester. <br/>- Neutraal, enkel maatlabel aanwezig, dus uitermate geschikt voor rebranding. <br/>- Hangtag en polybags met barcode.<br/>- Geschikt voor werk- & casual vrijetijdskleding.<br/>- Beschikbaar van maat XS t/m 4XL.<br/><br/>Ook mogelijk in uw gewenste PMS-kleur aan dezelfde prijs, minimaal 300 stuks door de maten heen.",https://tghimages.nl/B2B_ZBSW_BLACK_FRONT.JPG
B2B-ZBSW,B2B Zipneck band sweater Mason,B2B-ZBSWGR00,1,Back To Basics,,B2B-ZBSWGR00,B2B Zipneck band sweater Mason,"6,10E+12",1,"77,2",XS,grey,Zipneck band sweater Mason grey XS,Zipneck band sweater Mason grey XS,"Deze zipnecksweater combineert voorgekrompen katoen en gerecycled polyester voor duurzaamheid en comfort. Met een stevige ribkraag, ribboorden en een degelijke metalen rits, biedt hij zowel stijl als functionaliteit. Perfect voor dagelijks gebruik en werkkleding.<br/><br/>- Dubbel gestikte naden, gekleurde nektape ter versteviging en 60°C wasbaar.<br/>- Geborstelde fleece aan de binnenkant voor meer draagcomfort, set-in mouwen, brede ribgebreide boorden.<br/>- Metalen rits en de halve maan in de nek.<br/>- Duurzame 280-grams zipneck sweater, vervaardigd uit 70% voorgekrompen katoen en 30% gerecycled polyester. <br/>- Neutraal, enkel maatlabel aanwezig, dus uitermate geschikt voor rebranding. <br/>- Hangtag en polybags met barcode.<br/>- Geschikt voor werk- & casual vrijetijdskleding.<br/>- Beschikbaar van maat XS t/m 4XL.<br/><br/>Ook mogelijk in uw gewenste PMS-kleur aan dezelfde prijs, minimaal 300 stuks door de maten heen.",https://tghimages.nl/B2B_ZBSW_GREY_FRONT.JPG
B2B-ZBSW,B2B Zipneck band sweater Mason,B2B-ZBSWGR01,1,Back To Basics,,B2B-ZBSWGR01,B2B Zipneck band sweater Mason,"6,10E+12",1,"77,3",S,grey,Zipneck band sweater Mason grey S,Zipneck band sweater Mason grey S,"Deze zipnecksweater combineert voorgekrompen katoen en gerecycled polyester voor duurzaamheid en comfort. Met een stevige ribkraag, ribboorden en een degelijke metalen rits, biedt hij zowel stijl als functionaliteit. Perfect voor dagelijks gebruik en werkkleding.<br/><br/>- Dubbel gestikte naden, gekleurde nektape ter versteviging en 60°C wasbaar.<br/>- Geborstelde fleece aan de binnenkant voor meer draagcomfort, set-in mouwen, brede ribgebreide boorden.<br/>- Metalen rits en de halve maan in de nek.<br/>- Duurzame 280-grams zipneck sweater, vervaardigd uit 70% voorgekrompen katoen en 30% gerecycled polyester. <br/>- Neutraal, enkel maatlabel aanwezig, dus uitermate geschikt voor rebranding. <br/>- Hangtag en polybags met barcode.<br/>- Geschikt voor werk- & casual vrijetijdskleding.<br/>- Beschikbaar van maat XS t/m 4XL.<br/><br/>Ook mogelijk in uw gewenste PMS-kleur aan dezelfde prijs, minimaal 300 stuks door de maten heen.",https://tghimages.nl/B2B_ZBSW_GREY_FRONT.JPG
B2B-ZBSW,B2B Zipneck band sweater Mason,B2B-ZBSWGR02,1,Back To Basics,,B2B-ZBSWGR02,B2B Zipneck band sweater Mason,"6,10E+12",1,"77,4",M,grey,Zipneck band sweater Mason grey M,Zipneck band sweater Mason grey M,"Deze zipnecksweater combineert voorgekrompen katoen en gerecycled polyester voor duurzaamheid en comfort. Met een stevige ribkraag, ribboorden en een degelijke metalen rits, biedt hij zowel stijl als functionaliteit. Perfect voor dagelijks gebruik en werkkleding.<br/><br/>- Dubbel gestikte naden, gekleurde nektape ter versteviging en 60°C wasbaar.<br/>- Geborstelde fleece aan de binnenkant voor meer draagcomfort, set-in mouwen, brede ribgebreide boorden.<br/>- Metalen rits en de halve maan in de nek.<br/>- Duurzame 280-grams zipneck sweater, vervaardigd uit 70% voorgekrompen katoen en 30% gerecycled polyester. <br/>- Neutraal, enkel maatlabel aanwezig, dus uitermate geschikt voor rebranding. <br/>- Hangtag en polybags met barcode.<br/>- Geschikt voor werk- & casual vrijetijdskleding.<br/>- Beschikbaar van maat XS t/m 4XL.<br/><br/>Ook mogelijk in uw gewenste PMS-kleur aan dezelfde prijs, minimaal 300 stuks door de maten heen.",https://tghimages.nl/B2B_ZBSW_GREY_FRONT.JPG
B2B-ZBSW,B2B Zipneck band sweater Mason,B2B-ZBSWGR03,1,Back To Basics,,B2B-ZBSWGR03,B2B Zipneck band sweater Mason,"6,10E+12",1,"77,5",L,grey,Zipneck band sweater Mason grey L,Zipneck band sweater Mason grey L,"Deze zipnecksweater combineert voorgekrompen katoen en gerecycled polyester voor duurzaamheid en comfort. Met een stevige ribkraag, ribboorden en een degelijke metalen rits, biedt hij zowel stijl als functionaliteit. Perfect voor dagelijks gebruik en werkkleding.<br/><br/>- Dubbel gestikte naden, gekleurde nektape ter versteviging en 60°C wasbaar.<br/>- Geborstelde fleece aan de binnenkant voor meer draagcomfort, set-in mouwen, brede ribgebreide boorden.<br/>- Metalen rits en de halve maan in de nek.<br/>- Duurzame 280-grams zipneck sweater, vervaardigd uit 70% voorgekrompen katoen en 30% gerecycled polyester. <br/>- Neutraal, enkel maatlabel aanwezig, dus uitermate geschikt voor rebranding. <br/>- Hangtag en polybags met barcode.<br/>- Geschikt voor werk- & casual vrijetijdskleding.<br/>- Beschikbaar van maat XS t/m 4XL.<br/><br/>Ook mogelijk in uw gewenste PMS-kleur aan dezelfde prijs, minimaal 300 stuks door de maten heen.",https://tghimages.nl/B2B_ZBSW_GREY_FRONT.JPG
B2B-ZBSW,B2B Zipneck band sweater Mason,B2B-ZBSWGR04,1,Back To Basics,,B2B-ZBSWGR04,B2B Zipneck band sweater Mason,"6,10E+12",1,"77,6",XL,grey,Zipneck band sweater Mason grey XL,Zipneck band sweater Mason grey XL,"Deze zipnecksweater combineert voorgekrompen katoen en gerecycled polyester voor duurzaamheid en comfort. Met een stevige ribkraag, ribboorden en een degelijke metalen rits, biedt hij zowel stijl als functionaliteit. Perfect voor dagelijks gebruik en werkkleding.<br/><br/>- Dubbel gestikte naden, gekleurde nektape ter versteviging en 60°C wasbaar.<br/>- Geborstelde fleece aan de binnenkant voor meer draagcomfort, set-in mouwen, brede ribgebreide boorden.<br/>- Metalen rits en de halve maan in de nek.<br/>- Duurzame 280-grams zipneck sweater, vervaardigd uit 70% voorgekrompen katoen en 30% gerecycled polyester. <br/>- Neutraal, enkel maatlabel aanwezig, dus uitermate geschikt voor rebranding. <br/>- Hangtag en polybags met barcode.<br/>- Geschikt voor werk- & casual vrijetijdskleding.<br/>- Beschikbaar van maat XS t/m 4XL.<br/><br/>Ook mogelijk in uw gewenste PMS-kleur aan dezelfde prijs, minimaal 300 stuks door de maten heen.",https://tghimages.nl/B2B_ZBSW_GREY_FRONT.JPG
B2B-ZBSW,B2B Zipneck band sweater Mason,B2B-ZBSWGR05,1,Back To Basics,,B2B-ZBSWGR05,B2B Zipneck band sweater Mason,"6,10E+12",1,"77,7",XXL,grey,Zipneck band sweater Mason grey XXL,Zipneck band sweater Mason grey XXL,"Deze zipnecksweater combineert voorgekrompen katoen en gerecycled polyester voor duurzaamheid en comfort. Met een stevige ribkraag, ribboorden en een degelijke metalen rits, biedt hij zowel stijl als functionaliteit. Perfect voor dagelijks gebruik en werkkleding.<br/><br/>- Dubbel gestikte naden, gekleurde nektape ter versteviging en 60°C wasbaar.<br/>- Geborstelde fleece aan de binnenkant voor meer draagcomfort, set-in mouwen, brede ribgebreide boorden.<br/>- Metalen rits en de halve maan in de nek.<br/>- Duurzame 280-grams zipneck sweater, vervaardigd uit 70% voorgekrompen katoen en 30% gerecycled polyester. <br/>- Neutraal, enkel maatlabel aanwezig, dus uitermate geschikt voor rebranding. <br/>- Hangtag en polybags met barcode.<br/>- Geschikt voor werk- & casual vrijetijdskleding.<br/>- Beschikbaar van maat XS t/m 4XL.<br/><br/>Ook mogelijk in uw gewenste PMS-kleur aan dezelfde prijs, minimaal 300 stuks door de maten heen.",https://tghimages.nl/B2B_ZBSW_GREY_FRONT.JPG
B2B-ZBSW,B2B Zipneck band sweater Mason,B2B-ZBSWGR06,1,Back To Basics,,B2B-ZBSWGR06,B2B Zipneck band sweater Mason,"6,10E+12",1,"77,8",3XL,grey,Zipneck band sweater Mason grey 3XL,Zipneck band sweater Mason grey 3XL,"Deze zipnecksweater combineert voorgekrompen katoen en gerecycled polyester voor duurzaamheid en comfort. Met een stevige ribkraag, ribboorden en een degelijke metalen rits, biedt hij zowel stijl als functionaliteit. Perfect voor dagelijks gebruik en werkkleding.<br/><br/>- Dubbel gestikte naden, gekleurde nektape ter versteviging en 60°C wasbaar.<br/>- Geborstelde fleece aan de binnenkant voor meer draagcomfort, set-in mouwen, brede ribgebreide boorden.<br/>- Metalen rits en de halve maan in de nek.<br/>- Duurzame 280-grams zipneck sweater, vervaardigd uit 70% voorgekrompen katoen en 30% gerecycled polyester. <br/>- Neutraal, enkel maatlabel aanwezig, dus uitermate geschikt voor rebranding. <br/>- Hangtag en polybags met barcode.<br/>- Geschikt voor werk- & casual vrijetijdskleding.<br/>- Beschikbaar van maat XS t/m 4XL.<br/><br/>Ook mogelijk in uw gewenste PMS-kleur aan dezelfde prijs, minimaal 300 stuks door de maten heen.",https://tghimages.nl/B2B_ZBSW_GREY_FRONT.JPG
B2B-ZBSW,B2B Zipneck band sweater Mason,B2B-ZBSWGR07,1,Back To Basics,,B2B-ZBSWGR07,B2B Zipneck band sweater Mason,"6,10E+12",1,"77,9",4XL,grey,Zipneck band sweater Mason grey 4XL,Zipneck band sweater Mason grey 4XL,"Deze zipnecksweater combineert voorgekrompen katoen en gerecycled polyester voor duurzaamheid en comfort. Met een stevige ribkraag, ribboorden en een degelijke metalen rits, biedt hij zowel stijl als functionaliteit. Perfect voor dagelijks gebruik en werkkleding.<br/><br/>- Dubbel gestikte naden, gekleurde nektape ter versteviging en 60°C wasbaar.<br/>- Geborstelde fleece aan de binnenkant voor meer draagcomfort, set-in mouwen, brede ribgebreide boorden.<br/>- Metalen rits en de halve maan in de nek.<br/>- Duurzame 280-grams zipneck sweater, vervaardigd uit 70% voorgekrompen katoen en 30% gerecycled polyester. <br/>- Neutraal, enkel maatlabel aanwezig, dus uitermate geschikt voor rebranding. <br/>- Hangtag en polybags met barcode.<br/>- Geschikt voor werk- & casual vrijetijdskleding.<br/>- Beschikbaar van maat XS t/m 4XL.<br/><br/>Ook mogelijk in uw gewenste PMS-kleur aan dezelfde prijs, minimaal 300 stuks door de maten heen.",https://tghimages.nl/B2B_ZBSW_GREY_FRONT.JPG
B2B-ZBSW,B2B Zipneck band sweater Mason,B2B-ZBSWNA00,1,Back To Basics,,B2B-ZBSWNA00,B2B Zipneck band sweater Mason,"6,10E+12",1,78,XS,navy,Zipneck band sweater Mason navy XS,Zipneck band sweater Mason navy XS,"Deze zipnecksweater combineert voorgekrompen katoen en gerecycled polyester voor duurzaamheid en comfort. Met een stevige ribkraag, ribboorden en een degelijke metalen rits, biedt hij zowel stijl als functionaliteit. Perfect voor dagelijks gebruik en werkkleding.<br/><br/>- Dubbel gestikte naden, gekleurde nektape ter versteviging en 60°C wasbaar.<br/>- Geborstelde fleece aan de binnenkant voor meer draagcomfort, set-in mouwen, brede ribgebreide boorden.<br/>- Metalen rits en de halve maan in de nek.<br/>- Duurzame 280-grams zipneck sweater, vervaardigd uit 70% voorgekrompen katoen en 30% gerecycled polyester. <br/>- Neutraal, enkel maatlabel aanwezig, dus uitermate geschikt voor rebranding. <br/>- Hangtag en polybags met barcode.<br/>- Geschikt voor werk- & casual vrijetijdskleding.<br/>- Beschikbaar van maat XS t/m 4XL.<br/><br/>Ook mogelijk in uw gewenste PMS-kleur aan dezelfde prijs, minimaal 300 stuks door de maten heen.",https://tghimages.nl/B2B_ZBSW_NAVY_FRONT.JPG
B2B-ZBSW,B2B Zipneck band sweater Mason,B2B-ZBSWNA01,1,Back To Basics,,B2B-ZBSWNA01,B2B Zipneck band sweater Mason,"6,10E+12",1,"78,1",S,navy,Zipneck band sweater Mason navy S,Zipneck band sweater Mason navy S,"Deze zipnecksweater combineert voorgekrompen katoen en gerecycled polyester voor duurzaamheid en comfort. Met een stevige ribkraag, ribboorden en een degelijke metalen rits, biedt hij zowel stijl als functionaliteit. Perfect voor dagelijks gebruik en werkkleding.<br/><br/>- Dubbel gestikte naden, gekleurde nektape ter versteviging en 60°C wasbaar.<br/>- Geborstelde fleece aan de binnenkant voor meer draagcomfort, set-in mouwen, brede ribgebreide boorden.<br/>- Metalen rits en de halve maan in de nek.<br/>- Duurzame 280-grams zipneck sweater, vervaardigd uit 70% voorgekrompen katoen en 30% gerecycled polyester. <br/>- Neutraal, enkel maatlabel aanwezig, dus uitermate geschikt voor rebranding. <br/>- Hangtag en polybags met barcode.<br/>- Geschikt voor werk- & casual vrijetijdskleding.<br/>- Beschikbaar van maat XS t/m 4XL.<br/><br/>Ook mogelijk in uw gewenste PMS-kleur aan dezelfde prijs, minimaal 300 stuks door de maten heen.",https://tghimages.nl/B2B_ZBSW_NAVY_FRONT.JPG
B2B-ZBSW,B2B Zipneck band sweater Mason,B2B-ZBSWNA02,1,Back To Basics,,B2B-ZBSWNA02,B2B Zipneck band sweater Mason,"6,10E+12",1,"78,2",M,navy,Zipneck band sweater Mason navy M,Zipneck band sweater Mason navy M,"Deze zipnecksweater combineert voorgekrompen katoen en gerecycled polyester voor duurzaamheid en comfort. Met een stevige ribkraag, ribboorden en een degelijke metalen rits, biedt hij zowel stijl als functionaliteit. Perfect voor dagelijks gebruik en werkkleding.<br/><br/>- Dubbel gestikte naden, gekleurde nektape ter versteviging en 60°C wasbaar.<br/>- Geborstelde fleece aan de binnenkant voor meer draagcomfort, set-in mouwen, brede ribgebreide boorden.<br/>- Metalen rits en de halve maan in de nek.<br/>- Duurzame 280-grams zipneck sweater, vervaardigd uit 70% voorgekrompen katoen en 30% gerecycled polyester. <br/>- Neutraal, enkel maatlabel aanwezig, dus uitermate geschikt voor rebranding. <br/>- Hangtag en polybags met barcode.<br/>- Geschikt voor werk- & casual vrijetijdskleding.<br/>- Beschikbaar van maat XS t/m 4XL.<br/><br/>Ook mogelijk in uw gewenste PMS-kleur aan dezelfde prijs, minimaal 300 stuks door de maten heen.",https://tghimages.nl/B2B_ZBSW_NAVY_FRONT.JPG
B2B-ZBSW,B2B Zipneck band sweater Mason,B2B-ZBSWNA03,1,Back To Basics,,B2B-ZBSWNA03,B2B Zipneck band sweater Mason,"6,10E+12",1,"78,3",L,navy,Zipneck band sweater Mason navy L,Zipneck band sweater Mason navy L,"Deze zipnecksweater combineert voorgekrompen katoen en gerecycled polyester voor duurzaamheid en comfort. Met een stevige ribkraag, ribboorden en een degelijke metalen rits, biedt hij zowel stijl als functionaliteit. Perfect voor dagelijks gebruik en werkkleding.<br/><br/>- Dubbel gestikte naden, gekleurde nektape ter versteviging en 60°C wasbaar.<br/>- Geborstelde fleece aan de binnenkant voor meer draagcomfort, set-in mouwen, brede ribgebreide boorden.<br/>- Metalen rits en de halve maan in de nek.<br/>- Duurzame 280-grams zipneck sweater, vervaardigd uit 70% voorgekrompen katoen en 30% gerecycled polyester. <br/>- Neutraal, enkel maatlabel aanwezig, dus uitermate geschikt voor rebranding. <br/>- Hangtag en polybags met barcode.<br/>- Geschikt voor werk- & casual vrijetijdskleding.<br/>- Beschikbaar van maat XS t/m 4XL.<br/><br/>Ook mogelijk in uw gewenste PMS-kleur aan dezelfde prijs, minimaal 300 stuks door de maten heen.",https://tghimages.nl/B2B_ZBSW_NAVY_FRONT.JPG
B2B-ZBSW,B2B Zipneck band sweater Mason,B2B-ZBSWNA04,1,Back To Basics,,B2B-ZBSWNA04,B2B Zipneck band sweater Mason,"6,10E+12",1,"78,4",XL,navy,Zipneck band sweater Mason navy XL,Zipneck band sweater Mason navy XL,"Deze zipnecksweater combineert voorgekrompen katoen en gerecycled polyester voor duurzaamheid en comfort. Met een stevige ribkraag, ribboorden en een degelijke metalen rits, biedt hij zowel stijl als functionaliteit. Perfect voor dagelijks gebruik en werkkleding.<br/><br/>- Dubbel gestikte naden, gekleurde nektape ter versteviging en 60°C wasbaar.<br/>- Geborstelde fleece aan de binnenkant voor meer draagcomfort, set-in mouwen, brede ribgebreide boorden.<br/>- Metalen rits en de halve maan in de nek.<br/>- Duurzame 280-grams zipneck sweater, vervaardigd uit 70% voorgekrompen katoen en 30% gerecycled polyester. <br/>- Neutraal, enkel maatlabel aanwezig, dus uitermate geschikt voor rebranding. <br/>- Hangtag en polybags met barcode.<br/>- Geschikt voor werk- & casual vrijetijdskleding.<br/>- Beschikbaar van maat XS t/m 4XL.<br/><br/>Ook mogelijk in uw gewenste PMS-kleur aan dezelfde prijs, minimaal 300 stuks door de maten heen.",https://tghimages.nl/B2B_ZBSW_NAVY_FRONT.JPG
B2B-ZBSW,B2B Zipneck band sweater Mason,B2B-ZBSWNA05,1,Back To Basics,,B2B-ZBSWNA05,B2B Zipneck band sweater Mason,"6,10E+12",1,"78,5",XXL,navy,Zipneck band sweater Mason navy XXL,Zipneck band sweater Mason navy XXL,"Deze zipnecksweater combineert voorgekrompen katoen en gerecycled polyester voor duurzaamheid en comfort. Met een stevige ribkraag, ribboorden en een degelijke metalen rits, biedt hij zowel stijl als functionaliteit. Perfect voor dagelijks gebruik en werkkleding.<br/><br/>- Dubbel gestikte naden, gekleurde nektape ter versteviging en 60°C wasbaar.<br/>- Geborstelde fleece aan de binnenkant voor meer draagcomfort, set-in mouwen, brede ribgebreide boorden.<br/>- Metalen rits en de halve maan in de nek.<br/>- Duurzame 280-grams zipneck sweater, vervaardigd uit 70% voorgekrompen katoen en 30% gerecycled polyester. <br/>- Neutraal, enkel maatlabel aanwezig, dus uitermate geschikt voor rebranding. <br/>- Hangtag en polybags met barcode.<br/>- Geschikt voor werk- & casual vrijetijdskleding.<br/>- Beschikbaar van maat XS t/m 4XL.<br/><br/>Ook mogelijk in uw gewenste PMS-kleur aan dezelfde prijs, minimaal 300 stuks door de maten heen.",https://tghimages.nl/B2B_ZBSW_NAVY_FRONT.JPG
B2B-ZBSW,B2B Zipneck band sweater Mason,B2B-ZBSWNA06,1,Back To Basics,,B2B-ZBSWNA06,B2B Zipneck band sweater Mason,"6,10E+12",1,"78,6",3XL,navy,Zipneck band sweater Mason navy 3XL,Zipneck band sweater Mason navy 3XL,"Deze zipnecksweater combineert voorgekrompen katoen en gerecycled polyester voor duurzaamheid en comfort. Met een stevige ribkraag, ribboorden en een degelijke metalen rits, biedt hij zowel stijl als functionaliteit. Perfect voor dagelijks gebruik en werkkleding.<br/><br/>- Dubbel gestikte naden, gekleurde nektape ter versteviging en 60°C wasbaar.<br/>- Geborstelde fleece aan de binnenkant voor meer draagcomfort, set-in mouwen, brede ribgebreide boorden.<br/>- Metalen rits en de halve maan in de nek.<br/>- Duurzame 280-grams zipneck sweater, vervaardigd uit 70% voorgekrompen katoen en 30% gerecycled polyester. <br/>- Neutraal, enkel maatlabel aanwezig, dus uitermate geschikt voor rebranding. <br/>- Hangtag en polybags met barcode.<br/>- Geschikt voor werk- & casual vrijetijdskleding.<br/>- Beschikbaar van maat XS t/m 4XL.<br/><br/>Ook mogelijk in uw gewenste PMS-kleur aan dezelfde prijs, minimaal 300 stuks door de maten heen.",https://tghimages.nl/B2B_ZBSW_NAVY_FRONT.JPG
B2B-ZBSW,B2B Zipneck band sweater Mason,B2B-ZBSWNA07,1,Back To Basics,,B2B-ZBSWNA07,B2B Zipneck band sweater Mason,"6,10E+12",1,"78,7",4XL,navy,Zipneck band sweater Mason navy 4XL,Zipneck band sweater Mason navy 4XL,"Deze zipnecksweater combineert voorgekrompen katoen en gerecycled polyester voor duurzaamheid en comfort. Met een stevige ribkraag, ribboorden en een degelijke metalen rits, biedt hij zowel stijl als functionaliteit. Perfect voor dagelijks gebruik en werkkleding.<br/><br/>- Dubbel gestikte naden, gekleurde nektape ter versteviging en 60°C wasbaar.<br/>- Geborstelde fleece aan de binnenkant voor meer draagcomfort, set-in mouwen, brede ribgebreide boorden.<br/>- Metalen rits en de halve maan in de nek.<br/>- Duurzame 280-grams zipneck sweater, vervaardigd uit 70% voorgekrompen katoen en 30% gerecycled polyester. <br/>- Neutraal, enkel maatlabel aanwezig, dus uitermate geschikt voor rebranding. <br/>- Hangtag en polybags met barcode.<br/>- Geschikt voor werk- & casual vrijetijdskleding.<br/>- Beschikbaar van maat XS t/m 4XL.<br/><br/>Ook mogelijk in uw gewenste PMS-kleur aan dezelfde prijs, minimaal 300 stuks door de maten heen.",https://tghimages.nl/B2B_ZBSW_NAVY_FRONT.JPG
B2B-ZBSW,B2B Zipneck band sweater Mason,B2B-ZBSWNA08,1,Back To Basics,,B2B-ZBSWNA08,B2B Zipneck band sweater Mason,"6,10E+12",1,"78,8",5XL,navy,Zipneck band sweater Mason navy 5XL,Zipneck band sweater Mason navy 5XL,"Deze zipnecksweater combineert voorgekrompen katoen en gerecycled polyester voor duurzaamheid en comfort. Met een stevige ribkraag, ribboorden en een degelijke metalen rits, biedt hij zowel stijl als functionaliteit. Perfect voor dagelijks gebruik en werkkleding.<br/><br/>- Dubbel gestikte naden, gekleurde nektape ter versteviging en 60°C wasbaar.<br/>- Geborstelde fleece aan de binnenkant voor meer draagcomfort, set-in mouwen, brede ribgebreide boorden.<br/>- Metalen rits en de halve maan in de nek.<br/>- Duurzame 280-grams zipneck sweater, vervaardigd uit 70% voorgekrompen katoen en 30% gerecycled polyester. <br/>- Neutraal, enkel maatlabel aanwezig, dus uitermate geschikt voor rebranding. <br/>- Hangtag en polybags met barcode.<br/>- Geschikt voor werk- & casual vrijetijdskleding.<br/>- Beschikbaar van maat XS t/m 4XL.<br/><br/>Ook mogelijk in uw gewenste PMS-kleur aan dezelfde prijs, minimaal 300 stuks door de maten heen.",https://tghimages.nl/B2B_ZBSW_NAVY_FRONT.JPG
B2B-ZBSW,B2B Zipneck band sweater Mason,B2B-ZBSWNA09,1,Back To Basics,,B2B-ZBSWNA09,B2B Zipneck band sweater Mason,"6,10E+12",1,"78,9",6XL,navy,Zipneck band sweater Mason navy 6XL,Zipneck band sweater Mason navy 6XL,"Deze zipnecksweater combineert voorgekrompen katoen en gerecycled polyester voor duurzaamheid en comfort. Met een stevige ribkraag, ribboorden en een degelijke metalen rits, biedt hij zowel stijl als functionaliteit. Perfect voor dagelijks gebruik en werkkleding.<br/><br/>- Dubbel gestikte naden, gekleurde nektape ter versteviging en 60°C wasbaar.<br/>- Geborstelde fleece aan de binnenkant voor meer draagcomfort, set-in mouwen, brede ribgebreide boorden.<br/>- Metalen rits en de halve maan in de nek.<br/>- Duurzame 280-grams zipneck sweater, vervaardigd uit 70% voorgekrompen katoen en 30% gerecycled polyester. <br/>- Neutraal, enkel maatlabel aanwezig, dus uitermate geschikt voor rebranding. <br/>- Hangtag en polybags met barcode.<br/>- Geschikt voor werk- & casual vrijetijdskleding.<br/>- Beschikbaar van maat XS t/m 4XL.<br/><br/>Ook mogelijk in uw gewenste PMS-kleur aan dezelfde prijs, minimaal 300 stuks door de maten heen.",https://tghimages.nl/B2B_ZBSW_NAVY_FRONT.JPG
B2B-ZBSW,B2B Zipneck band sweater Mason,B2B-ZBSWNA10,1,Back To Basics,,B2B-ZBSWNA10,B2B Zipneck band sweater Mason,"6,10E+12",1,79,7XL,navy,Zipneck band sweater Mason navy 7XL,Zipneck band sweater Mason navy 7XL,"Deze zipnecksweater combineert voorgekrompen katoen en gerecycled polyester voor duurzaamheid en comfort. Met een stevige ribkraag, ribboorden en een degelijke metalen rits, biedt hij zowel stijl als functionaliteit. Perfect voor dagelijks gebruik en werkkleding.<br/><br/>- Dubbel gestikte naden, gekleurde nektape ter versteviging en 60°C wasbaar.<br/>- Geborstelde fleece aan de binnenkant voor meer draagcomfort, set-in mouwen, brede ribgebreide boorden.<br/>- Metalen rits en de halve maan in de nek.<br/>- Duurzame 280-grams zipneck sweater, vervaardigd uit 70% voorgekrompen katoen en 30% gerecycled polyester. <br/>- Neutraal, enkel maatlabel aanwezig, dus uitermate geschikt voor rebranding. <br/>- Hangtag en polybags met barcode.<br/>- Geschikt voor werk- & casual vrijetijdskleding.<br/>- Beschikbaar van maat XS t/m 4XL.<br/><br/>Ook mogelijk in uw gewenste PMS-kleur aan dezelfde prijs, minimaal 300 stuks door de maten heen.",https://tghimages.nl/B2B_ZBSW_NAVY_FRONT.JPG
B2B-ZBSW,B2B Zipneck band sweater Mason,B2B-ZBSWRB00,1,Back To Basics,,B2B-ZBSWRB00,B2B Zipneck band sweater Mason,"6,10E+12",1,"79,1",XS,royal blue,Zipneck band sweater Mason royal blue XS,Zipneck band sweater Mason royal blue XS,"Deze zipnecksweater combineert voorgekrompen katoen en gerecycled polyester voor duurzaamheid en comfort. Met een stevige ribkraag, ribboorden en een degelijke metalen rits, biedt hij zowel stijl als functionaliteit. Perfect voor dagelijks gebruik en werkkleding.<br/><br/>- Dubbel gestikte naden, gekleurde nektape ter versteviging en 60°C wasbaar.<br/>- Geborstelde fleece aan de binnenkant voor meer draagcomfort, set-in mouwen, brede ribgebreide boorden.<br/>- Metalen rits en de halve maan in de nek.<br/>- Duurzame 280-grams zipneck sweater, vervaardigd uit 70% voorgekrompen katoen en 30% gerecycled polyester. <br/>- Neutraal, enkel maatlabel aanwezig, dus uitermate geschikt voor rebranding. <br/>- Hangtag en polybags met barcode.<br/>- Geschikt voor werk- & casual vrijetijdskleding.<br/>- Beschikbaar van maat XS t/m 4XL.<br/><br/>Ook mogelijk in uw gewenste PMS-kleur aan dezelfde prijs, minimaal 300 stuks door de maten heen.",https://tghimages.nl/B2B_ZBSW_ROYAL_BLUE_FRONT.JPG
B2B-ZBSW,B2B Zipneck band sweater Mason,B2B-ZBSWRB01,1,Back To Basics,,B2B-ZBSWRB01,B2B Zipneck band sweater Mason,"6,10E+12",1,"79,2",S,royal blue,Zipneck band sweater Mason royal blue S,Zipneck band sweater Mason royal blue S,"Deze zipnecksweater combineert voorgekrompen katoen en gerecycled polyester voor duurzaamheid en comfort. Met een stevige ribkraag, ribboorden en een degelijke metalen rits, biedt hij zowel stijl als functionaliteit. Perfect voor dagelijks gebruik en werkkleding.<br/><br/>- Dubbel gestikte naden, gekleurde nektape ter versteviging en 60°C wasbaar.<br/>- Geborstelde fleece aan de binnenkant voor meer draagcomfort, set-in mouwen, brede ribgebreide boorden.<br/>- Metalen rits en de halve maan in de nek.<br/>- Duurzame 280-grams zipneck sweater, vervaardigd uit 70% voorgekrompen katoen en 30% gerecycled polyester. <br/>- Neutraal, enkel maatlabel aanwezig, dus uitermate geschikt voor rebranding. <br/>- Hangtag en polybags met barcode.<br/>- Geschikt voor werk- & casual vrijetijdskleding.<br/>- Beschikbaar van maat XS t/m 4XL.<br/><br/>Ook mogelijk in uw gewenste PMS-kleur aan dezelfde prijs, minimaal 300 stuks door de maten heen.",https://tghimages.nl/B2B_ZBSW_ROYAL_BLUE_FRONT.JPG
B2B-ZBSW,B2B Zipneck band sweater Mason,B2B-ZBSWRB02,1,Back To Basics,,B2B-ZBSWRB02,B2B Zipneck band sweater Mason,"6,10E+12",1,"79,3",M,royal blue,Zipneck band sweater Mason royal blue M,Zipneck band sweater Mason royal blue M,"Deze zipnecksweater combineert voorgekrompen katoen en gerecycled polyester voor duurzaamheid en comfort. Met een stevige ribkraag, ribboorden en een degelijke metalen rits, biedt hij zowel stijl als functionaliteit. Perfect voor dagelijks gebruik en werkkleding.<br/><br/>- Dubbel gestikte naden, gekleurde nektape ter versteviging en 60°C wasbaar.<br/>- Geborstelde fleece aan de binnenkant voor meer draagcomfort, set-in mouwen, brede ribgebreide boorden.<br/>- Metalen rits en de halve maan in de nek.<br/>- Duurzame 280-grams zipneck sweater, vervaardigd uit 70% voorgekrompen katoen en 30% gerecycled polyester. <br/>- Neutraal, enkel maatlabel aanwezig, dus uitermate geschikt voor rebranding. <br/>- Hangtag en polybags met barcode.<br/>- Geschikt voor werk- & casual vrijetijdskleding.<br/>- Beschikbaar van maat XS t/m 4XL.<br/><br/>Ook mogelijk in uw gewenste PMS-kleur aan dezelfde prijs, minimaal 300 stuks door de maten heen.",https://tghimages.nl/B2B_ZBSW_ROYAL_BLUE_FRONT.JPG
B2B-ZBSW,B2B Zipneck band sweater Mason,B2B-ZBSWRB03,1,Back To Basics,,B2B-ZBSWRB03,B2B Zipneck band sweater Mason,"6,10E+12",1,"79,4",L,royal blue,Zipneck band sweater Mason royal blue L,Zipneck band sweater Mason royal blue L,"Deze zipnecksweater combineert voorgekrompen katoen en gerecycled polyester voor duurzaamheid en comfort. Met een stevige ribkraag, ribboorden en een degelijke metalen rits, biedt hij zowel stijl als functionaliteit. Perfect voor dagelijks gebruik en werkkleding.<br/><br/>- Dubbel gestikte naden, gekleurde nektape ter versteviging en 60°C wasbaar.<br/>- Geborstelde fleece aan de binnenkant voor meer draagcomfort, set-in mouwen, brede ribgebreide boorden.<br/>- Metalen rits en de halve maan in de nek.<br/>- Duurzame 280-grams zipneck sweater, vervaardigd uit 70% voorgekrompen katoen en 30% gerecycled polyester. <br/>- Neutraal, enkel maatlabel aanwezig, dus uitermate geschikt voor rebranding. <br/>- Hangtag en polybags met barcode.<br/>- Geschikt voor werk- & casual vrijetijdskleding.<br/>- Beschikbaar van maat XS t/m 4XL.<br/><br/>Ook mogelijk in uw gewenste PMS-kleur aan dezelfde prijs, minimaal 300 stuks door de maten heen.",https://tghimages.nl/B2B_ZBSW_ROYAL_BLUE_FRONT.JPG
B2B-ZBSW,B2B Zipneck band sweater Mason,B2B-ZBSWRB04,1,Back To Basics,,B2B-ZBSWRB04,B2B Zipneck band sweater Mason,"6,10E+12",1,"79,5",XL,royal blue,Zipneck band sweater Mason royal blue XL,Zipneck band sweater Mason royal blue XL,"Deze zipnecksweater combineert voorgekrompen katoen en gerecycled polyester voor duurzaamheid en comfort. Met een stevige ribkraag, ribboorden en een degelijke metalen rits, biedt hij zowel stijl als functionaliteit. Perfect voor dagelijks gebruik en werkkleding.<br/><br/>- Dubbel gestikte naden, gekleurde nektape ter versteviging en 60°C wasbaar.<br/>- Geborstelde fleece aan de binnenkant voor meer draagcomfort, set-in mouwen, brede ribgebreide boorden.<br/>- Metalen rits en de halve maan in de nek.<br/>- Duurzame 280-grams zipneck sweater, vervaardigd uit 70% voorgekrompen katoen en 30% gerecycled polyester. <br/>- Neutraal, enkel maatlabel aanwezig, dus uitermate geschikt voor rebranding. <br/>- Hangtag en polybags met barcode.<br/>- Geschikt voor werk- & casual vrijetijdskleding.<br/>- Beschikbaar van maat XS t/m 4XL.<br/><br/>Ook mogelijk in uw gewenste PMS-kleur aan dezelfde prijs, minimaal 300 stuks door de maten heen.",https://tghimages.nl/B2B_ZBSW_ROYAL_BLUE_FRONT.JPG
B2B-ZBSW,B2B Zipneck band sweater Mason,B2B-ZBSWRB05,1,Back To Basics,,B2B-ZBSWRB05,B2B Zipneck band sweater Mason,"6,10E+12",1,"79,6",XXL,royal blue,Zipneck band sweater Mason royal blue XXL,Zipneck band sweater Mason royal blue XXL,"Deze zipnecksweater combineert voorgekrompen katoen en gerecycled polyester voor duurzaamheid en comfort. Met een stevige ribkraag, ribboorden en een degelijke metalen rits, biedt hij zowel stijl als functionaliteit. Perfect voor dagelijks gebruik en werkkleding.<br/><br/>- Dubbel gestikte naden, gekleurde nektape ter versteviging en 60°C wasbaar.<br/>- Geborstelde fleece aan de binnenkant voor meer draagcomfort, set-in mouwen, brede ribgebreide boorden.<br/>- Metalen rits en de halve maan in de nek.<br/>- Duurzame 280-grams zipneck sweater, vervaardigd uit 70% voorgekrompen katoen en 30% gerecycled polyester. <br/>- Neutraal, enkel maatlabel aanwezig, dus uitermate geschikt voor rebranding. <br/>- Hangtag en polybags met barcode.<br/>- Geschikt voor werk- & casual vrijetijdskleding.<br/>- Beschikbaar van maat XS t/m 4XL.<br/><br/>Ook mogelijk in uw gewenste PMS-kleur aan dezelfde prijs, minimaal 300 stuks door de maten heen.",https://tghimages.nl/B2B_ZBSW_ROYAL_BLUE_FRONT.JPG
B2B-ZBSW,B2B Zipneck band sweater Mason,B2B-ZBSWRB06,1,Back To Basics,,B2B-ZBSWRB06,B2B Zipneck band sweater Mason,"6,10E+12",1,"79,7",3XL,royal blue,Zipneck band sweater Mason royal blue 3XL,Zipneck band sweater Mason royal blue 3XL,"Deze zipnecksweater combineert voorgekrompen katoen en gerecycled polyester voor duurzaamheid en comfort. Met een stevige ribkraag, ribboorden en een degelijke metalen rits, biedt hij zowel stijl als functionaliteit. Perfect voor dagelijks gebruik en werkkleding.<br/><br/>- Dubbel gestikte naden, gekleurde nektape ter versteviging en 60°C wasbaar.<br/>- Geborstelde fleece aan de binnenkant voor meer draagcomfort, set-in mouwen, brede ribgebreide boorden.<br/>- Metalen rits en de halve maan in de nek.<br/>- Duurzame 280-grams zipneck sweater, vervaardigd uit 70% voorgekrompen katoen en 30% gerecycled polyester. <br/>- Neutraal, enkel maatlabel aanwezig, dus uitermate geschikt voor rebranding. <br/>- Hangtag en polybags met barcode.<br/>- Geschikt voor werk- & casual vrijetijdskleding.<br/>- Beschikbaar van maat XS t/m 4XL.<br/><br/>Ook mogelijk in uw gewenste PMS-kleur aan dezelfde prijs, minimaal 300 stuks door de maten heen.",https://tghimages.nl/B2B_ZBSW_ROYAL_BLUE_FRONT.JPG
B2B-ZBSW,B2B Zipneck band sweater Mason,B2B-ZBSWRB07,1,Back To Basics,,B2B-ZBSWRB07,B2B Zipneck band sweater Mason,"6,10E+12",1,"79,8",4XL,royal blue,Zipneck band sweater Mason royal blue 4XL,Zipneck band sweater Mason royal blue 4XL,"Deze zipnecksweater combineert voorgekrompen katoen en gerecycled polyester voor duurzaamheid en comfort. Met een stevige ribkraag, ribboorden en een degelijke metalen rits, biedt hij zowel stijl als functionaliteit. Perfect voor dagelijks gebruik en werkkleding.<br/><br/>- Dubbel gestikte naden, gekleurde nektape ter versteviging en 60°C wasbaar.<br/>- Geborstelde fleece aan de binnenkant voor meer draagcomfort, set-in mouwen, brede ribgebreide boorden.<br/>- Metalen rits en de halve maan in de nek.<br/>- Duurzame 280-grams zipneck sweater, vervaardigd uit 70% voorgekrompen katoen en 30% gerecycled polyester. <br/>- Neutraal, enkel maatlabel aanwezig, dus uitermate geschikt voor rebranding. <br/>- Hangtag en polybags met barcode.<br/>- Geschikt voor werk- & casual vrijetijdskleding.<br/>- Beschikbaar van maat XS t/m 4XL.<br/><br/>Ook mogelijk in uw gewenste PMS-kleur aan dezelfde prijs, minimaal 300 stuks door de maten heen.",https://tghimages.nl/B2B_ZBSW_ROYAL_BLUE_FRONT.JPG
B2B-ZBSW,B2B Zipneck band sweater Mason,B2B-ZBSWRB08,1,Back To Basics,,B2B-ZBSWRB08,B2B Zipneck band sweater Mason,"6,10E+12",1,"79,9",5XL,royal blue,Zipneck band sweater Mason royal blue 5XL,Zipneck band sweater Mason royal blue 5XL,"Deze zipnecksweater combineert voorgekrompen katoen en gerecycled polyester voor duurzaamheid en comfort. Met een stevige ribkraag, ribboorden en een degelijke metalen rits, biedt hij zowel stijl als functionaliteit. Perfect voor dagelijks gebruik en werkkleding.<br/><br/>- Dubbel gestikte naden, gekleurde nektape ter versteviging en 60°C wasbaar.<br/>- Geborstelde fleece aan de binnenkant voor meer draagcomfort, set-in mouwen, brede ribgebreide boorden.<br/>- Metalen rits en de halve maan in de nek.<br/>- Duurzame 280-grams zipneck sweater, vervaardigd uit 70% voorgekrompen katoen en 30% gerecycled polyester. <br/>- Neutraal, enkel maatlabel aanwezig, dus uitermate geschikt voor rebranding. <br/>- Hangtag en polybags met barcode.<br/>- Geschikt voor werk- & casual vrijetijdskleding.<br/>- Beschikbaar van maat XS t/m 4XL.<br/><br/>Ook mogelijk in uw gewenste PMS-kleur aan dezelfde prijs, minimaal 300 stuks door de maten heen.",https://tghimages.nl/B2B_ZBSW_ROYAL_BLUE_FRONT.JPG
B2B-ZBSW,B2B Zipneck band sweater Mason,B2B-ZBSWRB09,1,Back To Basics,,B2B-ZBSWRB09,B2B Zipneck band sweater Mason,"6,10E+12",1,80,6XL,royal blue,Zipneck band sweater Mason royal blue 6XL,Zipneck band sweater Mason royal blue 6XL,"Deze zipnecksweater combineert voorgekrompen katoen en gerecycled polyester voor duurzaamheid en comfort. Met een stevige ribkraag, ribboorden en een degelijke metalen rits, biedt hij zowel stijl als functionaliteit. Perfect voor dagelijks gebruik en werkkleding.<br/><br/>- Dubbel gestikte naden, gekleurde nektape ter versteviging en 60°C wasbaar.<br/>- Geborstelde fleece aan de binnenkant voor meer draagcomfort, set-in mouwen, brede ribgebreide boorden.<br/>- Metalen rits en de halve maan in de nek.<br/>- Duurzame 280-grams zipneck sweater, vervaardigd uit 70% voorgekrompen katoen en 30% gerecycled polyester. <br/>- Neutraal, enkel maatlabel aanwezig, dus uitermate geschikt voor rebranding. <br/>- Hangtag en polybags met barcode.<br/>- Geschikt voor werk- & casual vrijetijdskleding.<br/>- Beschikbaar van maat XS t/m 4XL.<br/><br/>Ook mogelijk in uw gewenste PMS-kleur aan dezelfde prijs, minimaal 300 stuks door de maten heen.",https://tghimages.nl/B2B_ZBSW_ROYAL_BLUE_FRONT.JPG
B2B-ZBSW,B2B Zipneck band sweater Mason,B2B-ZBSWRB10,1,Back To Basics,,B2B-ZBSWRB10,B2B Zipneck band sweater Mason,"6,10E+12",1,"80,1",7XL,royal blue,Zipneck band sweater Mason royal blue 7XL,Zipneck band sweater Mason royal blue 7XL,"Deze zipnecksweater combineert voorgekrompen katoen en gerecycled polyester voor duurzaamheid en comfort. Met een stevige ribkraag, ribboorden en een degelijke metalen rits, biedt hij zowel stijl als functionaliteit. Perfect voor dagelijks gebruik en werkkleding.<br/><br/>- Dubbel gestikte naden, gekleurde nektape ter versteviging en 60°C wasbaar.<br/>- Geborstelde fleece aan de binnenkant voor meer draagcomfort, set-in mouwen, brede ribgebreide boorden.<br/>- Metalen rits en de halve maan in de nek.<br/>- Duurzame 280-grams zipneck sweater, vervaardigd uit 70% voorgekrompen katoen en 30% gerecycled polyester. <br/>- Neutraal, enkel maatlabel aanwezig, dus uitermate geschikt voor rebranding. <br/>- Hangtag en polybags met barcode.<br/>- Geschikt voor werk- & casual vrijetijdskleding.<br/>- Beschikbaar van maat XS t/m 4XL.<br/><br/>Ook mogelijk in uw gewenste PMS-kleur aan dezelfde prijs, minimaal 300 stuks door de maten heen.",https://tghimages.nl/B2B_ZBSW_ROYAL_BLUE_FRONT.JPG
B2B-ZBSW,B2B Zipneck band sweater Mason,B2B-ZBSWRE00,1,Back To Basics,,B2B-ZBSWRE00,B2B Zipneck band sweater Mason,"6,10E+12",1,"80,2",XS,red,Zipneck band sweater Mason red XS,Zipneck band sweater Mason red XS,"Deze zipnecksweater combineert voorgekrompen katoen en gerecycled polyester voor duurzaamheid en comfort. Met een stevige ribkraag, ribboorden en een degelijke metalen rits, biedt hij zowel stijl als functionaliteit. Perfect voor dagelijks gebruik en werkkleding.<br/><br/>- Dubbel gestikte naden, gekleurde nektape ter versteviging en 60°C wasbaar.<br/>- Geborstelde fleece aan de binnenkant voor meer draagcomfort, set-in mouwen, brede ribgebreide boorden.<br/>- Metalen rits en de halve maan in de nek.<br/>- Duurzame 280-grams zipneck sweater, vervaardigd uit 70% voorgekrompen katoen en 30% gerecycled polyester. <br/>- Neutraal, enkel maatlabel aanwezig, dus uitermate geschikt voor rebranding. <br/>- Hangtag en polybags met barcode.<br/>- Geschikt voor werk- & casual vrijetijdskleding.<br/>- Beschikbaar van maat XS t/m 4XL.<br/><br/>Ook mogelijk in uw gewenste PMS-kleur aan dezelfde prijs, minimaal 300 stuks door de maten heen.",https://tghimages.nl/B2B_ZBSW_RED_FRONT.JPG
B2B-ZBSW,B2B Zipneck band sweater Mason,B2B-ZBSWRE01,1,Back To Basics,,B2B-ZBSWRE01,B2B Zipneck band sweater Mason,"6,10E+12",1,"80,3",S,red,Zipneck band sweater Mason red S,Zipneck band sweater Mason red S,"Deze zipnecksweater combineert voorgekrompen katoen en gerecycled polyester voor duurzaamheid en comfort. Met een stevige ribkraag, ribboorden en een degelijke metalen rits, biedt hij zowel stijl als functionaliteit. Perfect voor dagelijks gebruik en werkkleding.<br/><br/>- Dubbel gestikte naden, gekleurde nektape ter versteviging en 60°C wasbaar.<br/>- Geborstelde fleece aan de binnenkant voor meer draagcomfort, set-in mouwen, brede ribgebreide boorden.<br/>- Metalen rits en de halve maan in de nek.<br/>- Duurzame 280-grams zipneck sweater, vervaardigd uit 70% voorgekrompen katoen en 30% gerecycled polyester. <br/>- Neutraal, enkel maatlabel aanwezig, dus uitermate geschikt voor rebranding. <br/>- Hangtag en polybags met barcode.<br/>- Geschikt voor werk- & casual vrijetijdskleding.<br/>- Beschikbaar van maat XS t/m 4XL.<br/><br/>Ook mogelijk in uw gewenste PMS-kleur aan dezelfde prijs, minimaal 300 stuks door de maten heen.",https://tghimages.nl/B2B_ZBSW_RED_FRONT.JPG
B2B-ZBSW,B2B Zipneck band sweater Mason,B2B-ZBSWRE02,1,Back To Basics,,B2B-ZBSWRE02,B2B Zipneck band sweater Mason,"6,10E+12",1,"80,4",M,red,Zipneck band sweater Mason red M,Zipneck band sweater Mason red M,"Deze zipnecksweater combineert voorgekrompen katoen en gerecycled polyester voor duurzaamheid en comfort. Met een stevige ribkraag, ribboorden en een degelijke metalen rits, biedt hij zowel stijl als functionaliteit. Perfect voor dagelijks gebruik en werkkleding.<br/><br/>- Dubbel gestikte naden, gekleurde nektape ter versteviging en 60°C wasbaar.<br/>- Geborstelde fleece aan de binnenkant voor meer draagcomfort, set-in mouwen, brede ribgebreide boorden.<br/>- Metalen rits en de halve maan in de nek.<br/>- Duurzame 280-grams zipneck sweater, vervaardigd uit 70% voorgekrompen katoen en 30% gerecycled polyester. <br/>- Neutraal, enkel maatlabel aanwezig, dus uitermate geschikt voor rebranding. <br/>- Hangtag en polybags met barcode.<br/>- Geschikt voor werk- & casual vrijetijdskleding.<br/>- Beschikbaar van maat XS t/m 4XL.<br/><br/>Ook mogelijk in uw gewenste PMS-kleur aan dezelfde prijs, minimaal 300 stuks door de maten heen.",https://tghimages.nl/B2B_ZBSW_RED_FRONT.JPG
B2B-ZBSW,B2B Zipneck band sweater Mason,B2B-ZBSWRE03,1,Back To Basics,,B2B-ZBSWRE03,B2B Zipneck band sweater Mason,"6,10E+12",1,"80,5",L,red,Zipneck band sweater Mason red L,Zipneck band sweater Mason red L,"Deze zipnecksweater combineert voorgekrompen katoen en gerecycled polyester voor duurzaamheid en comfort. Met een stevige ribkraag, ribboorden en een degelijke metalen rits, biedt hij zowel stijl als functionaliteit. Perfect voor dagelijks gebruik en werkkleding.<br/><br/>- Dubbel gestikte naden, gekleurde nektape ter versteviging en 60°C wasbaar.<br/>- Geborstelde fleece aan de binnenkant voor meer draagcomfort, set-in mouwen, brede ribgebreide boorden.<br/>- Metalen rits en de halve maan in de nek.<br/>- Duurzame 280-grams zipneck sweater, vervaardigd uit 70% voorgekrompen katoen en 30% gerecycled polyester. <br/>- Neutraal, enkel maatlabel aanwezig, dus uitermate geschikt voor rebranding. <br/>- Hangtag en polybags met barcode.<br/>- Geschikt voor werk- & casual vrijetijdskleding.<br/>- Beschikbaar van maat XS t/m 4XL.<br/><br/>Ook mogelijk in uw gewenste PMS-kleur aan dezelfde prijs, minimaal 300 stuks door de maten heen.",https://tghimages.nl/B2B_ZBSW_RED_FRONT.JPG
B2B-ZBSW,B2B Zipneck band sweater Mason,B2B-ZBSWRE04,1,Back To Basics,,B2B-ZBSWRE04,B2B Zipneck band sweater Mason,"6,10E+12",1,"80,6",XL,red,Zipneck band sweater Mason red XL,Zipneck band sweater Mason red XL,"Deze zipnecksweater combineert voorgekrompen katoen en gerecycled polyester voor duurzaamheid en comfort. Met een stevige ribkraag, ribboorden en een degelijke metalen rits, biedt hij zowel stijl als functionaliteit. Perfect voor dagelijks gebruik en werkkleding.<br/><br/>- Dubbel gestikte naden, gekleurde nektape ter versteviging en 60°C wasbaar.<br/>- Geborstelde fleece aan de binnenkant voor meer draagcomfort, set-in mouwen, brede ribgebreide boorden.<br/>- Metalen rits en de halve maan in de nek.<br/>- Duurzame 280-grams zipneck sweater, vervaardigd uit 70% voorgekrompen katoen en 30% gerecycled polyester. <br/>- Neutraal, enkel maatlabel aanwezig, dus uitermate geschikt voor rebranding. <br/>- Hangtag en polybags met barcode.<br/>- Geschikt voor werk- & casual vrijetijdskleding.<br/>- Beschikbaar van maat XS t/m 4XL.<br/><br/>Ook mogelijk in uw gewenste PMS-kleur aan dezelfde prijs, minimaal 300 stuks door de maten heen.",https://tghimages.nl/B2B_ZBSW_RED_FRONT.JPG
B2B-ZBSW,B2B Zipneck band sweater Mason,B2B-ZBSWRE05,1,Back To Basics,,B2B-ZBSWRE05,B2B Zipneck band sweater Mason,"6,10E+12",1,"80,7",XXL,red,Zipneck band sweater Mason red XXL,Zipneck band sweater Mason red XXL,"Deze zipnecksweater combineert voorgekrompen katoen en gerecycled polyester voor duurzaamheid en comfort. Met een stevige ribkraag, ribboorden en een degelijke metalen rits, biedt hij zowel stijl als functionaliteit. Perfect voor dagelijks gebruik en werkkleding.<br/><br/>- Dubbel gestikte naden, gekleurde nektape ter versteviging en 60°C wasbaar.<br/>- Geborstelde fleece aan de binnenkant voor meer draagcomfort, set-in mouwen, brede ribgebreide boorden.<br/>- Metalen rits en de halve maan in de nek.<br/>- Duurzame 280-grams zipneck sweater, vervaardigd uit 70% voorgekrompen katoen en 30% gerecycled polyester. <br/>- Neutraal, enkel maatlabel aanwezig, dus uitermate geschikt voor rebranding. <br/>- Hangtag en polybags met barcode.<br/>- Geschikt voor werk- & casual vrijetijdskleding.<br/>- Beschikbaar van maat XS t/m 4XL.<br/><br/>Ook mogelijk in uw gewenste PMS-kleur aan dezelfde prijs, minimaal 300 stuks door de maten heen.",https://tghimages.nl/B2B_ZBSW_RED_FRONT.JPG
B2B-ZBSW,B2B Zipneck band sweater Mason,B2B-ZBSWRE06,1,Back To Basics,,B2B-ZBSWRE06,B2B Zipneck band sweater Mason,"6,10E+12",1,"80,8",3XL,red,Zipneck band sweater Mason red 3XL,Zipneck band sweater Mason red 3XL,"Deze zipnecksweater combineert voorgekrompen katoen en gerecycled polyester voor duurzaamheid en comfort. Met een stevige ribkraag, ribboorden en een degelijke metalen rits, biedt hij zowel stijl als functionaliteit. Perfect voor dagelijks gebruik en werkkleding.<br/><br/>- Dubbel gestikte naden, gekleurde nektape ter versteviging en 60°C wasbaar.<br/>- Geborstelde fleece aan de binnenkant voor meer draagcomfort, set-in mouwen, brede ribgebreide boorden.<br/>- Metalen rits en de halve maan in de nek.<br/>- Duurzame 280-grams zipneck sweater, vervaardigd uit 70% voorgekrompen katoen en 30% gerecycled polyester. <br/>- Neutraal, enkel maatlabel aanwezig, dus uitermate geschikt voor rebranding. <br/>- Hangtag en polybags met barcode.<br/>- Geschikt voor werk- & casual vrijetijdskleding.<br/>- Beschikbaar van maat XS t/m 4XL.<br/><br/>Ook mogelijk in uw gewenste PMS-kleur aan dezelfde prijs, minimaal 300 stuks door de maten heen.",https://tghimages.nl/B2B_ZBSW_RED_FRONT.JPG
B2B-ZBSW,B2B Zipneck band sweater Mason,B2B-ZBSWRE07,1,Back To Basics,,B2B-ZBSWRE07,B2B Zipneck band sweater Mason,"6,10E+12",1,"80,9",4XL,red,Zipneck band sweater Mason red 4XL,Zipneck band sweater Mason red 4XL,"Deze zipnecksweater combineert voorgekrompen katoen en gerecycled polyester voor duurzaamheid en comfort. Met een stevige ribkraag, ribboorden en een degelijke metalen rits, biedt hij zowel stijl als functionaliteit. Perfect voor dagelijks gebruik en werkkleding.<br/><br/>- Dubbel gestikte naden, gekleurde nektape ter versteviging en 60°C wasbaar.<br/>- Geborstelde fleece aan de binnenkant voor meer draagcomfort, set-in mouwen, brede ribgebreide boorden.<br/>- Metalen rits en de halve maan in de nek.<br/>- Duurzame 280-grams zipneck sweater, vervaardigd uit 70% voorgekrompen katoen en 30% gerecycled polyester. <br/>- Neutraal, enkel maatlabel aanwezig, dus uitermate geschikt voor rebranding. <br/>- Hangtag en polybags met barcode.<br/>- Geschikt voor werk- & casual vrijetijdskleding.<br/>- Beschikbaar van maat XS t/m 4XL.<br/><br/>Ook mogelijk in uw gewenste PMS-kleur aan dezelfde prijs, minimaal 300 stuks door de maten heen.",https://tghimages.nl/B2B_ZBSW_RED_FRONT.JPG
B2B-ZBSW,B2B Zipneck band sweater Mason,B2B-ZBSWRE08,1,Back To Basics,,B2B-ZBSWRE08,B2B Zipneck band sweater Mason,"6,10E+12",1,81,5XL,red,Zipneck band sweater Mason red 5XL,Zipneck band sweater Mason red 5XL,"Deze zipnecksweater combineert voorgekrompen katoen en gerecycled polyester voor duurzaamheid en comfort. Met een stevige ribkraag, ribboorden en een degelijke metalen rits, biedt hij zowel stijl als functionaliteit. Perfect voor dagelijks gebruik en werkkleding.<br/><br/>- Dubbel gestikte naden, gekleurde nektape ter versteviging en 60°C wasbaar.<br/>- Geborstelde fleece aan de binnenkant voor meer draagcomfort, set-in mouwen, brede ribgebreide boorden.<br/>- Metalen rits en de halve maan in de nek.<br/>- Duurzame 280-grams zipneck sweater, vervaardigd uit 70% voorgekrompen katoen en 30% gerecycled polyester. <br/>- Neutraal, enkel maatlabel aanwezig, dus uitermate geschikt voor rebranding. <br/>- Hangtag en polybags met barcode.<br/>- Geschikt voor werk- & casual vrijetijdskleding.<br/>- Beschikbaar van maat XS t/m 4XL.<br/><br/>Ook mogelijk in uw gewenste PMS-kleur aan dezelfde prijs, minimaal 300 stuks door de maten heen.",https://tghimages.nl/B2B_ZBSW_RED_FRONT.JPG
B2B-ZBSW,B2B Zipneck band sweater Mason,B2B-ZBSWRE09,1,Back To Basics,,B2B-ZBSWRE09,B2B Zipneck band sweater Mason,"6,10E+12",1,"81,1",6XL,red,Zipneck band sweater Mason red 6XL,Zipneck band sweater Mason red 6XL,"Deze zipnecksweater combineert voorgekrompen katoen en gerecycled polyester voor duurzaamheid en comfort. Met een stevige ribkraag, ribboorden en een degelijke metalen rits, biedt hij zowel stijl als functionaliteit. Perfect voor dagelijks gebruik en werkkleding.<br/><br/>- Dubbel gestikte naden, gekleurde nektape ter versteviging en 60°C wasbaar.<br/>- Geborstelde fleece aan de binnenkant voor meer draagcomfort, set-in mouwen, brede ribgebreide boorden.<br/>- Metalen rits en de halve maan in de nek.<br/>- Duurzame 280-grams zipneck sweater, vervaardigd uit 70% voorgekrompen katoen en 30% gerecycled polyester. <br/>- Neutraal, enkel maatlabel aanwezig, dus uitermate geschikt voor rebranding. <br/>- Hangtag en polybags met barcode.<br/>- Geschikt voor werk- & casual vrijetijdskleding.<br/>- Beschikbaar van maat XS t/m 4XL.<br/><br/>Ook mogelijk in uw gewenste PMS-kleur aan dezelfde prijs, minimaal 300 stuks door de maten heen.",https://tghimages.nl/B2B_ZBSW_RED_FRONT.JPG
B2B-ZBSW,B2B Zipneck band sweater Mason,B2B-ZBSWRE10,1,Back To Basics,,B2B-ZBSWRE10,B2B Zipneck band sweater Mason,"6,10E+12",1,"81,2",7XL,red,Zipneck band sweater Mason red 7XL,Zipneck band sweater Mason red 7XL,"Deze zipnecksweater combineert voorgekrompen katoen en gerecycled polyester voor duurzaamheid en comfort. Met een stevige ribkraag, ribboorden en een degelijke metalen rits, biedt hij zowel stijl als functionaliteit. Perfect voor dagelijks gebruik en werkkleding.<br/><br/>- Dubbel gestikte naden, gekleurde nektape ter versteviging en 60°C wasbaar.<br/>- Geborstelde fleece aan de binnenkant voor meer draagcomfort, set-in mouwen, brede ribgebreide boorden.<br/>- Metalen rits en de halve maan in de nek.<br/>- Duurzame 280-grams zipneck sweater, vervaardigd uit 70% voorgekrompen katoen en 30% gerecycled polyester. <br/>- Neutraal, enkel maatlabel aanwezig, dus uitermate geschikt voor rebranding. <br/>- Hangtag en polybags met barcode.<br/>- Geschikt voor werk- & casual vrijetijdskleding.<br/>- Beschikbaar van maat XS t/m 4XL.<br/><br/>Ook mogelijk in uw gewenste PMS-kleur aan dezelfde prijs, minimaal 300 stuks door de maten heen.",https://tghimages.nl/B2B_ZBSW_RED_FRONT.JPG
B2B-ZBSW,B2B Zipneck band sweater Mason,B2B-ZBSWWH00,1,Back To Basics,,B2B-ZBSWWH00,B2B Zipneck band sweater Mason,"6,10E+12",1,"81,3",XS,white,Zipneck band sweater Mason white XS,Zipneck band sweater Mason white XS,"Deze zipnecksweater combineert voorgekrompen katoen en gerecycled polyester voor duurzaamheid en comfort. Met een stevige ribkraag, ribboorden en een degelijke metalen rits, biedt hij zowel stijl als functionaliteit. Perfect voor dagelijks gebruik en werkkleding.<br/><br/>- Dubbel gestikte naden, gekleurde nektape ter versteviging en 60°C wasbaar.<br/>- Geborstelde fleece aan de binnenkant voor meer draagcomfort, set-in mouwen, brede ribgebreide boorden.<br/>- Metalen rits en de halve maan in de nek.<br/>- Duurzame 280-grams zipneck sweater, vervaardigd uit 70% voorgekrompen katoen en 30% gerecycled polyester. <br/>- Neutraal, enkel maatlabel aanwezig, dus uitermate geschikt voor rebranding. <br/>- Hangtag en polybags met barcode.<br/>- Geschikt voor werk- & casual vrijetijdskleding.<br/>- Beschikbaar van maat XS t/m 4XL.<br/><br/>Ook mogelijk in uw gewenste PMS-kleur aan dezelfde prijs, minimaal 300 stuks door de maten heen.",https://tghimages.nl/B2B_ZBSW_WHITE_FRONT.JPG
B2B-ZBSW,B2B Zipneck band sweater Mason,B2B-ZBSWWH01,1,Back To Basics,,B2B-ZBSWWH01,B2B Zipneck band sweater Mason,"6,10E+12",1,"81,4",S,white,Zipneck band sweater Mason white S,Zipneck band sweater Mason white S,"Deze zipnecksweater combineert voorgekrompen katoen en gerecycled polyester voor duurzaamheid en comfort. Met een stevige ribkraag, ribboorden en een degelijke metalen rits, biedt hij zowel stijl als functionaliteit. Perfect voor dagelijks gebruik en werkkleding.<br/><br/>- Dubbel gestikte naden, gekleurde nektape ter versteviging en 60°C wasbaar.<br/>- Geborstelde fleece aan de binnenkant voor meer draagcomfort, set-in mouwen, brede ribgebreide boorden.<br/>- Metalen rits en de halve maan in de nek.<br/>- Duurzame 280-grams zipneck sweater, vervaardigd uit 70% voorgekrompen katoen en 30% gerecycled polyester. <br/>- Neutraal, enkel maatlabel aanwezig, dus uitermate geschikt voor rebranding. <br/>- Hangtag en polybags met barcode.<br/>- Geschikt voor werk- & casual vrijetijdskleding.<br/>- Beschikbaar van maat XS t/m 4XL.<br/><br/>Ook mogelijk in uw gewenste PMS-kleur aan dezelfde prijs, minimaal 300 stuks door de maten heen.",https://tghimages.nl/B2B_ZBSW_WHITE_FRONT.JPG
B2B-ZBSW,B2B Zipneck band sweater Mason,B2B-ZBSWWH02,1,Back To Basics,,B2B-ZBSWWH02,B2B Zipneck band sweater Mason,"6,10E+12",1,"81,5",M,white,Zipneck band sweater Mason white M,Zipneck band sweater Mason white M,"Deze zipnecksweater combineert voorgekrompen katoen en gerecycled polyester voor duurzaamheid en comfort. Met een stevige ribkraag, ribboorden en een degelijke metalen rits, biedt hij zowel stijl als functionaliteit. Perfect voor dagelijks gebruik en werkkleding.<br/><br/>- Dubbel gestikte naden, gekleurde nektape ter versteviging en 60°C wasbaar.<br/>- Geborstelde fleece aan de binnenkant voor meer draagcomfort, set-in mouwen, brede ribgebreide boorden.<br/>- Metalen rits en de halve maan in de nek.<br/>- Duurzame 280-grams zipneck sweater, vervaardigd uit 70% voorgekrompen katoen en 30% gerecycled polyester. <br/>- Neutraal, enkel maatlabel aanwezig, dus uitermate geschikt voor rebranding. <br/>- Hangtag en polybags met barcode.<br/>- Geschikt voor werk- & casual vrijetijdskleding.<br/>- Beschikbaar van maat XS t/m 4XL.<br/><br/>Ook mogelijk in uw gewenste PMS-kleur aan dezelfde prijs, minimaal 300 stuks door de maten heen.",https://tghimages.nl/B2B_ZBSW_WHITE_FRONT.JPG
B2B-ZBSW,B2B Zipneck band sweater Mason,B2B-ZBSWWH03,1,Back To Basics,,B2B-ZBSWWH03,B2B Zipneck band sweater Mason,"6,10E+12",1,"81,6",L,white,Zipneck band sweater Mason white L,Zipneck band sweater Mason white L,"Deze zipnecksweater combineert voorgekrompen katoen en gerecycled polyester voor duurzaamheid en comfort. Met een stevige ribkraag, ribboorden en een degelijke metalen rits, biedt hij zowel stijl als functionaliteit. Perfect voor dagelijks gebruik en werkkleding.<br/><br/>- Dubbel gestikte naden, gekleurde nektape ter versteviging en 60°C wasbaar.<br/>- Geborstelde fleece aan de binnenkant voor meer draagcomfort, set-in mouwen, brede ribgebreide boorden.<br/>- Metalen rits en de halve maan in de nek.<br/>- Duurzame 280-grams zipneck sweater, vervaardigd uit 70% voorgekrompen katoen en 30% gerecycled polyester. <br/>- Neutraal, enkel maatlabel aanwezig, dus uitermate geschikt voor rebranding. <br/>- Hangtag en polybags met barcode.<br/>- Geschikt voor werk- & casual vrijetijdskleding.<br/>- Beschikbaar van maat XS t/m 4XL.<br/><br/>Ook mogelijk in uw gewenste PMS-kleur aan dezelfde prijs, minimaal 300 stuks door de maten heen.",https://tghimages.nl/B2B_ZBSW_WHITE_FRONT.JPG
B2B-ZBSW,B2B Zipneck band sweater Mason,B2B-ZBSWWH04,1,Back To Basics,,B2B-ZBSWWH04,B2B Zipneck band sweater Mason,"6,10E+12",1,"81,7",XL,white,Zipneck band sweater Mason white XL,Zipneck band sweater Mason white XL,"Deze zipnecksweater combineert voorgekrompen katoen en gerecycled polyester voor duurzaamheid en comfort. Met een stevige ribkraag, ribboorden en een degelijke metalen rits, biedt hij zowel stijl als functionaliteit. Perfect voor dagelijks gebruik en werkkleding.<br/><br/>- Dubbel gestikte naden, gekleurde nektape ter versteviging en 60°C wasbaar.<br/>- Geborstelde fleece aan de binnenkant voor meer draagcomfort, set-in mouwen, brede ribgebreide boorden.<br/>- Metalen rits en de halve maan in de nek.<br/>- Duurzame 280-grams zipneck sweater, vervaardigd uit 70% voorgekrompen katoen en 30% gerecycled polyester. <br/>- Neutraal, enkel maatlabel aanwezig, dus uitermate geschikt voor rebranding. <br/>- Hangtag en polybags met barcode.<br/>- Geschikt voor werk- & casual vrijetijdskleding.<br/>- Beschikbaar van maat XS t/m 4XL.<br/><br/>Ook mogelijk in uw gewenste PMS-kleur aan dezelfde prijs, minimaal 300 stuks door de maten heen.",https://tghimages.nl/B2B_ZBSW_WHITE_FRONT.JPG
B2B-ZBSW,B2B Zipneck band sweater Mason,B2B-ZBSWWH05,1,Back To Basics,,B2B-ZBSWWH05,B2B Zipneck band sweater Mason,"6,10E+12",1,"81,8",XXL,white,Zipneck band sweater Mason white XXL,Zipneck band sweater Mason white XXL,"Deze zipnecksweater combineert voorgekrompen katoen en gerecycled polyester voor duurzaamheid en comfort. Met een stevige ribkraag, ribboorden en een degelijke metalen rits, biedt hij zowel stijl als functionaliteit. Perfect voor dagelijks gebruik en werkkleding.<br/><br/>- Dubbel gestikte naden, gekleurde nektape ter versteviging en 60°C wasbaar.<br/>- Geborstelde fleece aan de binnenkant voor meer draagcomfort, set-in mouwen, brede ribgebreide boorden.<br/>- Metalen rits en de halve maan in de nek.<br/>- Duurzame 280-grams zipneck sweater, vervaardigd uit 70% voorgekrompen katoen en 30% gerecycled polyester. <br/>- Neutraal, enkel maatlabel aanwezig, dus uitermate geschikt voor rebranding. <br/>- Hangtag en polybags met barcode.<br/>- Geschikt voor werk- & casual vrijetijdskleding.<br/>- Beschikbaar van maat XS t/m 4XL.<br/><br/>Ook mogelijk in uw gewenste PMS-kleur aan dezelfde prijs, minimaal 300 stuks door de maten heen.",https://tghimages.nl/B2B_ZBSW_WHITE_FRONT.JPG
B2B-ZBSW,B2B Zipneck band sweater Mason,B2B-ZBSWWH06,1,Back To Basics,,B2B-ZBSWWH06,B2B Zipneck band sweater Mason,"6,10E+12",1,"81,9",3XL,white,Zipneck band sweater Mason white 3XL,Zipneck band sweater Mason white 3XL,"Deze zipnecksweater combineert voorgekrompen katoen en gerecycled polyester voor duurzaamheid en comfort. Met een stevige ribkraag, ribboorden en een degelijke metalen rits, biedt hij zowel stijl als functionaliteit. Perfect voor dagelijks gebruik en werkkleding.<br/><br/>- Dubbel gestikte naden, gekleurde nektape ter versteviging en 60°C wasbaar.<br/>- Geborstelde fleece aan de binnenkant voor meer draagcomfort, set-in mouwen, brede ribgebreide boorden.<br/>- Metalen rits en de halve maan in de nek.<br/>- Duurzame 280-grams zipneck sweater, vervaardigd uit 70% voorgekrompen katoen en 30% gerecycled polyester. <br/>- Neutraal, enkel maatlabel aanwezig, dus uitermate geschikt voor rebranding. <br/>- Hangtag en polybags met barcode.<br/>- Geschikt voor werk- & casual vrijetijdskleding.<br/>- Beschikbaar van maat XS t/m 4XL.<br/><br/>Ook mogelijk in uw gewenste PMS-kleur aan dezelfde prijs, minimaal 300 stuks door de maten heen.",https://tghimages.nl/B2B_ZBSW_WHITE_FRONT.JPG
B2B-ZBSW,B2B Zipneck band sweater Mason,B2B-ZBSWWH07,1,Back To Basics,,B2B-ZBSWWH07,B2B Zipneck band sweater Mason,"6,10E+12",1,82,4XL,white,Zipneck band sweater Mason white 4XL,Zipneck band sweater Mason white 4XL,"Deze zipnecksweater combineert voorgekrompen katoen en gerecycled polyester voor duurzaamheid en comfort. Met een stevige ribkraag, ribboorden en een degelijke metalen rits, biedt hij zowel stijl als functionaliteit. Perfect voor dagelijks gebruik en werkkleding.<br/><br/>- Dubbel gestikte naden, gekleurde nektape ter versteviging en 60°C wasbaar.<br/>- Geborstelde fleece aan de binnenkant voor meer draagcomfort, set-in mouwen, brede ribgebreide boorden.<br/>- Metalen rits en de halve maan in de nek.<br/>- Duurzame 280-grams zipneck sweater, vervaardigd uit 70% voorgekrompen katoen en 30% gerecycled polyester. <br/>- Neutraal, enkel maatlabel aanwezig, dus uitermate geschikt voor rebranding. <br/>- Hangtag en polybags met barcode.<br/>- Geschikt voor werk- & casual vrijetijdskleding.<br/>- Beschikbaar van maat XS t/m 4XL.<br/><br/>Ook mogelijk in uw gewenste PMS-kleur aan dezelfde prijs, minimaal 300 stuks door de maten heen.",https://tghimages.nl/B2B_ZBSW_WHITE_FRONT.JPG
B2B-ZBSW,B2B Zipneck band sweater Mason,B2B-ZBSWWH08,1,Back To Basics,,B2B-ZBSWWH08,B2B Zipneck band sweater Mason,"6,10E+12",1,"82,1",5XL,white,Zipneck band sweater Mason white 5XL,Zipneck band sweater Mason white 5XL,"Deze zipnecksweater combineert voorgekrompen katoen en gerecycled polyester voor duurzaamheid en comfort. Met een stevige ribkraag, ribboorden en een degelijke metalen rits, biedt hij zowel stijl als functionaliteit. Perfect voor dagelijks gebruik en werkkleding.<br/><br/>- Dubbel gestikte naden, gekleurde nektape ter versteviging en 60°C wasbaar.<br/>- Geborstelde fleece aan de binnenkant voor meer draagcomfort, set-in mouwen, brede ribgebreide boorden.<br/>- Metalen rits en de halve maan in de nek.<br/>- Duurzame 280-grams zipneck sweater, vervaardigd uit 70% voorgekrompen katoen en 30% gerecycled polyester. <br/>- Neutraal, enkel maatlabel aanwezig, dus uitermate geschikt voor rebranding. <br/>- Hangtag en polybags met barcode.<br/>- Geschikt voor werk- & casual vrijetijdskleding.<br/>- Beschikbaar van maat XS t/m 4XL.<br/><br/>Ook mogelijk in uw gewenste PMS-kleur aan dezelfde prijs, minimaal 300 stuks door de maten heen.",https://tghimages.nl/B2B_ZBSW_WHITE_FRONT.JPG
B2B-ZBSW,B2B Zipneck band sweater Mason,B2B-ZBSWWH09,1,Back To Basics,,B2B-ZBSWWH09,B2B Zipneck band sweater Mason,"6,10E+12",1,"82,2",6XL,white,Zipneck band sweater Mason white 6XL,Zipneck band sweater Mason white 6XL,"Deze zipnecksweater combineert voorgekrompen katoen en gerecycled polyester voor duurzaamheid en comfort. Met een stevige ribkraag, ribboorden en een degelijke metalen rits, biedt hij zowel stijl als functionaliteit. Perfect voor dagelijks gebruik en werkkleding.<br/><br/>- Dubbel gestikte naden, gekleurde nektape ter versteviging en 60°C wasbaar.<br/>- Geborstelde fleece aan de binnenkant voor meer draagcomfort, set-in mouwen, brede ribgebreide boorden.<br/>- Metalen rits en de halve maan in de nek.<br/>- Duurzame 280-grams zipneck sweater, vervaardigd uit 70% voorgekrompen katoen en 30% gerecycled polyester. <br/>- Neutraal, enkel maatlabel aanwezig, dus uitermate geschikt voor rebranding. <br/>- Hangtag en polybags met barcode.<br/>- Geschikt voor werk- & casual vrijetijdskleding.<br/>- Beschikbaar van maat XS t/m 4XL.<br/><br/>Ook mogelijk in uw gewenste PMS-kleur aan dezelfde prijs, minimaal 300 stuks door de maten heen.",https://tghimages.nl/B2B_ZBSW_WHITE_FRONT.JPG
B2B-ZBSW,B2B Zipneck band sweater Mason,B2B-ZBSWWH10,1,Back To Basics,,B2B-ZBSWWH10,B2B Zipneck band sweater Mason,"6,10E+12",1,"82,3",7XL,white,Zipneck band sweater Mason white 7XL,Zipneck band sweater Mason white 7XL,"Deze zipnecksweater combineert voorgekrompen katoen en gerecycled polyester voor duurzaamheid en comfort. Met een stevige ribkraag, ribboorden en een degelijke metalen rits, biedt hij zowel stijl als functionaliteit. Perfect voor dagelijks gebruik en werkkleding.<br/><br/>- Dubbel gestikte naden, gekleurde nektape ter versteviging en 60°C wasbaar.<br/>- Geborstelde fleece aan de binnenkant voor meer draagcomfort, set-in mouwen, brede ribgebreide boorden.<br/>- Metalen rits en de halve maan in de nek.<br/>- Duurzame 280-grams zipneck sweater, vervaardigd uit 70% voorgekrompen katoen en 30% gerecycled polyester. <br/>- Neutraal, enkel maatlabel aanwezig, dus uitermate geschikt voor rebranding. <br/>- Hangtag en polybags met barcode.<br/>- Geschikt voor werk- & casual vrijetijdskleding.<br/>- Beschikbaar van maat XS t/m 4XL.<br/><br/>Ook mogelijk in uw gewenste PMS-kleur aan dezelfde prijs, minimaal 300 stuks door de maten heen.",https://tghimages.nl/B2B_ZBSW_WHITE_FRONT.JPG
